run_id                          , mode    , width, height, samples, max_depth, extra_objects, object_count, thread_count, bvh, threads, gpu, scene_ms, bvh_ms  , setup_ms, render_ms , total_ms  , thread_launch_ms, gpu_ms  , max_mem_mb, ray_count, is_warmup, iteration, cpu_model , os_name        , compiler                         , hw_threads, timestamp          , status
2026-01-30T18:08:23-fbe5dda4785f, original,   320,    180,      10,        10,             0,           18,            1,   0,       0,   0, 0.033458, 0       , 0.033458,   3469.68 ,   3469.71 ,         0       ,    0    ,    1.98523,   3390004,         1,         0, "Apple M1", "Darwin 25.2.0", "clang 17.0.0 (clang-1700.6.3.2)",          8, 2026-01-30T18:08:26, ok
2026-01-30T18:08:23-fbe5dda4785f, original,   320,    180,      10,        10,             0,           18,            1,   0,       0,   0, 0.011   , 0       , 0.011   ,   3376.26 ,   3376.27 ,         0       ,    0    ,    2.18835,   3387155,         0,         1, "Apple M1", "Darwin 25.2.0", "clang 17.0.0 (clang-1700.6.3.2)",          8, 2026-01-30T18:08:29, ok
2026-01-30T18:08:23-fbe5dda4785f, original,   320,    180,      10,        10,             0,           18,            1,   0,       0,   0, 0.012292, 0       , 0.012292,   3348.36 ,   3348.37 ,         0       ,    0    ,    2.18835,   3388090,         0,         2, "Apple M1", "Darwin 25.2.0", "clang 17.0.0 (clang-1700.6.3.2)",          8, 2026-01-30T18:08:33, ok
2026-01-30T18:08:23-fbe5dda4785f, bvh     ,   320,    180,      10,        10,             0,           18,            1,   1,       0,   0, 0.012209, 0.007042, 0.019251,   1361.61 ,   1361.63 ,         0       ,    0    ,    2.20398,   3388909,         1,         0, "Apple M1", "Darwin 25.2.0", "clang 17.0.0 (clang-1700.6.3.2)",          8, 2026-01-30T18:08:34, ok
2026-01-30T18:08:23-fbe5dda4785f, bvh     ,   320,    180,      10,        10,             0,           18,            1,   1,       0,   0, 0.015416, 0.0065  , 0.021916,   1555.55 ,   1555.57 ,         0       ,    0    ,    2.25085,   3394876,         0,         1, "Apple M1", "Darwin 25.2.0", "clang 17.0.0 (clang-1700.6.3.2)",          8, 2026-01-30T18:08:36, ok
2026-01-30T18:08:23-fbe5dda4785f, bvh     ,   320,    180,      10,        10,             0,           18,            1,   1,       0,   0, 0.009292, 0.004917, 0.014209,   1337.63 ,   1337.65 ,         0       ,    0    ,    2.25085,   3393906,         0,         2, "Apple M1", "Darwin 25.2.0", "clang 17.0.0 (clang-1700.6.3.2)",          8, 2026-01-30T18:08:37, ok
2026-01-30T18:08:23-fbe5dda4785f, bvh-mt  ,   320,    180,      10,        10,             0,           18,            1,   1,       1,   0, 0.015708, 0.00525 , 0.020958,   1361.92 ,   1361.95 ,         0       ,    0    ,    2.26648,   3389452,         1,         0, "Apple M1", "Darwin 25.2.0", "clang 17.0.0 (clang-1700.6.3.2)",          8, 2026-01-30T18:08:38, ok
2026-01-30T18:08:23-fbe5dda4785f, bvh-mt  ,   320,    180,      10,        10,             0,           18,            1,   1,       1,   0, 0.01325 , 0.01075 , 0.024   ,   1353.16 ,   1353.18 ,         0       ,    0    ,    2.2821 ,   3395846,         0,         1, "Apple M1", "Darwin 25.2.0", "clang 17.0.0 (clang-1700.6.3.2)",          8, 2026-01-30T18:08:40, ok
2026-01-30T18:08:23-fbe5dda4785f, bvh-mt  ,   320,    180,      10,        10,             0,           18,            1,   1,       1,   0, 0.013541, 0.004334, 0.017875,   1269.49 ,   1269.51 ,         0       ,    0    ,    2.29773,   3394068,         0,         2, "Apple M1", "Darwin 25.2.0", "clang 17.0.0 (clang-1700.6.3.2)",          8, 2026-01-30T18:08:41, ok
2026-01-30T18:08:23-fbe5dda4785f, gpu     ,   320,    180,      10,        10,             0,           18,            0,   0,       0,   1, 0.008167, 0       , 0.008167,    293.675,    293.683,         0       ,  114.965,    5.42316,    576000,         1,         0, "Apple M1", "Darwin 25.2.0", "clang 17.0.0 (clang-1700.6.3.2)",          8, 2026-01-30T18:08:41, ok
2026-01-30T18:08:23-fbe5dda4785f, gpu     ,   320,    180,      10,        10,             0,           18,            0,   0,       0,   1, 0.013291, 0       , 0.013291,    108.703,    108.716,         0       ,  106.177,    5.51697,    576000,         0,         1, "Apple M1", "Darwin 25.2.0", "clang 17.0.0 (clang-1700.6.3.2)",          8, 2026-01-30T18:08:41, ok
2026-01-30T18:08:23-fbe5dda4785f, gpu     ,   320,    180,      10,        10,             0,           18,            0,   0,       0,   1, 0.0255  , 0       , 0.0255  ,    109.668,    109.693,         0       ,  106.457,    5.62634,    576000,         0,         2, "Apple M1", "Darwin 25.2.0", "clang 17.0.0 (clang-1700.6.3.2)",          8, 2026-01-30T18:08:41, ok
2026-01-30T18:08:23-fbe5dda4785f, original,   320,    180,      10,        10,             0,           18,            2,   0,       0,   0, 0.023833, 0       , 0.023833,   3388.34 ,   3388.37 ,         0       ,    0    ,    5.32947,   3389508,         1,         0, "Apple M1", "Darwin 25.2.0", "clang 17.0.0 (clang-1700.6.3.2)",          8, 2026-01-30T18:08:45, ok
2026-01-30T18:08:23-fbe5dda4785f, original,   320,    180,      10,        10,             0,           18,            2,   0,       0,   0, 0.013333, 0       , 0.013333,   3371.41 ,   3371.42 ,         0       ,    0    ,    5.31384,   3386107,         0,         1, "Apple M1", "Darwin 25.2.0", "clang 17.0.0 (clang-1700.6.3.2)",          8, 2026-01-30T18:08:48, ok
2026-01-30T18:08:23-fbe5dda4785f, original,   320,    180,      10,        10,             0,           18,            2,   0,       0,   0, 0.012584, 0       , 0.012584,   3360.27 ,   3360.29 ,         0       ,    0    ,    5.31384,   3393145,         0,         2, "Apple M1", "Darwin 25.2.0", "clang 17.0.0 (clang-1700.6.3.2)",          8, 2026-01-30T18:08:52, ok
2026-01-30T18:08:23-fbe5dda4785f, bvh     ,   320,    180,      10,        10,             0,           18,            2,   1,       0,   0, 0.021916, 0.026667, 0.048583,   1287.72 ,   1287.77 ,         0       ,    0    ,    5.31384,   3388371,         1,         0, "Apple M1", "Darwin 25.2.0", "clang 17.0.0 (clang-1700.6.3.2)",          8, 2026-01-30T18:08:53, ok
2026-01-30T18:08:23-fbe5dda4785f, bvh     ,   320,    180,      10,        10,             0,           18,            2,   1,       0,   0, 0.014334, 0.005334, 0.019668,   1286.69 ,   1286.71 ,         0       ,    0    ,    5.04822,   3387888,         0,         1, "Apple M1", "Darwin 25.2.0", "clang 17.0.0 (clang-1700.6.3.2)",          8, 2026-01-30T18:08:54, ok
2026-01-30T18:08:23-fbe5dda4785f, bvh     ,   320,    180,      10,        10,             0,           18,            2,   1,       0,   0, 0.008709, 0.004833, 0.013542,   1356.74 ,   1356.75 ,         0       ,    0    ,    5.04822,   3393155,         0,         2, "Apple M1", "Darwin 25.2.0", "clang 17.0.0 (clang-1700.6.3.2)",          8, 2026-01-30T18:08:56, ok
2026-01-30T18:08:23-fbe5dda4785f, bvh-mt  ,   320,    180,      10,        10,             0,           18,            2,   1,       1,   0, 0.009   , 0.00575 , 0.01475 ,    796.911,    796.925,         0.040584,    0    ,    5.06384,   3392574,         1,         0, "Apple M1", "Darwin 25.2.0", "clang 17.0.0 (clang-1700.6.3.2)",          8, 2026-01-30T18:08:56, ok
2026-01-30T18:08:23-fbe5dda4785f, bvh-mt  ,   320,    180,      10,        10,             0,           18,            2,   1,       1,   0, 0.012708, 0.00575 , 0.018458,    849.674,    849.692,         0.030875,    0    ,    5.06384,   3388273,         0,         1, "Apple M1", "Darwin 25.2.0", "clang 17.0.0 (clang-1700.6.3.2)",          8, 2026-01-30T18:08:57, ok
2026-01-30T18:08:23-fbe5dda4785f, bvh-mt  ,   320,    180,      10,        10,             0,           18,            2,   1,       1,   0, 0.011625, 0.013833, 0.025458,    782.226,    782.252,         0.026875,    0    ,    5.07947,   3393674,         0,         2, "Apple M1", "Darwin 25.2.0", "clang 17.0.0 (clang-1700.6.3.2)",          8, 2026-01-30T18:08:58, ok
2026-01-30T18:08:23-fbe5dda4785f, gpu     ,   320,    180,      10,        10,             0,           18,            0,   0,       0,   1, 0.009958, 0       , 0.009958,    121.058,    121.068,         0       ,  117.789,    5.39197,    576000,         1,         0, "Apple M1", "Darwin 25.2.0", "clang 17.0.0 (clang-1700.6.3.2)",          8, 2026-01-30T18:08:58, ok
2026-01-30T18:08:23-fbe5dda4785f, gpu     ,   320,    180,      10,        10,             0,           18,            0,   0,       0,   1, 0.01275 , 0       , 0.01275 ,    111.366,    111.378,         0       ,  106.629,    5.50134,    576000,         0,         1, "Apple M1", "Darwin 25.2.0", "clang 17.0.0 (clang-1700.6.3.2)",          8, 2026-01-30T18:08:58, ok
2026-01-30T18:08:23-fbe5dda4785f, gpu     ,   320,    180,      10,        10,             0,           18,            0,   0,       0,   1, 0.034583, 0       , 0.034583,    110.108,    110.142,         0       ,  106.367,    5.84509,    576000,         0,         2, "Apple M1", "Darwin 25.2.0", "clang 17.0.0 (clang-1700.6.3.2)",          8, 2026-01-30T18:08:58, ok
2026-01-30T18:08:23-fbe5dda4785f, original,   320,    180,      10,        10,             0,           18,            3,   0,       0,   0, 0.082959, 0       , 0.082959,   3392.85 ,   3392.93 ,         0       ,    0    ,    5.57947,   3388142,         1,         0, "Apple M1", "Darwin 25.2.0", "clang 17.0.0 (clang-1700.6.3.2)",          8, 2026-01-30T18:09:02, ok
2026-01-30T18:08:23-fbe5dda4785f, original,   320,    180,      10,        10,             0,           18,            3,   0,       0,   0, 0.012958, 0       , 0.012958,   3348.43 ,   3348.44 ,         0       ,    0    ,    5.57947,   3390741,         0,         1, "Apple M1", "Darwin 25.2.0", "clang 17.0.0 (clang-1700.6.3.2)",          8, 2026-01-30T18:09:05, ok
2026-01-30T18:08:23-fbe5dda4785f, original,   320,    180,      10,        10,             0,           18,            3,   0,       0,   0, 0.011042, 0       , 0.011042,   3372.42 ,   3372.43 ,         0       ,    0    ,    5.57947,   3391269,         0,         2, "Apple M1", "Darwin 25.2.0", "clang 17.0.0 (clang-1700.6.3.2)",          8, 2026-01-30T18:09:08, ok
2026-01-30T18:08:23-fbe5dda4785f, bvh     ,   320,    180,      10,        10,             0,           18,            3,   1,       0,   0, 0.009125, 0.018667, 0.027792,   1273.78 ,   1273.8  ,         0       ,    0    ,    5.57947,   3386755,         1,         0, "Apple M1", "Darwin 25.2.0", "clang 17.0.0 (clang-1700.6.3.2)",          8, 2026-01-30T18:09:10, ok
2026-01-30T18:08:23-fbe5dda4785f, bvh     ,   320,    180,      10,        10,             0,           18,            3,   1,       0,   0, 0.015542, 0.004791, 0.020333,   1261.72 ,   1261.74 ,         0       ,    0    ,    5.57947,   3386658,         0,         1, "Apple M1", "Darwin 25.2.0", "clang 17.0.0 (clang-1700.6.3.2)",          8, 2026-01-30T18:09:11, ok
2026-01-30T18:08:23-fbe5dda4785f, bvh     ,   320,    180,      10,        10,             0,           18,            3,   1,       0,   0, 0.010083, 0.005375, 0.015458,   1273.74 ,   1273.76 ,         0       ,    0    ,    5.57947,   3390162,         0,         2, "Apple M1", "Darwin 25.2.0", "clang 17.0.0 (clang-1700.6.3.2)",          8, 2026-01-30T18:09:12, ok
2026-01-30T18:08:23-fbe5dda4785f, bvh-mt  ,   320,    180,      10,        10,             0,           18,            3,   1,       1,   0, 0.010625, 0.004708, 0.015333,    540.914,    540.93 ,         0.049209,    0    ,    5.57947,   3389102,         1,         0, "Apple M1", "Darwin 25.2.0", "clang 17.0.0 (clang-1700.6.3.2)",          8, 2026-01-30T18:09:13, ok
2026-01-30T18:08:23-fbe5dda4785f, bvh-mt  ,   320,    180,      10,        10,             0,           18,            3,   1,       1,   0, 0.008792, 0.005167, 0.013959,    536.072,    536.086,         0.032417,    0    ,    5.48572,   3393463,         0,         1, "Apple M1", "Darwin 25.2.0", "clang 17.0.0 (clang-1700.6.3.2)",          8, 2026-01-30T18:09:13, ok
2026-01-30T18:08:23-fbe5dda4785f, bvh-mt  ,   320,    180,      10,        10,             0,           18,            3,   1,       1,   0, 0.008792, 0.005375, 0.014167,    566.162,    566.176,         0.031291,    0    ,    5.48572,   3390867,         0,         2, "Apple M1", "Darwin 25.2.0", "clang 17.0.0 (clang-1700.6.3.2)",          8, 2026-01-30T18:09:14, ok
2026-01-30T18:08:23-fbe5dda4785f, gpu     ,   320,    180,      10,        10,             0,           18,            0,   0,       0,   1, 0.009833, 0       , 0.009833,    121.919,    121.928,         0       ,  118.84 ,    5.87634,    576000,         1,         0, "Apple M1", "Darwin 25.2.0", "clang 17.0.0 (clang-1700.6.3.2)",          8, 2026-01-30T18:09:14, ok
2026-01-30T18:08:23-fbe5dda4785f, gpu     ,   320,    180,      10,        10,             0,           18,            0,   0,       0,   1, 0.009542, 0       , 0.009542,    110.73 ,    110.739,         0       ,  106.411,    5.90759,    576000,         0,         1, "Apple M1", "Darwin 25.2.0", "clang 17.0.0 (clang-1700.6.3.2)",          8, 2026-01-30T18:09:14, ok
2026-01-30T18:08:23-fbe5dda4785f, gpu     ,   320,    180,      10,        10,             0,           18,            0,   0,       0,   1, 0.013167, 0       , 0.013167,    109.062,    109.075,         0       ,  106.209,    5.93884,    576000,         0,         2, "Apple M1", "Darwin 25.2.0", "clang 17.0.0 (clang-1700.6.3.2)",          8, 2026-01-30T18:09:14, ok
2026-01-30T18:08:23-fbe5dda4785f, original,   320,    180,      10,        10,             0,           18,            4,   0,       0,   0, 0.0375  , 0       , 0.0375  ,   3394.51 ,   3394.55 ,         0       ,    0    ,    5.67322,   3393748,         1,         0, "Apple M1", "Darwin 25.2.0", "clang 17.0.0 (clang-1700.6.3.2)",          8, 2026-01-30T18:09:18, ok
2026-01-30T18:08:23-fbe5dda4785f, original,   320,    180,      10,        10,             0,           18,            4,   0,       0,   0, 0.008875, 0       , 0.008875,   3362.88 ,   3362.89 ,         0       ,    0    ,    5.67322,   3391036,         0,         1, "Apple M1", "Darwin 25.2.0", "clang 17.0.0 (clang-1700.6.3.2)",          8, 2026-01-30T18:09:21, ok
2026-01-30T18:08:23-fbe5dda4785f, original,   320,    180,      10,        10,             0,           18,            4,   0,       0,   0, 0.008583, 0       , 0.008583,   3340.14 ,   3340.14 ,         0       ,    0    ,    5.40759,   3387381,         0,         2, "Apple M1", "Darwin 25.2.0", "clang 17.0.0 (clang-1700.6.3.2)",          8, 2026-01-30T18:09:24, ok
2026-01-30T18:08:23-fbe5dda4785f, bvh     ,   320,    180,      10,        10,             0,           18,            4,   1,       0,   0, 0.010375, 0.0155  , 0.025875,   1543.25 ,   1543.27 ,         0       ,    0    ,    5.40759,   3393954,         1,         0, "Apple M1", "Darwin 25.2.0", "clang 17.0.0 (clang-1700.6.3.2)",          8, 2026-01-30T18:09:26, ok
2026-01-30T18:08:23-fbe5dda4785f, bvh     ,   320,    180,      10,        10,             0,           18,            4,   1,       0,   0, 0.018833, 0.005   , 0.023833,   1365.81 ,   1365.84 ,         0       ,    0    ,    5.40759,   3398522,         0,         1, "Apple M1", "Darwin 25.2.0", "clang 17.0.0 (clang-1700.6.3.2)",          8, 2026-01-30T18:09:27, ok
2026-01-30T18:08:23-fbe5dda4785f, bvh     ,   320,    180,      10,        10,             0,           18,            4,   1,       0,   0, 0.008083, 0.004459, 0.012542,   1298.75 ,   1298.77 ,         0       ,    0    ,    5.40759,   3394538,         0,         2, "Apple M1", "Darwin 25.2.0", "clang 17.0.0 (clang-1700.6.3.2)",          8, 2026-01-30T18:09:29, ok
2026-01-30T18:08:23-fbe5dda4785f, bvh-mt  ,   320,    180,      10,        10,             0,           18,            4,   1,       1,   0, 0.011708, 0.006916, 0.018624,    516.882,    516.901,         0.06775 ,    0    ,    5.40759,   3391938,         1,         0, "Apple M1", "Darwin 25.2.0", "clang 17.0.0 (clang-1700.6.3.2)",          8, 2026-01-30T18:09:29, ok
2026-01-30T18:08:23-fbe5dda4785f, bvh-mt  ,   320,    180,      10,        10,             0,           18,            4,   1,       1,   0, 0.00875 , 0.005083, 0.013833,    476.059,    476.073,         0.043125,    0    ,    5.40759,   3396056,         0,         1, "Apple M1", "Darwin 25.2.0", "clang 17.0.0 (clang-1700.6.3.2)",          8, 2026-01-30T18:09:29, ok
2026-01-30T18:08:23-fbe5dda4785f, bvh-mt  ,   320,    180,      10,        10,             0,           18,            4,   1,       1,   0, 0.007958, 0.004875, 0.012833,    458.226,    458.239,         0.029458,    0    ,    5.40759,   3387476,         0,         2, "Apple M1", "Darwin 25.2.0", "clang 17.0.0 (clang-1700.6.3.2)",          8, 2026-01-30T18:09:30, ok
2026-01-30T18:08:23-fbe5dda4785f, gpu     ,   320,    180,      10,        10,             0,           18,            0,   0,       0,   1, 0.008292, 0       , 0.008292,    119.723,    119.731,         0       ,  117.526,    5.72009,    576000,         1,         0, "Apple M1", "Darwin 25.2.0", "clang 17.0.0 (clang-1700.6.3.2)",          8, 2026-01-30T18:09:30, ok
2026-01-30T18:08:23-fbe5dda4785f, gpu     ,   320,    180,      10,        10,             0,           18,            0,   0,       0,   1, 0.013833, 0       , 0.013833,    111.718,    111.732,         0       ,  106.364,    5.72009,    576000,         0,         1, "Apple M1", "Darwin 25.2.0", "clang 17.0.0 (clang-1700.6.3.2)",          8, 2026-01-30T18:09:30, ok
2026-01-30T18:08:23-fbe5dda4785f, gpu     ,   320,    180,      10,        10,             0,           18,            0,   0,       0,   1, 0.036167, 0       , 0.036167,    110.039,    110.076,         0       ,  106.417,    6.01697,    576000,         0,         2, "Apple M1", "Darwin 25.2.0", "clang 17.0.0 (clang-1700.6.3.2)",          8, 2026-01-30T18:09:30, ok
2026-01-30T18:08:23-fbe5dda4785f, original,   320,    180,      10,        10,             0,           18,            5,   0,       0,   0, 0.028583, 0       , 0.028583,   3383.27 ,   3383.29 ,         0       ,    0    ,    5.75134,   3389430,         1,         0, "Apple M1", "Darwin 25.2.0", "clang 17.0.0 (clang-1700.6.3.2)",          8, 2026-01-30T18:09:34, ok
2026-01-30T18:08:23-fbe5dda4785f, original,   320,    180,      10,        10,             0,           18,            5,   0,       0,   0, 0.00975 , 0       , 0.00975 ,   3349.43 ,   3349.44 ,         0       ,    0    ,    5.75134,   3390803,         0,         1, "Apple M1", "Darwin 25.2.0", "clang 17.0.0 (clang-1700.6.3.2)",          8, 2026-01-30T18:09:37, ok
2026-01-30T18:08:23-fbe5dda4785f, original,   320,    180,      10,        10,             0,           18,            5,   0,       0,   0, 0.017917, 0       , 0.017917,   3411.25 ,   3411.26 ,         0       ,    0    ,    5.75134,   3392794,         0,         2, "Apple M1", "Darwin 25.2.0", "clang 17.0.0 (clang-1700.6.3.2)",          8, 2026-01-30T18:09:40, ok
2026-01-30T18:08:23-fbe5dda4785f, bvh     ,   320,    180,      10,        10,             0,           18,            5,   1,       0,   0, 0.015167, 0.015   , 0.030167,   1365.89 ,   1365.92 ,         0       ,    0    ,    5.75134,   3396324,         1,         0, "Apple M1", "Darwin 25.2.0", "clang 17.0.0 (clang-1700.6.3.2)",          8, 2026-01-30T18:09:42, ok
2026-01-30T18:08:23-fbe5dda4785f, bvh     ,   320,    180,      10,        10,             0,           18,            5,   1,       0,   0, 0.012375, 0.00475 , 0.017125,   1319.28 ,   1319.3  ,         0       ,    0    ,    5.76697,   3389079,         0,         1, "Apple M1", "Darwin 25.2.0", "clang 17.0.0 (clang-1700.6.3.2)",          8, 2026-01-30T18:09:43, ok
2026-01-30T18:08:23-fbe5dda4785f, bvh     ,   320,    180,      10,        10,             0,           18,            5,   1,       0,   0, 0.008792, 0.004958, 0.01375 ,   1409.76 ,   1409.78 ,         0       ,    0    ,    5.67322,   3385457,         0,         2, "Apple M1", "Darwin 25.2.0", "clang 17.0.0 (clang-1700.6.3.2)",          8, 2026-01-30T18:09:45, ok
2026-01-30T18:08:23-fbe5dda4785f, bvh-mt  ,   320,    180,      10,        10,             0,           18,            5,   1,       1,   0, 0.008416, 0.005209, 0.013625,    439.001,    439.015,         0.064708,    0    ,    5.67322,   3394301,         1,         0, "Apple M1", "Darwin 25.2.0", "clang 17.0.0 (clang-1700.6.3.2)",          8, 2026-01-30T18:09:45, ok
2026-01-30T18:08:23-fbe5dda4785f, bvh-mt  ,   320,    180,      10,        10,             0,           18,            5,   1,       1,   0, 0.008667, 0.004875, 0.013542,    437.642,    437.655,         0.03675 ,    0    ,    5.67322,   3390001,         0,         1, "Apple M1", "Darwin 25.2.0", "clang 17.0.0 (clang-1700.6.3.2)",          8, 2026-01-30T18:09:45, ok
2026-01-30T18:08:23-fbe5dda4785f, bvh-mt  ,   320,    180,      10,        10,             0,           18,            5,   1,       1,   0, 0.006916, 0.004125, 0.011041,    428.78 ,    428.791,         0.036208,    0    ,    5.67322,   3388360,         0,         2, "Apple M1", "Darwin 25.2.0", "clang 17.0.0 (clang-1700.6.3.2)",          8, 2026-01-30T18:09:46, ok
2026-01-30T18:08:23-fbe5dda4785f, gpu     ,   320,    180,      10,        10,             0,           18,            0,   0,       0,   1, 0.007208, 0       , 0.007208,    120.856,    120.863,         0       ,  118.619,    6.03259,    576000,         1,         0, "Apple M1", "Darwin 25.2.0", "clang 17.0.0 (clang-1700.6.3.2)",          8, 2026-01-30T18:09:46, ok
2026-01-30T18:08:23-fbe5dda4785f, gpu     ,   320,    180,      10,        10,             0,           18,            0,   0,       0,   1, 0.0105  , 0       , 0.0105  ,    108.105,    108.115,         0       ,  106.001,    6.03259,    576000,         0,         1, "Apple M1", "Darwin 25.2.0", "clang 17.0.0 (clang-1700.6.3.2)",          8, 2026-01-30T18:09:46, ok
2026-01-30T18:08:23-fbe5dda4785f, gpu     ,   320,    180,      10,        10,             0,           18,            0,   0,       0,   1, 0.017375, 0       , 0.017375,    109.278,    109.295,         0       ,  106.134,    6.03259,    576000,         0,         2, "Apple M1", "Darwin 25.2.0", "clang 17.0.0 (clang-1700.6.3.2)",          8, 2026-01-30T18:09:46, ok
2026-01-30T18:08:23-fbe5dda4785f, original,   320,    180,      10,        10,             0,           18,            6,   0,       0,   0, 0.043917, 0       , 0.043917,   3408.85 ,   3408.89 ,         0       ,    0    ,    5.76697,   3393009,         1,         0, "Apple M1", "Darwin 25.2.0", "clang 17.0.0 (clang-1700.6.3.2)",          8, 2026-01-30T18:09:50, ok
2026-01-30T18:08:23-fbe5dda4785f, original,   320,    180,      10,        10,             0,           18,            6,   0,       0,   0, 0.009333, 0       , 0.009333,   3341.3  ,   3341.31 ,         0       ,    0    ,    5.76697,   3387673,         0,         1, "Apple M1", "Darwin 25.2.0", "clang 17.0.0 (clang-1700.6.3.2)",          8, 2026-01-30T18:09:53, ok
2026-01-30T18:08:23-fbe5dda4785f, original,   320,    180,      10,        10,             0,           18,            6,   0,       0,   0, 0.01075 , 0       , 0.01075 ,   3347.45 ,   3347.46 ,         0       ,    0    ,    5.50134,   3389707,         0,         2, "Apple M1", "Darwin 25.2.0", "clang 17.0.0 (clang-1700.6.3.2)",          8, 2026-01-30T18:09:56, ok
2026-01-30T18:08:23-fbe5dda4785f, bvh     ,   320,    180,      10,        10,             0,           18,            6,   1,       0,   0, 0.012541, 0.010042, 0.022583,   1335.18 ,   1335.21 ,         0       ,    0    ,    5.50134,   3388682,         1,         0, "Apple M1", "Darwin 25.2.0", "clang 17.0.0 (clang-1700.6.3.2)",          8, 2026-01-30T18:09:58, ok
2026-01-30T18:08:23-fbe5dda4785f, bvh     ,   320,    180,      10,        10,             0,           18,            6,   1,       0,   0, 0.008667, 0.00475 , 0.013417,   1377.81 ,   1377.82 ,         0       ,    0    ,    5.50134,   3388675,         0,         1, "Apple M1", "Darwin 25.2.0", "clang 17.0.0 (clang-1700.6.3.2)",          8, 2026-01-30T18:09:59, ok
2026-01-30T18:08:23-fbe5dda4785f, bvh     ,   320,    180,      10,        10,             0,           18,            6,   1,       0,   0, 0.007542, 0.004791, 0.012333,   1466.78 ,   1466.79 ,         0       ,    0    ,    5.50134,   3390111,         0,         2, "Apple M1", "Darwin 25.2.0", "clang 17.0.0 (clang-1700.6.3.2)",          8, 2026-01-30T18:10:00, ok
2026-01-30T18:08:23-fbe5dda4785f, bvh-mt  ,   320,    180,      10,        10,             0,           18,            6,   1,       1,   0, 0.022917, 0.005458, 0.028375,    390.047,    390.075,         0.07475 ,    0    ,    5.51697,   3392381,         1,         0, "Apple M1", "Darwin 25.2.0", "clang 17.0.0 (clang-1700.6.3.2)",          8, 2026-01-30T18:10:01, ok
2026-01-30T18:08:23-fbe5dda4785f, bvh-mt  ,   320,    180,      10,        10,             0,           18,            6,   1,       1,   0, 0.009541, 0.004292, 0.013833,    409.885,    409.899,         0.048333,    0    ,    5.51697,   3392077,         0,         1, "Apple M1", "Darwin 25.2.0", "clang 17.0.0 (clang-1700.6.3.2)",          8, 2026-01-30T18:10:01, ok
2026-01-30T18:08:23-fbe5dda4785f, bvh-mt  ,   320,    180,      10,        10,             0,           18,            6,   1,       1,   0, 0.008083, 0.005   , 0.013083,    460.8  ,    460.813,         0.048125,    0    ,    5.51697,   3392249,         0,         2, "Apple M1", "Darwin 25.2.0", "clang 17.0.0 (clang-1700.6.3.2)",          8, 2026-01-30T18:10:02, ok
2026-01-30T18:08:23-fbe5dda4785f, gpu     ,   320,    180,      10,        10,             0,           18,            0,   0,       0,   1, 0.008208, 0       , 0.008208,    125.302,    125.311,         0       ,  123.035,    5.78259,    576000,         1,         0, "Apple M1", "Darwin 25.2.0", "clang 17.0.0 (clang-1700.6.3.2)",          8, 2026-01-30T18:10:02, ok
2026-01-30T18:08:23-fbe5dda4785f, gpu     ,   320,    180,      10,        10,             0,           18,            0,   0,       0,   1, 0.013292, 0       , 0.013292,    119.919,    119.933,         0       ,  117.223,    5.78259,    576000,         0,         1, "Apple M1", "Darwin 25.2.0", "clang 17.0.0 (clang-1700.6.3.2)",          8, 2026-01-30T18:10:02, ok
2026-01-30T18:08:23-fbe5dda4785f, gpu     ,   320,    180,      10,        10,             0,           18,            0,   0,       0,   1, 0.027833, 0       , 0.027833,    127.009,    127.037,         0       ,  117.823,    6.04822,    576000,         0,         2, "Apple M1", "Darwin 25.2.0", "clang 17.0.0 (clang-1700.6.3.2)",          8, 2026-01-30T18:10:02, ok
2026-01-30T18:08:23-fbe5dda4785f, original,   320,    180,      10,        10,             0,           18,            7,   0,       0,   0, 0.034334, 0       , 0.034334,   3390.63 ,   3390.66 ,         0       ,    0    ,    5.78259,   3390899,         1,         0, "Apple M1", "Darwin 25.2.0", "clang 17.0.0 (clang-1700.6.3.2)",          8, 2026-01-30T18:10:05, ok
2026-01-30T18:08:23-fbe5dda4785f, original,   320,    180,      10,        10,             0,           18,            7,   0,       0,   0, 0.011291, 0       , 0.011291,   3378.08 ,   3378.09 ,         0       ,    0    ,    5.78259,   3387146,         0,         1, "Apple M1", "Darwin 25.2.0", "clang 17.0.0 (clang-1700.6.3.2)",          8, 2026-01-30T18:10:09, ok
2026-01-30T18:08:23-fbe5dda4785f, original,   320,    180,      10,        10,             0,           18,            7,   0,       0,   0, 0.011125, 0       , 0.011125,   3384.46 ,   3384.47 ,         0       ,    0    ,    5.78259,   3388687,         0,         2, "Apple M1", "Darwin 25.2.0", "clang 17.0.0 (clang-1700.6.3.2)",          8, 2026-01-30T18:10:12, ok
2026-01-30T18:08:23-fbe5dda4785f, bvh     ,   320,    180,      10,        10,             0,           18,            7,   1,       0,   0, 0.020958, 0.019708, 0.040666,   1344.5  ,   1344.54 ,         0       ,    0    ,    5.68884,   3389682,         1,         0, "Apple M1", "Darwin 25.2.0", "clang 17.0.0 (clang-1700.6.3.2)",          8, 2026-01-30T18:10:14, ok
2026-01-30T18:08:23-fbe5dda4785f, bvh     ,   320,    180,      10,        10,             0,           18,            7,   1,       0,   0, 0.011125, 0.004958, 0.016083,   1577.56 ,   1577.58 ,         0       ,    0    ,    5.68884,   3389997,         0,         1, "Apple M1", "Darwin 25.2.0", "clang 17.0.0 (clang-1700.6.3.2)",          8, 2026-01-30T18:10:15, ok
2026-01-30T18:08:23-fbe5dda4785f, bvh     ,   320,    180,      10,        10,             0,           18,            7,   1,       0,   0, 0.008167, 0.005083, 0.01325 ,   1396.06 ,   1396.08 ,         0       ,    0    ,    5.68884,   3390768,         0,         2, "Apple M1", "Darwin 25.2.0", "clang 17.0.0 (clang-1700.6.3.2)",          8, 2026-01-30T18:10:17, ok
2026-01-30T18:08:23-fbe5dda4785f, bvh-mt  ,   320,    180,      10,        10,             0,           18,            7,   1,       1,   0, 0.009458, 0.005625, 0.015083,    414.927,    414.942,         0.124958,    0    ,    5.68884,   3392230,         1,         0, "Apple M1", "Darwin 25.2.0", "clang 17.0.0 (clang-1700.6.3.2)",          8, 2026-01-30T18:10:17, ok
2026-01-30T18:08:23-fbe5dda4785f, bvh-mt  ,   320,    180,      10,        10,             0,           18,            7,   1,       1,   0, 0.008792, 0.004625, 0.013417,    430.495,    430.508,         0.0485  ,    0    ,    5.68884,   3391601,         0,         1, "Apple M1", "Darwin 25.2.0", "clang 17.0.0 (clang-1700.6.3.2)",          8, 2026-01-30T18:10:17, ok
2026-01-30T18:08:23-fbe5dda4785f, bvh-mt  ,   320,    180,      10,        10,             0,           18,            7,   1,       1,   0, 0.007709, 0.004583, 0.012292,    421.714,    421.727,         0.055   ,    0    ,    5.68884,   3391630,         0,         2, "Apple M1", "Darwin 25.2.0", "clang 17.0.0 (clang-1700.6.3.2)",          8, 2026-01-30T18:10:18, ok
2026-01-30T18:08:23-fbe5dda4785f, gpu     ,   320,    180,      10,        10,             0,           18,            0,   0,       0,   1, 0.008208, 0       , 0.008208,    120.32 ,    120.328,         0       ,  117.885,    6.06384,    576000,         1,         0, "Apple M1", "Darwin 25.2.0", "clang 17.0.0 (clang-1700.6.3.2)",          8, 2026-01-30T18:10:18, ok
2026-01-30T18:08:23-fbe5dda4785f, gpu     ,   320,    180,      10,        10,             0,           18,            0,   0,       0,   1, 0.011416, 0       , 0.011416,    108.193,    108.205,         0       ,  106.15 ,    6.06384,    576000,         0,         1, "Apple M1", "Darwin 25.2.0", "clang 17.0.0 (clang-1700.6.3.2)",          8, 2026-01-30T18:10:18, ok
2026-01-30T18:08:23-fbe5dda4785f, gpu     ,   320,    180,      10,        10,             0,           18,            0,   0,       0,   1, 0.021625, 0       , 0.021625,    109.693,    109.714,         0       ,  106.356,    6.06384,    576000,         0,         2, "Apple M1", "Darwin 25.2.0", "clang 17.0.0 (clang-1700.6.3.2)",          8, 2026-01-30T18:10:18, ok
2026-01-30T18:08:23-fbe5dda4785f, original,   320,    180,      10,        10,             0,           18,            8,   0,       0,   0, 0.031417, 0       , 0.031417,   3406.82 ,   3406.85 ,         0       ,    0    ,    5.79822,   3393115,         1,         0, "Apple M1", "Darwin 25.2.0", "clang 17.0.0 (clang-1700.6.3.2)",          8, 2026-01-30T18:10:22, ok
2026-01-30T18:08:23-fbe5dda4785f, original,   320,    180,      10,        10,             0,           18,            8,   0,       0,   0, 0.014667, 0       , 0.014667,   3439.88 ,   3439.89 ,         0       ,    0    ,    5.53259,   3391503,         0,         1, "Apple M1", "Darwin 25.2.0", "clang 17.0.0 (clang-1700.6.3.2)",          8, 2026-01-30T18:10:25, ok
2026-01-30T18:08:23-fbe5dda4785f, original,   320,    180,      10,        10,             0,           18,            8,   0,       0,   0, 0.029083, 0       , 0.029083,   3380.71 ,   3380.74 ,         0       ,    0    ,    5.53259,   3392151,         0,         2, "Apple M1", "Darwin 25.2.0", "clang 17.0.0 (clang-1700.6.3.2)",          8, 2026-01-30T18:10:28, ok
2026-01-30T18:08:23-fbe5dda4785f, bvh     ,   320,    180,      10,        10,             0,           18,            8,   1,       0,   0, 0.023583, 0.020959, 0.044542,   1286.02 ,   1286.07 ,         0       ,    0    ,    5.53259,   3387144,         1,         0, "Apple M1", "Darwin 25.2.0", "clang 17.0.0 (clang-1700.6.3.2)",          8, 2026-01-30T18:10:30, ok
2026-01-30T18:08:23-fbe5dda4785f, bvh     ,   320,    180,      10,        10,             0,           18,            8,   1,       0,   0, 0.009916, 0.0055  , 0.015416,   1607.08 ,   1607.1  ,         0       ,    0    ,    5.53259,   3393192,         0,         1, "Apple M1", "Darwin 25.2.0", "clang 17.0.0 (clang-1700.6.3.2)",          8, 2026-01-30T18:10:31, ok
2026-01-30T18:08:23-fbe5dda4785f, bvh     ,   320,    180,      10,        10,             0,           18,            8,   1,       0,   0, 0.020208, 0.004917, 0.025125,   1286.96 ,   1286.98 ,         0       ,    0    ,    5.53259,   3388283,         0,         2, "Apple M1", "Darwin 25.2.0", "clang 17.0.0 (clang-1700.6.3.2)",          8, 2026-01-30T18:10:33, ok
2026-01-30T18:08:23-fbe5dda4785f, bvh-mt  ,   320,    180,      10,        10,             0,           18,            8,   1,       1,   0, 0.009041, 0.005625, 0.014666,    382.325,    382.34 ,         0.215917,    0    ,    5.53259,   3384887,         1,         0, "Apple M1", "Darwin 25.2.0", "clang 17.0.0 (clang-1700.6.3.2)",          8, 2026-01-30T18:10:33, ok
2026-01-30T18:08:23-fbe5dda4785f, bvh-mt  ,   320,    180,      10,        10,             0,           18,            8,   1,       1,   0, 0.008667, 0.004417, 0.013084,    395.416,    395.429,         0.062708,    0    ,    5.53259,   3389742,         0,         1, "Apple M1", "Darwin 25.2.0", "clang 17.0.0 (clang-1700.6.3.2)",          8, 2026-01-30T18:10:33, ok
2026-01-30T18:08:23-fbe5dda4785f, bvh-mt  ,   320,    180,      10,        10,             0,           18,            8,   1,       1,   0, 0.007625, 0.0045  , 0.012125,    383.572,    383.584,         0.060209,    0    ,    5.53259,   3390165,         0,         2, "Apple M1", "Darwin 25.2.0", "clang 17.0.0 (clang-1700.6.3.2)",          8, 2026-01-30T18:10:34, ok
2026-01-30T18:08:23-fbe5dda4785f, gpu     ,   320,    180,      10,        10,             0,           18,            0,   0,       0,   1, 0.008625, 0       , 0.008625,    120.985,    120.994,         0       ,  118.813,    5.79822,    576000,         1,         0, "Apple M1", "Darwin 25.2.0", "clang 17.0.0 (clang-1700.6.3.2)",          8, 2026-01-30T18:10:34, ok
2026-01-30T18:08:23-fbe5dda4785f, gpu     ,   320,    180,      10,        10,             0,           18,            0,   0,       0,   1, 0.014   , 0       , 0.014   ,    109.9  ,    109.914,         0       ,  107.176,    5.79822,    576000,         0,         1, "Apple M1", "Darwin 25.2.0", "clang 17.0.0 (clang-1700.6.3.2)",          8, 2026-01-30T18:10:34, ok
2026-01-30T18:08:23-fbe5dda4785f, gpu     ,   320,    180,      10,        10,             0,           18,            0,   0,       0,   1, 0.024709, 0       , 0.024709,    110.066,    110.091,         0       ,  106.457,    6.06384,    576000,         0,         2, "Apple M1", "Darwin 25.2.0", "clang 17.0.0 (clang-1700.6.3.2)",          8, 2026-01-30T18:10:34, ok
2026-01-30T18:08:23-fbe5dda4785f, original,   320,    180,      10,        10,           100,          118,            1,   0,       0,   0, 0.089333, 0       , 0.089333,   6736.75 ,   6736.84 ,         0       ,    0    ,    5.79822,   3464363,         1,         0, "Apple M1", "Darwin 25.2.0", "clang 17.0.0 (clang-1700.6.3.2)",          8, 2026-01-30T18:10:41, ok
2026-01-30T18:08:23-fbe5dda4785f, original,   320,    180,      10,        10,           100,          118,            1,   0,       0,   0, 0.033875, 0       , 0.033875,   6634.79 ,   6634.83 ,         0       ,    0    ,    5.79822,   3463479,         0,         1, "Apple M1", "Darwin 25.2.0", "clang 17.0.0 (clang-1700.6.3.2)",          8, 2026-01-30T18:10:47, ok
2026-01-30T18:08:23-fbe5dda4785f, original,   320,    180,      10,        10,           100,          118,            1,   0,       0,   0, 0.025084, 0       , 0.025084,   6655.55 ,   6655.57 ,         0       ,    0    ,    5.70447,   3463109,         0,         2, "Apple M1", "Darwin 25.2.0", "clang 17.0.0 (clang-1700.6.3.2)",          8, 2026-01-30T18:10:54, ok
2026-01-30T18:08:23-fbe5dda4785f, bvh     ,   320,    180,      10,        10,           100,          118,            1,   1,       0,   0, 0.02675 , 0.043208, 0.069958,   2445.07 ,   2445.14 ,         0       ,    0    ,    5.72009,   3464348,         1,         0, "Apple M1", "Darwin 25.2.0", "clang 17.0.0 (clang-1700.6.3.2)",          8, 2026-01-30T18:10:57, ok
2026-01-30T18:08:23-fbe5dda4785f, bvh     ,   320,    180,      10,        10,           100,          118,            1,   1,       0,   0, 0.015458, 0.037334, 0.052792,   2342.31 ,   2342.36 ,         0       ,    0    ,    5.72009,   3461623,         0,         1, "Apple M1", "Darwin 25.2.0", "clang 17.0.0 (clang-1700.6.3.2)",          8, 2026-01-30T18:10:59, ok
2026-01-30T18:08:23-fbe5dda4785f, bvh     ,   320,    180,      10,        10,           100,          118,            1,   1,       0,   0, 0.019833, 0.043583, 0.063416,   2533.59 ,   2533.66 ,         0       ,    0    ,    5.72009,   3460700,         0,         2, "Apple M1", "Darwin 25.2.0", "clang 17.0.0 (clang-1700.6.3.2)",          8, 2026-01-30T18:11:01, ok
2026-01-30T18:08:23-fbe5dda4785f, bvh-mt  ,   320,    180,      10,        10,           100,          118,            1,   1,       1,   0, 0.016333, 0.035833, 0.052166,   2284.92 ,   2284.97 ,         0       ,    0    ,    5.45447,   3463032,         1,         0, "Apple M1", "Darwin 25.2.0", "clang 17.0.0 (clang-1700.6.3.2)",          8, 2026-01-30T18:11:04, ok
2026-01-30T18:08:23-fbe5dda4785f, bvh-mt  ,   320,    180,      10,        10,           100,          118,            1,   1,       1,   0, 0.012584, 0.045209, 0.057793,   2061.51 ,   2061.57 ,         0       ,    0    ,    5.45447,   3463463,         0,         1, "Apple M1", "Darwin 25.2.0", "clang 17.0.0 (clang-1700.6.3.2)",          8, 2026-01-30T18:11:06, ok
2026-01-30T18:08:23-fbe5dda4785f, bvh-mt  ,   320,    180,      10,        10,           100,          118,            1,   1,       1,   0, 0.013833, 0.041458, 0.055291,   2547.23 ,   2547.28 ,         0       ,    0    ,    5.45447,   3460204,         0,         2, "Apple M1", "Darwin 25.2.0", "clang 17.0.0 (clang-1700.6.3.2)",          8, 2026-01-30T18:11:08, ok
2026-01-30T18:08:23-fbe5dda4785f, gpu     ,   320,    180,      10,        10,           100,          118,            0,   0,       0,   1, 0.019   , 0       , 0.019   ,    226.375,    226.394,         0       ,  223.231,    5.82947,    576000,         1,         0, "Apple M1", "Darwin 25.2.0", "clang 17.0.0 (clang-1700.6.3.2)",          8, 2026-01-30T18:11:09, ok
2026-01-30T18:08:23-fbe5dda4785f, gpu     ,   320,    180,      10,        10,           100,          118,            0,   0,       0,   1, 0.038875, 0       , 0.038875,    212.844,    212.883,         0       ,  209.336,    6.09509,    576000,         0,         1, "Apple M1", "Darwin 25.2.0", "clang 17.0.0 (clang-1700.6.3.2)",          8, 2026-01-30T18:11:09, ok
2026-01-30T18:08:23-fbe5dda4785f, gpu     ,   320,    180,      10,        10,           100,          118,            0,   0,       0,   1, 0.059042, 0       , 0.059042,    218.042,    218.101,         0       ,  214.497,    6.09509,    576000,         0,         2, "Apple M1", "Darwin 25.2.0", "clang 17.0.0 (clang-1700.6.3.2)",          8, 2026-01-30T18:11:09, ok
2026-01-30T18:08:23-fbe5dda4785f, original,   320,    180,      10,        10,           100,          118,            2,   0,       0,   0, 0.064584, 0       , 0.064584,   6661.75 ,   6661.82 ,         0       ,    0    ,    5.82947,   3459345,         1,         0, "Apple M1", "Darwin 25.2.0", "clang 17.0.0 (clang-1700.6.3.2)",          8, 2026-01-30T18:11:16, ok
2026-01-30T18:08:23-fbe5dda4785f, original,   320,    180,      10,        10,           100,          118,            2,   0,       0,   0, 0.017666, 0       , 0.017666,   6698.97 ,   6698.99 ,         0       ,    0    ,    5.82947,   3460251,         0,         1, "Apple M1", "Darwin 25.2.0", "clang 17.0.0 (clang-1700.6.3.2)",          8, 2026-01-30T18:11:22, ok
2026-01-30T18:08:23-fbe5dda4785f, original,   320,    180,      10,        10,           100,          118,            2,   0,       0,   0, 0.043041, 0       , 0.043041,   6689.69 ,   6689.74 ,         0       ,    0    ,    5.73572,   3460446,         0,         2, "Apple M1", "Darwin 25.2.0", "clang 17.0.0 (clang-1700.6.3.2)",          8, 2026-01-30T18:11:29, ok
2026-01-30T18:08:23-fbe5dda4785f, bvh     ,   320,    180,      10,        10,           100,          118,            2,   1,       0,   0, 0.024917, 0.048458, 0.073375,   2390.66 ,   2390.73 ,         0       ,    0    ,    5.73572,   3456810,         1,         0, "Apple M1", "Darwin 25.2.0", "clang 17.0.0 (clang-1700.6.3.2)",          8, 2026-01-30T18:11:31, ok
2026-01-30T18:08:23-fbe5dda4785f, bvh     ,   320,    180,      10,        10,           100,          118,            2,   1,       0,   0, 0.012375, 0.032958, 0.045333,   2396.87 ,   2396.91 ,         0       ,    0    ,    5.47009,   3460932,         0,         1, "Apple M1", "Darwin 25.2.0", "clang 17.0.0 (clang-1700.6.3.2)",          8, 2026-01-30T18:11:34, ok
2026-01-30T18:08:23-fbe5dda4785f, bvh     ,   320,    180,      10,        10,           100,          118,            2,   1,       0,   0, 0.0155  , 0.046958, 0.062458,   2052.42 ,   2052.48 ,         0       ,    0    ,    5.47009,   3462896,         0,         2, "Apple M1", "Darwin 25.2.0", "clang 17.0.0 (clang-1700.6.3.2)",          8, 2026-01-30T18:11:36, ok
2026-01-30T18:08:23-fbe5dda4785f, bvh-mt  ,   320,    180,      10,        10,           100,          118,            2,   1,       1,   0, 0.012333, 0.04125 , 0.053583,   1190.85 ,   1190.9  ,         0.047333,    0    ,    5.47009,   3469559,         1,         0, "Apple M1", "Darwin 25.2.0", "clang 17.0.0 (clang-1700.6.3.2)",          8, 2026-01-30T18:11:37, ok
2026-01-30T18:08:23-fbe5dda4785f, bvh-mt  ,   320,    180,      10,        10,           100,          118,            2,   1,       1,   0, 0.021166, 0.037417, 0.058583,   1329.73 ,   1329.79 ,         0.020709,    0    ,    5.47009,   3460418,         0,         1, "Apple M1", "Darwin 25.2.0", "clang 17.0.0 (clang-1700.6.3.2)",          8, 2026-01-30T18:11:38, ok
2026-01-30T18:08:23-fbe5dda4785f, bvh-mt  ,   320,    180,      10,        10,           100,          118,            2,   1,       1,   0, 0.016958, 0.041417, 0.058375,   1049.96 ,   1050.01 ,         0.029125,    0    ,    5.47009,   3469185,         0,         2, "Apple M1", "Darwin 25.2.0", "clang 17.0.0 (clang-1700.6.3.2)",          8, 2026-01-30T18:11:39, ok
2026-01-30T18:08:23-fbe5dda4785f, gpu     ,   320,    180,      10,        10,           100,          118,            0,   0,       0,   1, 0.012375, 0       , 0.012375,    223.131,    223.143,         0       ,  220.635,    5.84509,    576000,         1,         0, "Apple M1", "Darwin 25.2.0", "clang 17.0.0 (clang-1700.6.3.2)",          8, 2026-01-30T18:11:40, ok
2026-01-30T18:08:23-fbe5dda4785f, gpu     ,   320,    180,      10,        10,           100,          118,            0,   0,       0,   1, 0.022959, 0       , 0.022959,    212.808,    212.83 ,         0       ,  210.178,    5.84509,    576000,         0,         1, "Apple M1", "Darwin 25.2.0", "clang 17.0.0 (clang-1700.6.3.2)",          8, 2026-01-30T18:11:40, ok
2026-01-30T18:08:23-fbe5dda4785f, gpu     ,   320,    180,      10,        10,           100,          118,            0,   0,       0,   1, 0.048167, 0       , 0.048167,    216.201,    216.249,         0       ,  212.925,    6.11072,    576000,         0,         2, "Apple M1", "Darwin 25.2.0", "clang 17.0.0 (clang-1700.6.3.2)",          8, 2026-01-30T18:11:40, ok
2026-01-30T18:08:23-fbe5dda4785f, original,   320,    180,      10,        10,           100,          118,            3,   0,       0,   0, 0.0335  , 0       , 0.0335  ,   6701.2  ,   6701.23 ,         0       ,    0    ,    5.84509,   3464946,         1,         0, "Apple M1", "Darwin 25.2.0", "clang 17.0.0 (clang-1700.6.3.2)",          8, 2026-01-30T18:11:47, ok
2026-01-30T18:08:23-fbe5dda4785f, original,   320,    180,      10,        10,           100,          118,            3,   0,       0,   0, 0.026542, 0       , 0.026542,   6675.47 ,   6675.5  ,         0       ,    0    ,    5.57947,   3461605,         0,         1, "Apple M1", "Darwin 25.2.0", "clang 17.0.0 (clang-1700.6.3.2)",          8, 2026-01-30T18:11:54, ok
2026-01-30T18:08:23-fbe5dda4785f, original,   320,    180,      10,        10,           100,          118,            3,   0,       0,   0, 0.018583, 0       , 0.018583,   6659.68 ,   6659.7  ,         0       ,    0    ,    5.57947,   3463372,         0,         2, "Apple M1", "Darwin 25.2.0", "clang 17.0.0 (clang-1700.6.3.2)",          8, 2026-01-30T18:12:00, ok
2026-01-30T18:08:23-fbe5dda4785f, bvh     ,   320,    180,      10,        10,           100,          118,            3,   1,       0,   0, 0.029583, 0.0545  , 0.084083,   2137.22 ,   2137.3  ,         0       ,    0    ,    5.57947,   3461900,         1,         0, "Apple M1", "Darwin 25.2.0", "clang 17.0.0 (clang-1700.6.3.2)",          8, 2026-01-30T18:12:02, ok
2026-01-30T18:08:23-fbe5dda4785f, bvh     ,   320,    180,      10,        10,           100,          118,            3,   1,       0,   0, 0.014375, 0.047542, 0.061917,   2074.59 ,   2074.66 ,         0       ,    0    ,    5.57947,   3460943,         0,         1, "Apple M1", "Darwin 25.2.0", "clang 17.0.0 (clang-1700.6.3.2)",          8, 2026-01-30T18:12:04, ok
2026-01-30T18:08:23-fbe5dda4785f, bvh     ,   320,    180,      10,        10,           100,          118,            3,   1,       0,   0, 0.016334, 0.036125, 0.052459,   1913.71 ,   1913.76 ,         0       ,    0    ,    5.57947,   3462058,         0,         2, "Apple M1", "Darwin 25.2.0", "clang 17.0.0 (clang-1700.6.3.2)",          8, 2026-01-30T18:12:06, ok
2026-01-30T18:08:23-fbe5dda4785f, bvh-mt  ,   320,    180,      10,        10,           100,          118,            3,   1,       1,   0, 0.0135  , 0.044333, 0.057833,    824.076,    824.134,         0.051958,    0    ,    5.57947,   3462310,         1,         0, "Apple M1", "Darwin 25.2.0", "clang 17.0.0 (clang-1700.6.3.2)",          8, 2026-01-30T18:12:07, ok
2026-01-30T18:08:23-fbe5dda4785f, bvh-mt  ,   320,    180,      10,        10,           100,          118,            3,   1,       1,   0, 0.012666, 0.041375, 0.054041,    868.898,    868.952,         0.029417,    0    ,    5.57947,   3459098,         0,         1, "Apple M1", "Darwin 25.2.0", "clang 17.0.0 (clang-1700.6.3.2)",          8, 2026-01-30T18:12:08, ok
2026-01-30T18:08:23-fbe5dda4785f, bvh-mt  ,   320,    180,      10,        10,           100,          118,            3,   1,       1,   0, 0.011583, 0.0455  , 0.057083,    840.734,    840.791,         0.0295  ,    0    ,    5.57947,   3461705,         0,         2, "Apple M1", "Darwin 25.2.0", "clang 17.0.0 (clang-1700.6.3.2)",          8, 2026-01-30T18:12:09, ok
2026-01-30T18:08:23-fbe5dda4785f, gpu     ,   320,    180,      10,        10,           100,          118,            0,   0,       0,   1, 0.011916, 0       , 0.011916,    227.286,    227.298,         0       ,  222.159,    5.84509,    576000,         1,         0, "Apple M1", "Darwin 25.2.0", "clang 17.0.0 (clang-1700.6.3.2)",          8, 2026-01-30T18:12:09, ok
2026-01-30T18:08:23-fbe5dda4785f, gpu     ,   320,    180,      10,        10,           100,          118,            0,   0,       0,   1, 0.065291, 0       , 0.065291,    212.787,    212.852,         0       ,  209.457,    6.11072,    576000,         0,         1, "Apple M1", "Darwin 25.2.0", "clang 17.0.0 (clang-1700.6.3.2)",          8, 2026-01-30T18:12:09, ok
2026-01-30T18:08:23-fbe5dda4785f, gpu     ,   320,    180,      10,        10,           100,          118,            0,   0,       0,   1, 0.05925 , 0       , 0.05925 ,    217.753,    217.812,         0       ,  214.327,    6.11072,    576000,         0,         2, "Apple M1", "Darwin 25.2.0", "clang 17.0.0 (clang-1700.6.3.2)",          8, 2026-01-30T18:12:09, ok
2026-01-30T18:08:23-fbe5dda4785f, original,   320,    180,      10,        10,           100,          118,            4,   0,       0,   0, 0.0385  , 0       , 0.0385  ,   6702.17 ,   6702.21 ,         0       ,    0    ,    5.84509,   3461428,         1,         0, "Apple M1", "Darwin 25.2.0", "clang 17.0.0 (clang-1700.6.3.2)",          8, 2026-01-30T18:12:16, ok
2026-01-30T18:08:23-fbe5dda4785f, original,   320,    180,      10,        10,           100,          118,            4,   0,       0,   0, 0.013333, 0       , 0.013333,   6684.13 ,   6684.14 ,         0       ,    0    ,    5.84509,   3464568,         0,         1, "Apple M1", "Darwin 25.2.0", "clang 17.0.0 (clang-1700.6.3.2)",          8, 2026-01-30T18:12:23, ok
2026-01-30T18:08:23-fbe5dda4785f, original,   320,    180,      10,        10,           100,          118,            4,   0,       0,   0, 0.013417, 0       , 0.013417,   6649.61 ,   6649.62 ,         0       ,    0    ,    5.75134,   3460035,         0,         2, "Apple M1", "Darwin 25.2.0", "clang 17.0.0 (clang-1700.6.3.2)",          8, 2026-01-30T18:12:30, ok
2026-01-30T18:08:23-fbe5dda4785f, bvh     ,   320,    180,      10,        10,           100,          118,            4,   1,       0,   0, 0.036333, 0.051   , 0.087333,   1981.31 ,   1981.4  ,         0       ,    0    ,    5.75134,   3465715,         1,         0, "Apple M1", "Darwin 25.2.0", "clang 17.0.0 (clang-1700.6.3.2)",          8, 2026-01-30T18:12:32, ok
2026-01-30T18:08:23-fbe5dda4785f, bvh     ,   320,    180,      10,        10,           100,          118,            4,   1,       0,   0, 0.0125  , 0.036875, 0.049375,   1868.33 ,   1868.38 ,         0       ,    0    ,    5.75134,   3462786,         0,         1, "Apple M1", "Darwin 25.2.0", "clang 17.0.0 (clang-1700.6.3.2)",          8, 2026-01-30T18:12:33, ok
2026-01-30T18:08:23-fbe5dda4785f, bvh     ,   320,    180,      10,        10,           100,          118,            4,   1,       0,   0, 0.016167, 0.041166, 0.057333,   2007.48 ,   2007.54 ,         0       ,    0    ,    5.48572,   3464151,         0,         2, "Apple M1", "Darwin 25.2.0", "clang 17.0.0 (clang-1700.6.3.2)",          8, 2026-01-30T18:12:35, ok
2026-01-30T18:08:23-fbe5dda4785f, bvh-mt  ,   320,    180,      10,        10,           100,          118,            4,   1,       1,   0, 0.015875, 0.039584, 0.055459,    764.38 ,    764.435,         0.087958,    0    ,    5.48572,   3457276,         1,         0, "Apple M1", "Darwin 25.2.0", "clang 17.0.0 (clang-1700.6.3.2)",          8, 2026-01-30T18:12:36, ok
2026-01-30T18:08:23-fbe5dda4785f, bvh-mt  ,   320,    180,      10,        10,           100,          118,            4,   1,       1,   0, 0.015166, 0.050667, 0.065833,    649.171,    649.237,         0.048583,    0    ,    5.48572,   3464018,         0,         1, "Apple M1", "Darwin 25.2.0", "clang 17.0.0 (clang-1700.6.3.2)",          8, 2026-01-30T18:12:37, ok
2026-01-30T18:08:23-fbe5dda4785f, bvh-mt  ,   320,    180,      10,        10,           100,          118,            4,   1,       1,   0, 0.012625, 0.041875, 0.0545  ,    820.132,    820.187,         0.037334,    0    ,    5.48572,   3460733,         0,         2, "Apple M1", "Darwin 25.2.0", "clang 17.0.0 (clang-1700.6.3.2)",          8, 2026-01-30T18:12:38, ok
2026-01-30T18:08:23-fbe5dda4785f, gpu     ,   320,    180,      10,        10,           100,          118,            0,   0,       0,   1, 0.016458, 0       , 0.016458,    229.141,    229.157,         0       ,  225.609,    5.84509,    576000,         1,         0, "Apple M1", "Darwin 25.2.0", "clang 17.0.0 (clang-1700.6.3.2)",          8, 2026-01-30T18:12:38, ok
2026-01-30T18:08:23-fbe5dda4785f, gpu     ,   320,    180,      10,        10,           100,          118,            0,   0,       0,   1, 0.059958, 0       , 0.059958,    215.594,    215.654,         0       ,  211.038,    6.12634,    576000,         0,         1, "Apple M1", "Darwin 25.2.0", "clang 17.0.0 (clang-1700.6.3.2)",          8, 2026-01-30T18:12:38, ok
2026-01-30T18:08:23-fbe5dda4785f, gpu     ,   320,    180,      10,        10,           100,          118,            0,   0,       0,   1, 0.049459, 0       , 0.049459,    221.034,    221.083,         0       ,  216.965,    6.12634,    576000,         0,         2, "Apple M1", "Darwin 25.2.0", "clang 17.0.0 (clang-1700.6.3.2)",          8, 2026-01-30T18:12:38, ok
2026-01-30T18:08:23-fbe5dda4785f, original,   320,    180,      10,        10,           100,          118,            5,   0,       0,   0, 0.046083, 0       , 0.046083,   6707.46 ,   6707.51 ,         0       ,    0    ,    5.86072,   3459498,         1,         0, "Apple M1", "Darwin 25.2.0", "clang 17.0.0 (clang-1700.6.3.2)",          8, 2026-01-30T18:12:45, ok
2026-01-30T18:08:23-fbe5dda4785f, original,   320,    180,      10,        10,           100,          118,            5,   0,       0,   0, 0.031458, 0       , 0.031458,   6652.68 ,   6652.71 ,         0       ,    0    ,    5.86072,   3459384,         0,         1, "Apple M1", "Darwin 25.2.0", "clang 17.0.0 (clang-1700.6.3.2)",          8, 2026-01-30T18:12:52, ok
2026-01-30T18:08:23-fbe5dda4785f, original,   320,    180,      10,        10,           100,          118,            5,   0,       0,   0, 0.015042, 0       , 0.015042,   6736.31 ,   6736.33 ,         0       ,    0    ,    5.76697,   3465575,         0,         2, "Apple M1", "Darwin 25.2.0", "clang 17.0.0 (clang-1700.6.3.2)",          8, 2026-01-30T18:12:58, ok
2026-01-30T18:08:23-fbe5dda4785f, bvh     ,   320,    180,      10,        10,           100,          118,            5,   1,       0,   0, 0.031958, 0.059792, 0.09175 ,   2185.72 ,   2185.81 ,         0       ,    0    ,    5.76697,   3462005,         1,         0, "Apple M1", "Darwin 25.2.0", "clang 17.0.0 (clang-1700.6.3.2)",          8, 2026-01-30T18:13:01, ok
2026-01-30T18:08:23-fbe5dda4785f, bvh     ,   320,    180,      10,        10,           100,          118,            5,   1,       0,   0, 0.01525 , 0.039666, 0.054916,   2370.78 ,   2370.83 ,         0       ,    0    ,    5.76697,   3464399,         0,         1, "Apple M1", "Darwin 25.2.0", "clang 17.0.0 (clang-1700.6.3.2)",          8, 2026-01-30T18:13:03, ok
2026-01-30T18:08:23-fbe5dda4785f, bvh     ,   320,    180,      10,        10,           100,          118,            5,   1,       0,   0, 0.012291, 0.047   , 0.059291,   2019.89 ,   2019.95 ,         0       ,    0    ,    5.50134,   3465042,         0,         2, "Apple M1", "Darwin 25.2.0", "clang 17.0.0 (clang-1700.6.3.2)",          8, 2026-01-30T18:13:05, ok
2026-01-30T18:08:23-fbe5dda4785f, bvh-mt  ,   320,    180,      10,        10,           100,          118,            5,   1,       1,   0, 0.012083, 0.033375, 0.045458,    789.888,    789.934,         0.063333,    0    ,    5.50134,   3465991,         1,         0, "Apple M1", "Darwin 25.2.0", "clang 17.0.0 (clang-1700.6.3.2)",          8, 2026-01-30T18:13:06, ok
2026-01-30T18:08:23-fbe5dda4785f, bvh-mt  ,   320,    180,      10,        10,           100,          118,            5,   1,       1,   0, 0.019125, 0.035875, 0.055   ,    748.319,    748.374,         0.043375,    0    ,    5.50134,   3459866,         0,         1, "Apple M1", "Darwin 25.2.0", "clang 17.0.0 (clang-1700.6.3.2)",          8, 2026-01-30T18:13:07, ok
2026-01-30T18:08:23-fbe5dda4785f, bvh-mt  ,   320,    180,      10,        10,           100,          118,            5,   1,       1,   0, 0.013375, 0.042041, 0.055416,    728.481,    728.536,         0.046792,    0    ,    5.50134,   3459304,         0,         2, "Apple M1", "Darwin 25.2.0", "clang 17.0.0 (clang-1700.6.3.2)",          8, 2026-01-30T18:13:07, ok
2026-01-30T18:08:23-fbe5dda4785f, gpu     ,   320,    180,      10,        10,           100,          118,            0,   0,       0,   1, 0.013625, 0       , 0.013625,    227.656,    227.67 ,         0       ,  224.971,    5.87634,    576000,         1,         0, "Apple M1", "Darwin 25.2.0", "clang 17.0.0 (clang-1700.6.3.2)",          8, 2026-01-30T18:13:07, ok
2026-01-30T18:08:23-fbe5dda4785f, gpu     ,   320,    180,      10,        10,           100,          118,            0,   0,       0,   1, 0.0345  , 0       , 0.0345  ,    212.908,    212.943,         0       ,  209.502,    5.87634,    576000,         0,         1, "Apple M1", "Darwin 25.2.0", "clang 17.0.0 (clang-1700.6.3.2)",          8, 2026-01-30T18:13:08, ok
2026-01-30T18:08:23-fbe5dda4785f, gpu     ,   320,    180,      10,        10,           100,          118,            0,   0,       0,   1, 0.067791, 0       , 0.067791,    218.377,    218.445,         0       ,  213.553,    6.14197,    576000,         0,         2, "Apple M1", "Darwin 25.2.0", "clang 17.0.0 (clang-1700.6.3.2)",          8, 2026-01-30T18:13:08, ok
2026-01-30T18:08:23-fbe5dda4785f, original,   320,    180,      10,        10,           100,          118,            6,   0,       0,   0, 0.054292, 0       , 0.054292,   6769.46 ,   6769.51 ,         0       ,    0    ,    5.87634,   3461633,         1,         0, "Apple M1", "Darwin 25.2.0", "clang 17.0.0 (clang-1700.6.3.2)",          8, 2026-01-30T18:13:15, ok
2026-01-30T18:08:23-fbe5dda4785f, original,   320,    180,      10,        10,           100,          118,            6,   0,       0,   0, 0.013875, 0       , 0.013875,   6673.77 ,   6673.79 ,         0       ,    0    ,    5.87634,   3463376,         0,         1, "Apple M1", "Darwin 25.2.0", "clang 17.0.0 (clang-1700.6.3.2)",          8, 2026-01-30T18:13:21, ok
2026-01-30T18:08:23-fbe5dda4785f, original,   320,    180,      10,        10,           100,          118,            6,   0,       0,   0, 0.032791, 0       , 0.032791,   6626.56 ,   6626.59 ,         0       ,    0    ,    5.78259,   3456948,         0,         2, "Apple M1", "Darwin 25.2.0", "clang 17.0.0 (clang-1700.6.3.2)",          8, 2026-01-30T18:13:28, ok
2026-01-30T18:08:23-fbe5dda4785f, bvh     ,   320,    180,      10,        10,           100,          118,            6,   1,       0,   0, 0.022291, 0.063583, 0.085874,   2310.88 ,   2310.97 ,         0       ,    0    ,    5.78259,   3461484,         1,         0, "Apple M1", "Darwin 25.2.0", "clang 17.0.0 (clang-1700.6.3.2)",          8, 2026-01-30T18:13:30, ok
2026-01-30T18:08:23-fbe5dda4785f, bvh     ,   320,    180,      10,        10,           100,          118,            6,   1,       0,   0, 0.036125, 0.0405  , 0.076625,   1906.51 ,   1906.59 ,         0       ,    0    ,    5.78259,   3457410,         0,         1, "Apple M1", "Darwin 25.2.0", "clang 17.0.0 (clang-1700.6.3.2)",          8, 2026-01-30T18:13:32, ok
2026-01-30T18:08:23-fbe5dda4785f, bvh     ,   320,    180,      10,        10,           100,          118,            6,   1,       0,   0, 0.011584, 0.032208, 0.043792,   2348.64 ,   2348.68 ,         0       ,    0    ,    5.78259,   3465941,         0,         2, "Apple M1", "Darwin 25.2.0", "clang 17.0.0 (clang-1700.6.3.2)",          8, 2026-01-30T18:13:35, ok
2026-01-30T18:08:23-fbe5dda4785f, bvh-mt  ,   320,    180,      10,        10,           100,          118,            6,   1,       1,   0, 0.013666, 0.042459, 0.056125,    574.081,    574.137,         0.07425 ,    0    ,    5.51697,   3460880,         1,         0, "Apple M1", "Darwin 25.2.0", "clang 17.0.0 (clang-1700.6.3.2)",          8, 2026-01-30T18:13:35, ok
2026-01-30T18:08:23-fbe5dda4785f, bvh-mt  ,   320,    180,      10,        10,           100,          118,            6,   1,       1,   0, 0.011334, 0.038041, 0.049375,    652.471,    652.52 ,         0.049208,    0    ,    5.51697,   3461205,         0,         1, "Apple M1", "Darwin 25.2.0", "clang 17.0.0 (clang-1700.6.3.2)",          8, 2026-01-30T18:13:36, ok
2026-01-30T18:08:23-fbe5dda4785f, bvh-mt  ,   320,    180,      10,        10,           100,          118,            6,   1,       1,   0, 0.012042, 0.033791, 0.045833,    684.903,    684.949,         0.053916,    0    ,    5.51697,   3457127,         0,         2, "Apple M1", "Darwin 25.2.0", "clang 17.0.0 (clang-1700.6.3.2)",          8, 2026-01-30T18:13:36, ok
2026-01-30T18:08:23-fbe5dda4785f, gpu     ,   320,    180,      10,        10,           100,          118,            0,   0,       0,   1, 0.01175 , 0       , 0.01175 ,    228.065,    228.077,         0       ,  221.723,    5.87634,    576000,         1,         0, "Apple M1", "Darwin 25.2.0", "clang 17.0.0 (clang-1700.6.3.2)",          8, 2026-01-30T18:13:37, ok
2026-01-30T18:08:23-fbe5dda4785f, gpu     ,   320,    180,      10,        10,           100,          118,            0,   0,       0,   1, 0.037708, 0       , 0.037708,    213.134,    213.172,         0       ,  209.728,    6.14197,    576000,         0,         1, "Apple M1", "Darwin 25.2.0", "clang 17.0.0 (clang-1700.6.3.2)",          8, 2026-01-30T18:13:37, ok
2026-01-30T18:08:23-fbe5dda4785f, gpu     ,   320,    180,      10,        10,           100,          118,            0,   0,       0,   1, 0.033709, 0       , 0.033709,    228.828,    228.862,         0       ,  214.748,    6.14197,    576000,         0,         2, "Apple M1", "Darwin 25.2.0", "clang 17.0.0 (clang-1700.6.3.2)",          8, 2026-01-30T18:13:37, ok
2026-01-30T18:08:23-fbe5dda4785f, original,   320,    180,      10,        10,           100,          118,            7,   0,       0,   0, 0.045166, 0       , 0.045166,   6732.04 ,   6732.09 ,         0       ,    0    ,    5.87634,   3460562,         1,         0, "Apple M1", "Darwin 25.2.0", "clang 17.0.0 (clang-1700.6.3.2)",          8, 2026-01-30T18:13:44, ok
2026-01-30T18:08:23-fbe5dda4785f, original,   320,    180,      10,        10,           100,          118,            7,   0,       0,   0, 0.026375, 0       , 0.026375,   6666.16 ,   6666.18 ,         0       ,    0    ,    5.87634,   3465907,         0,         1, "Apple M1", "Darwin 25.2.0", "clang 17.0.0 (clang-1700.6.3.2)",          8, 2026-01-30T18:13:51, ok
2026-01-30T18:08:23-fbe5dda4785f, original,   320,    180,      10,        10,           100,          118,            7,   0,       0,   0, 0.011708, 0       , 0.011708,   6652.87 ,   6652.89 ,         0       ,    0    ,    5.78259,   3468286,         0,         2, "Apple M1", "Darwin 25.2.0", "clang 17.0.0 (clang-1700.6.3.2)",          8, 2026-01-30T18:13:57, ok
2026-01-30T18:08:23-fbe5dda4785f, bvh     ,   320,    180,      10,        10,           100,          118,            7,   1,       0,   0, 0.023416, 0.05975 , 0.083166,   2196.12 ,   2196.2  ,         0       ,    0    ,    5.78259,   3462239,         1,         0, "Apple M1", "Darwin 25.2.0", "clang 17.0.0 (clang-1700.6.3.2)",          8, 2026-01-30T18:13:59, ok
2026-01-30T18:08:23-fbe5dda4785f, bvh     ,   320,    180,      10,        10,           100,          118,            7,   1,       0,   0, 0.013875, 0.044208, 0.058083,   1953.05 ,   1953.1  ,         0       ,    0    ,    5.78259,   3456498,         0,         1, "Apple M1", "Darwin 25.2.0", "clang 17.0.0 (clang-1700.6.3.2)",          8, 2026-01-30T18:14:01, ok
2026-01-30T18:08:23-fbe5dda4785f, bvh     ,   320,    180,      10,        10,           100,          118,            7,   1,       0,   0, 0.01675 , 0.041917, 0.058667,   2263.22 ,   2263.28 ,         0       ,    0    ,    5.78259,   3462248,         0,         2, "Apple M1", "Darwin 25.2.0", "clang 17.0.0 (clang-1700.6.3.2)",          8, 2026-01-30T18:14:04, ok
2026-01-30T18:08:23-fbe5dda4785f, bvh-mt  ,   320,    180,      10,        10,           100,          118,            7,   1,       1,   0, 0.019084, 0.035459, 0.054543,    667.134,    667.189,         0.127166,    0    ,    5.78259,   3461362,         1,         0, "Apple M1", "Darwin 25.2.0", "clang 17.0.0 (clang-1700.6.3.2)",          8, 2026-01-30T18:14:04, ok
2026-01-30T18:08:23-fbe5dda4785f, bvh-mt  ,   320,    180,      10,        10,           100,          118,            7,   1,       1,   0, 0.012209, 0.043833, 0.056042,    657.678,    657.734,         0.057166,    0    ,    5.51697,   3458362,         0,         1, "Apple M1", "Darwin 25.2.0", "clang 17.0.0 (clang-1700.6.3.2)",          8, 2026-01-30T18:14:05, ok
2026-01-30T18:08:23-fbe5dda4785f, bvh-mt  ,   320,    180,      10,        10,           100,          118,            7,   1,       1,   0, 0.01225 , 0.042958, 0.055208,    730.284,    730.339,         0.069333,    0    ,    5.51697,   3463015,         0,         2, "Apple M1", "Darwin 25.2.0", "clang 17.0.0 (clang-1700.6.3.2)",          8, 2026-01-30T18:14:06, ok
2026-01-30T18:08:23-fbe5dda4785f, gpu     ,   320,    180,      10,        10,           100,          118,            0,   0,       0,   1, 0.012792, 0       , 0.012792,    228.626,    228.639,         0       ,  222.645,    5.87634,    576000,         1,         0, "Apple M1", "Darwin 25.2.0", "clang 17.0.0 (clang-1700.6.3.2)",          8, 2026-01-30T18:14:06, ok
2026-01-30T18:08:23-fbe5dda4785f, gpu     ,   320,    180,      10,        10,           100,          118,            0,   0,       0,   1, 0.018125, 0       , 0.018125,    213.532,    213.55 ,         0       ,  210.813,    5.87634,    576000,         0,         1, "Apple M1", "Darwin 25.2.0", "clang 17.0.0 (clang-1700.6.3.2)",          8, 2026-01-30T18:14:06, ok
2026-01-30T18:08:23-fbe5dda4785f, gpu     ,   320,    180,      10,        10,           100,          118,            0,   0,       0,   1, 0.058166, 0       , 0.058166,    217.831,    217.889,         0       ,  214.342,    6.14197,    576000,         0,         2, "Apple M1", "Darwin 25.2.0", "clang 17.0.0 (clang-1700.6.3.2)",          8, 2026-01-30T18:14:06, ok
2026-01-30T18:08:23-fbe5dda4785f, original,   320,    180,      10,        10,           100,          118,            8,   0,       0,   0, 0.025041, 0       , 0.025041,   6883.92 ,   6883.94 ,         0       ,    0    ,    5.87634,   3468125,         1,         0, "Apple M1", "Darwin 25.2.0", "clang 17.0.0 (clang-1700.6.3.2)",          8, 2026-01-30T18:14:13, ok
2026-01-30T18:08:23-fbe5dda4785f, original,   320,    180,      10,        10,           100,          118,            8,   0,       0,   0, 0.02575 , 0       , 0.02575 ,   6661.48 ,   6661.51 ,         0       ,    0    ,    5.87634,   3457862,         0,         1, "Apple M1", "Darwin 25.2.0", "clang 17.0.0 (clang-1700.6.3.2)",          8, 2026-01-30T18:14:20, ok
2026-01-30T18:08:23-fbe5dda4785f, original,   320,    180,      10,        10,           100,          118,            8,   0,       0,   0, 0.017083, 0       , 0.017083,   6648.11 ,   6648.13 ,         0       ,    0    ,    5.78259,   3461159,         0,         2, "Apple M1", "Darwin 25.2.0", "clang 17.0.0 (clang-1700.6.3.2)",          8, 2026-01-30T18:14:26, ok
2026-01-30T18:08:23-fbe5dda4785f, bvh     ,   320,    180,      10,        10,           100,          118,            8,   1,       0,   0, 0.032292, 0.063042, 0.095334,   2144.21 ,   2144.31 ,         0       ,    0    ,    5.78259,   3463628,         1,         0, "Apple M1", "Darwin 25.2.0", "clang 17.0.0 (clang-1700.6.3.2)",          8, 2026-01-30T18:14:29, ok
2026-01-30T18:08:23-fbe5dda4785f, bvh     ,   320,    180,      10,        10,           100,          118,            8,   1,       0,   0, 0.012333, 0.046083, 0.058416,   2031.63 ,   2031.69 ,         0       ,    0    ,    5.78259,   3464111,         0,         1, "Apple M1", "Darwin 25.2.0", "clang 17.0.0 (clang-1700.6.3.2)",          8, 2026-01-30T18:14:31, ok
2026-01-30T18:08:23-fbe5dda4785f, bvh     ,   320,    180,      10,        10,           100,          118,            8,   1,       0,   0, 0.012084, 0.041083, 0.053167,   2208.15 ,   2208.21 ,         0       ,    0    ,    5.78259,   3461492,         0,         2, "Apple M1", "Darwin 25.2.0", "clang 17.0.0 (clang-1700.6.3.2)",          8, 2026-01-30T18:14:33, ok
2026-01-30T18:08:23-fbe5dda4785f, bvh-mt  ,   320,    180,      10,        10,           100,          118,            8,   1,       1,   0, 0.013041, 0.052542, 0.065583,    632.347,    632.412,         0.118917,    0    ,    5.78259,   3466983,         1,         0, "Apple M1", "Darwin 25.2.0", "clang 17.0.0 (clang-1700.6.3.2)",          8, 2026-01-30T18:14:34, ok
2026-01-30T18:08:23-fbe5dda4785f, bvh-mt  ,   320,    180,      10,        10,           100,          118,            8,   1,       1,   0, 0.011959, 0.042291, 0.05425 ,    618.146,    618.201,         0.06675 ,    0    ,    5.78259,   3458467,         0,         1, "Apple M1", "Darwin 25.2.0", "clang 17.0.0 (clang-1700.6.3.2)",          8, 2026-01-30T18:14:34, ok
2026-01-30T18:08:23-fbe5dda4785f, bvh-mt  ,   320,    180,      10,        10,           100,          118,            8,   1,       1,   0, 0.012542, 0.04875 , 0.061292,    621.86 ,    621.921,         0.072875,    0    ,    5.78259,   3460021,         0,         2, "Apple M1", "Darwin 25.2.0", "clang 17.0.0 (clang-1700.6.3.2)",          8, 2026-01-30T18:14:35, ok
2026-01-30T18:08:23-fbe5dda4785f, gpu     ,   320,    180,      10,        10,           100,          118,            0,   0,       0,   1, 0.012292, 0       , 0.012292,    228.846,    228.858,         0       ,  226.324,    5.87634,    576000,         1,         0, "Apple M1", "Darwin 25.2.0", "clang 17.0.0 (clang-1700.6.3.2)",          8, 2026-01-30T18:14:35, ok
2026-01-30T18:08:23-fbe5dda4785f, gpu     ,   320,    180,      10,        10,           100,          118,            0,   0,       0,   1, 0.037125, 0       , 0.037125,    213.009,    213.046,         0       ,  209.506,    6.14197,    576000,         0,         1, "Apple M1", "Darwin 25.2.0", "clang 17.0.0 (clang-1700.6.3.2)",          8, 2026-01-30T18:14:35, ok
2026-01-30T18:08:23-fbe5dda4785f, gpu     ,   320,    180,      10,        10,           100,          118,            0,   0,       0,   1, 0.0595  , 0       , 0.0595  ,    220.536,    220.595,         0       ,  215.808,    6.14197,    576000,         0,         2, "Apple M1", "Darwin 25.2.0", "clang 17.0.0 (clang-1700.6.3.2)",          8, 2026-01-30T18:14:35, ok
2026-01-30T18:08:23-fbe5dda4785f, original,   320,    180,      10,        20,             0,           18,            1,   0,       0,   0, 0.035834, 0       , 0.035834,   4601.91 ,   4601.95 ,         0       ,    0    ,    5.87634,   4315517,         1,         0, "Apple M1", "Darwin 25.2.0", "clang 17.0.0 (clang-1700.6.3.2)",          8, 2026-01-30T18:14:40, ok
2026-01-30T18:08:23-fbe5dda4785f, original,   320,    180,      10,        20,             0,           18,            1,   0,       0,   0, 0.034167, 0       , 0.034167,   4557.76 ,   4557.79 ,         0       ,    0    ,    5.87634,   4320995,         0,         1, "Apple M1", "Darwin 25.2.0", "clang 17.0.0 (clang-1700.6.3.2)",          8, 2026-01-30T18:14:45, ok
2026-01-30T18:08:23-fbe5dda4785f, original,   320,    180,      10,        20,             0,           18,            1,   0,       0,   0, 0.00775 , 0       , 0.00775 ,   4545.23 ,   4545.23 ,         0       ,    0    ,    5.87634,   4311316,         0,         2, "Apple M1", "Darwin 25.2.0", "clang 17.0.0 (clang-1700.6.3.2)",          8, 2026-01-30T18:14:49, ok
2026-01-30T18:08:23-fbe5dda4785f, bvh     ,   320,    180,      10,        20,             0,           18,            1,   1,       0,   0, 0.01125 , 0.02175 , 0.033   ,   1688.76 ,   1688.8  ,         0       ,    0    ,    5.87634,   4317813,         1,         0, "Apple M1", "Darwin 25.2.0", "clang 17.0.0 (clang-1700.6.3.2)",          8, 2026-01-30T18:14:51, ok
2026-01-30T18:08:23-fbe5dda4785f, bvh     ,   320,    180,      10,        20,             0,           18,            1,   1,       0,   0, 0.009708, 0.007542, 0.01725 ,   1785.15 ,   1785.16 ,         0       ,    0    ,    5.87634,   4322575,         0,         1, "Apple M1", "Darwin 25.2.0", "clang 17.0.0 (clang-1700.6.3.2)",          8, 2026-01-30T18:14:53, ok
2026-01-30T18:08:23-fbe5dda4785f, bvh     ,   320,    180,      10,        20,             0,           18,            1,   1,       0,   0, 0.008041, 0.004875, 0.012916,   1912.89 ,   1912.9  ,         0       ,    0    ,    5.87634,   4324082,         0,         2, "Apple M1", "Darwin 25.2.0", "clang 17.0.0 (clang-1700.6.3.2)",          8, 2026-01-30T18:14:55, ok
2026-01-30T18:08:23-fbe5dda4785f, bvh-mt  ,   320,    180,      10,        20,             0,           18,            1,   1,       1,   0, 0.00775 , 0.00475 , 0.0125  ,   1745.75 ,   1745.77 ,         0       ,    0    ,    5.78259,   4318125,         1,         0, "Apple M1", "Darwin 25.2.0", "clang 17.0.0 (clang-1700.6.3.2)",          8, 2026-01-30T18:14:56, ok
2026-01-30T18:08:23-fbe5dda4785f, bvh-mt  ,   320,    180,      10,        20,             0,           18,            1,   1,       1,   0, 0.391625, 0.0055  , 0.397125,   1987.79 ,   1988.19 ,         0       ,    0    ,    5.78259,   4308330,         0,         1, "Apple M1", "Darwin 25.2.0", "clang 17.0.0 (clang-1700.6.3.2)",          8, 2026-01-30T18:14:58, ok
2026-01-30T18:08:23-fbe5dda4785f, bvh-mt  ,   320,    180,      10,        20,             0,           18,            1,   1,       1,   0, 0.00875 , 0.008583, 0.017333,   1743.19 ,   1743.21 ,         0       ,    0    ,    5.78259,   4309691,         0,         2, "Apple M1", "Darwin 25.2.0", "clang 17.0.0 (clang-1700.6.3.2)",          8, 2026-01-30T18:15:00, ok
2026-01-30T18:08:23-fbe5dda4785f, gpu     ,   320,    180,      10,        20,             0,           18,            0,   0,       0,   1, 0.012458, 0       , 0.012458,    221.397,    221.41 ,         0       ,  218.568,    6.14197,    576000,         1,         0, "Apple M1", "Darwin 25.2.0", "clang 17.0.0 (clang-1700.6.3.2)",          8, 2026-01-30T18:15:00, ok
2026-01-30T18:08:23-fbe5dda4785f, gpu     ,   320,    180,      10,        20,             0,           18,            0,   0,       0,   1, 0.027083, 0       , 0.027083,    211.262,    211.289,         0       ,  207.501,    6.14197,    576000,         0,         1, "Apple M1", "Darwin 25.2.0", "clang 17.0.0 (clang-1700.6.3.2)",          8, 2026-01-30T18:15:00, ok
2026-01-30T18:08:23-fbe5dda4785f, gpu     ,   320,    180,      10,        20,             0,           18,            0,   0,       0,   1, 0.033916, 0       , 0.033916,    217.115,    217.149,         0       ,  213.512,    6.14197,    576000,         0,         2, "Apple M1", "Darwin 25.2.0", "clang 17.0.0 (clang-1700.6.3.2)",          8, 2026-01-30T18:15:01, ok
2026-01-30T18:08:23-fbe5dda4785f, original,   320,    180,      10,        20,             0,           18,            2,   0,       0,   0, 0.009167, 0       , 0.009167,   4569.26 ,   4569.26 ,         0       ,    0    ,    5.61072,   4315515,         1,         0, "Apple M1", "Darwin 25.2.0", "clang 17.0.0 (clang-1700.6.3.2)",          8, 2026-01-30T18:15:05, ok
2026-01-30T18:08:23-fbe5dda4785f, original,   320,    180,      10,        20,             0,           18,            2,   0,       0,   0, 0.021916, 0       , 0.021916,   4568.92 ,   4568.95 ,         0       ,    0    ,    5.61072,   4315050,         0,         1, "Apple M1", "Darwin 25.2.0", "clang 17.0.0 (clang-1700.6.3.2)",          8, 2026-01-30T18:15:10, ok
2026-01-30T18:08:23-fbe5dda4785f, original,   320,    180,      10,        20,             0,           18,            2,   0,       0,   0, 0.008   , 0       , 0.008   ,   4590.22 ,   4590.23 ,         0       ,    0    ,    5.61072,   4323823,         0,         2, "Apple M1", "Darwin 25.2.0", "clang 17.0.0 (clang-1700.6.3.2)",          8, 2026-01-30T18:15:14, ok
2026-01-30T18:08:23-fbe5dda4785f, bvh     ,   320,    180,      10,        20,             0,           18,            2,   1,       0,   0, 0.027   , 0.020125, 0.047125,   1857.61 ,   1857.65 ,         0       ,    0    ,    5.61072,   4316534,         1,         0, "Apple M1", "Darwin 25.2.0", "clang 17.0.0 (clang-1700.6.3.2)",          8, 2026-01-30T18:15:16, ok
2026-01-30T18:08:23-fbe5dda4785f, bvh     ,   320,    180,      10,        20,             0,           18,            2,   1,       0,   0, 0.00925 , 0.005083, 0.014333,   1933.31 ,   1933.33 ,         0       ,    0    ,    5.61072,   4318343,         0,         1, "Apple M1", "Darwin 25.2.0", "clang 17.0.0 (clang-1700.6.3.2)",          8, 2026-01-30T18:15:18, ok
2026-01-30T18:08:23-fbe5dda4785f, bvh     ,   320,    180,      10,        20,             0,           18,            2,   1,       0,   0, 0.009042, 0.004833, 0.013875,   1985.32 ,   1985.34 ,         0       ,    0    ,    5.61072,   4314749,         0,         2, "Apple M1", "Darwin 25.2.0", "clang 17.0.0 (clang-1700.6.3.2)",          8, 2026-01-30T18:15:20, ok
2026-01-30T18:08:23-fbe5dda4785f, bvh-mt  ,   320,    180,      10,        20,             0,           18,            2,   1,       1,   0, 0.014625, 0.0055  , 0.020125,   1014.96 ,   1014.98 ,         0.049167,    0    ,    5.61072,   4318349,         1,         0, "Apple M1", "Darwin 25.2.0", "clang 17.0.0 (clang-1700.6.3.2)",          8, 2026-01-30T18:15:21, ok
2026-01-30T18:08:23-fbe5dda4785f, bvh-mt  ,   320,    180,      10,        20,             0,           18,            2,   1,       1,   0, 0.00925 , 0.004792, 0.014042,    933.046,    933.06 ,         0.0195  ,    0    ,    5.61072,   4315383,         0,         1, "Apple M1", "Darwin 25.2.0", "clang 17.0.0 (clang-1700.6.3.2)",          8, 2026-01-30T18:15:22, ok
2026-01-30T18:08:23-fbe5dda4785f, bvh-mt  ,   320,    180,      10,        20,             0,           18,            2,   1,       1,   0, 0.010917, 0.006041, 0.016958,    935.074,    935.091,         0.033583,    0    ,    5.61072,   4312056,         0,         2, "Apple M1", "Darwin 25.2.0", "clang 17.0.0 (clang-1700.6.3.2)",          8, 2026-01-30T18:15:23, ok
2026-01-30T18:08:23-fbe5dda4785f, gpu     ,   320,    180,      10,        20,             0,           18,            0,   0,       0,   1, 0.012167, 0       , 0.012167,    222.07 ,    222.082,         0       ,  219.31 ,    5.87634,    576000,         1,         0, "Apple M1", "Darwin 25.2.0", "clang 17.0.0 (clang-1700.6.3.2)",          8, 2026-01-30T18:15:23, ok
2026-01-30T18:08:23-fbe5dda4785f, gpu     ,   320,    180,      10,        20,             0,           18,            0,   0,       0,   1, 0.027208, 0       , 0.027208,    213.117,    213.144,         0       ,  209.779,    6.14197,    576000,         0,         1, "Apple M1", "Darwin 25.2.0", "clang 17.0.0 (clang-1700.6.3.2)",          8, 2026-01-30T18:15:23, ok
2026-01-30T18:08:23-fbe5dda4785f, gpu     ,   320,    180,      10,        20,             0,           18,            0,   0,       0,   1, 0.008625, 0       , 0.008625,    216.37 ,    216.379,         0       ,  213.569,    6.14197,    576000,         0,         2, "Apple M1", "Darwin 25.2.0", "clang 17.0.0 (clang-1700.6.3.2)",          8, 2026-01-30T18:15:24, ok
2026-01-30T18:08:23-fbe5dda4785f, original,   320,    180,      10,        20,             0,           18,            3,   0,       0,   0, 0.022541, 0       , 0.022541,   4592.46 ,   4592.48 ,         0       ,    0    ,    5.87634,   4311435,         1,         0, "Apple M1", "Darwin 25.2.0", "clang 17.0.0 (clang-1700.6.3.2)",          8, 2026-01-30T18:15:28, ok
2026-01-30T18:08:23-fbe5dda4785f, original,   320,    180,      10,        20,             0,           18,            3,   0,       0,   0, 0.013417, 0       , 0.013417,   4551.37 ,   4551.39 ,         0       ,    0    ,    5.87634,   4317220,         0,         1, "Apple M1", "Darwin 25.2.0", "clang 17.0.0 (clang-1700.6.3.2)",          8, 2026-01-30T18:15:33, ok
2026-01-30T18:08:23-fbe5dda4785f, original,   320,    180,      10,        20,             0,           18,            3,   0,       0,   0, 0.010458, 0       , 0.010458,   4552.64 ,   4552.65 ,         0       ,    0    ,    5.78259,   4325073,         0,         2, "Apple M1", "Darwin 25.2.0", "clang 17.0.0 (clang-1700.6.3.2)",          8, 2026-01-30T18:15:37, ok
2026-01-30T18:08:23-fbe5dda4785f, bvh     ,   320,    180,      10,        20,             0,           18,            3,   1,       0,   0, 0.010375, 0.021459, 0.031834,   1832.04 ,   1832.07 ,         0       ,    0    ,    5.78259,   4309831,         1,         0, "Apple M1", "Darwin 25.2.0", "clang 17.0.0 (clang-1700.6.3.2)",          8, 2026-01-30T18:15:39, ok
2026-01-30T18:08:23-fbe5dda4785f, bvh     ,   320,    180,      10,        20,             0,           18,            3,   1,       0,   0, 0.013208, 0.004708, 0.017916,   2099.03 ,   2099.05 ,         0       ,    0    ,    5.78259,   4325889,         0,         1, "Apple M1", "Darwin 25.2.0", "clang 17.0.0 (clang-1700.6.3.2)",          8, 2026-01-30T18:15:41, ok
2026-01-30T18:08:23-fbe5dda4785f, bvh     ,   320,    180,      10,        20,             0,           18,            3,   1,       0,   0, 0.007375, 0.004416, 0.011791,   1861.45 ,   1861.46 ,         0       ,    0    ,    5.78259,   4314472,         0,         2, "Apple M1", "Darwin 25.2.0", "clang 17.0.0 (clang-1700.6.3.2)",          8, 2026-01-30T18:15:43, ok
2026-01-30T18:08:23-fbe5dda4785f, bvh-mt  ,   320,    180,      10,        20,             0,           18,            3,   1,       1,   0, 0.00775 , 0.004666, 0.012416,    812.69 ,    812.703,         0.046667,    0    ,    5.78259,   4319357,         1,         0, "Apple M1", "Darwin 25.2.0", "clang 17.0.0 (clang-1700.6.3.2)",          8, 2026-01-30T18:15:44, ok
2026-01-30T18:08:23-fbe5dda4785f, bvh-mt  ,   320,    180,      10,        20,             0,           18,            3,   1,       1,   0, 0.014375, 0.008625, 0.023   ,    811.306,    811.329,         0.046083,    0    ,    5.78259,   4311267,         0,         1, "Apple M1", "Darwin 25.2.0", "clang 17.0.0 (clang-1700.6.3.2)",          8, 2026-01-30T18:15:45, ok
2026-01-30T18:08:23-fbe5dda4785f, bvh-mt  ,   320,    180,      10,        20,             0,           18,            3,   1,       1,   0, 0.008125, 0.005375, 0.0135  ,    940.106,    940.12 ,         0.025667,    0    ,    5.51697,   4320906,         0,         2, "Apple M1", "Darwin 25.2.0", "clang 17.0.0 (clang-1700.6.3.2)",          8, 2026-01-30T18:15:46, ok
2026-01-30T18:08:23-fbe5dda4785f, gpu     ,   320,    180,      10,        20,             0,           18,            0,   0,       0,   1, 0.010916, 0       , 0.010916,    228.682,    228.693,         0       ,  225.605,    5.87634,    576000,         1,         0, "Apple M1", "Darwin 25.2.0", "clang 17.0.0 (clang-1700.6.3.2)",          8, 2026-01-30T18:15:46, ok
2026-01-30T18:08:23-fbe5dda4785f, gpu     ,   320,    180,      10,        20,             0,           18,            0,   0,       0,   1, 0.023167, 0       , 0.023167,    211.559,    211.582,         0       ,  208.219,    6.14197,    576000,         0,         1, "Apple M1", "Darwin 25.2.0", "clang 17.0.0 (clang-1700.6.3.2)",          8, 2026-01-30T18:15:46, ok
2026-01-30T18:08:23-fbe5dda4785f, gpu     ,   320,    180,      10,        20,             0,           18,            0,   0,       0,   1, 0.03475 , 0       , 0.03475 ,    218.657,    218.691,         0       ,  213.861,    6.14197,    576000,         0,         2, "Apple M1", "Darwin 25.2.0", "clang 17.0.0 (clang-1700.6.3.2)",          8, 2026-01-30T18:15:46, ok
2026-01-30T18:08:23-fbe5dda4785f, original,   320,    180,      10,        20,             0,           18,            4,   0,       0,   0, 0.026708, 0       , 0.026708,   4615.83 ,   4615.86 ,         0       ,    0    ,    5.87634,   4320695,         1,         0, "Apple M1", "Darwin 25.2.0", "clang 17.0.0 (clang-1700.6.3.2)",          8, 2026-01-30T18:15:51, ok
2026-01-30T18:08:23-fbe5dda4785f, original,   320,    180,      10,        20,             0,           18,            4,   0,       0,   0, 0.013041, 0       , 0.013041,   4542.68 ,   4542.7  ,         0       ,    0    ,    5.87634,   4316712,         0,         1, "Apple M1", "Darwin 25.2.0", "clang 17.0.0 (clang-1700.6.3.2)",          8, 2026-01-30T18:15:56, ok
2026-01-30T18:08:23-fbe5dda4785f, original,   320,    180,      10,        20,             0,           18,            4,   0,       0,   0, 0.0075  , 0       , 0.0075  ,   4556.91 ,   4556.92 ,         0       ,    0    ,    5.87634,   4315123,         0,         2, "Apple M1", "Darwin 25.2.0", "clang 17.0.0 (clang-1700.6.3.2)",          8, 2026-01-30T18:16:00, ok
2026-01-30T18:08:23-fbe5dda4785f, bvh     ,   320,    180,      10,        20,             0,           18,            4,   1,       0,   0, 0.010333, 0.018167, 0.0285  ,   1848.44 ,   1848.47 ,         0       ,    0    ,    5.87634,   4322787,         1,         0, "Apple M1", "Darwin 25.2.0", "clang 17.0.0 (clang-1700.6.3.2)",          8, 2026-01-30T18:16:02, ok
2026-01-30T18:08:23-fbe5dda4785f, bvh     ,   320,    180,      10,        20,             0,           18,            4,   1,       0,   0, 0.008875, 0.00525 , 0.014125,   1980.67 ,   1980.68 ,         0       ,    0    ,    5.87634,   4318170,         0,         1, "Apple M1", "Darwin 25.2.0", "clang 17.0.0 (clang-1700.6.3.2)",          8, 2026-01-30T18:16:04, ok
2026-01-30T18:08:23-fbe5dda4785f, bvh     ,   320,    180,      10,        20,             0,           18,            4,   1,       0,   0, 0.007625, 0.004458, 0.012083,   1894.41 ,   1894.43 ,         0       ,    0    ,    5.78259,   4320484,         0,         2, "Apple M1", "Darwin 25.2.0", "clang 17.0.0 (clang-1700.6.3.2)",          8, 2026-01-30T18:16:06, ok
2026-01-30T18:08:23-fbe5dda4785f, bvh-mt  ,   320,    180,      10,        20,             0,           18,            4,   1,       1,   0, 0.012875, 0.005417, 0.018292,    621.997,    622.015,         0.056958,    0    ,    5.78259,   4320580,         1,         0, "Apple M1", "Darwin 25.2.0", "clang 17.0.0 (clang-1700.6.3.2)",          8, 2026-01-30T18:16:06, ok
2026-01-30T18:08:23-fbe5dda4785f, bvh-mt  ,   320,    180,      10,        20,             0,           18,            4,   1,       1,   0, 0.007958, 0.004459, 0.012417,    637.708,    637.72 ,         0.038833,    0    ,    5.78259,   4310745,         0,         1, "Apple M1", "Darwin 25.2.0", "clang 17.0.0 (clang-1700.6.3.2)",          8, 2026-01-30T18:16:07, ok
2026-01-30T18:08:23-fbe5dda4785f, bvh-mt  ,   320,    180,      10,        20,             0,           18,            4,   1,       1,   0, 0.008333, 0.00475 , 0.013083,    646.617,    646.63 ,         0.039625,    0    ,    5.78259,   4315719,         0,         2, "Apple M1", "Darwin 25.2.0", "clang 17.0.0 (clang-1700.6.3.2)",          8, 2026-01-30T18:16:08, ok
2026-01-30T18:08:23-fbe5dda4785f, gpu     ,   320,    180,      10,        20,             0,           18,            0,   0,       0,   1, 0.007833, 0       , 0.007833,    224.152,    224.16 ,         0       ,  221.436,    6.14197,    576000,         1,         0, "Apple M1", "Darwin 25.2.0", "clang 17.0.0 (clang-1700.6.3.2)",          8, 2026-01-30T18:16:08, ok
2026-01-30T18:08:23-fbe5dda4785f, gpu     ,   320,    180,      10,        20,             0,           18,            0,   0,       0,   1, 0.026375, 0       , 0.026375,    211.816,    211.843,         0       ,  208.291,    6.14197,    576000,         0,         1, "Apple M1", "Darwin 25.2.0", "clang 17.0.0 (clang-1700.6.3.2)",          8, 2026-01-30T18:16:08, ok
2026-01-30T18:08:23-fbe5dda4785f, gpu     ,   320,    180,      10,        20,             0,           18,            0,   0,       0,   1, 0.020291, 0       , 0.020291,    215.31 ,    215.331,         0       ,  212.753,    6.14197,    576000,         0,         2, "Apple M1", "Darwin 25.2.0", "clang 17.0.0 (clang-1700.6.3.2)",          8, 2026-01-30T18:16:08, ok
2026-01-30T18:08:23-fbe5dda4785f, original,   320,    180,      10,        20,             0,           18,            5,   0,       0,   0, 0.015875, 0       , 0.015875,   4598.39 ,   4598.41 ,         0       ,    0    ,    5.87634,   4312106,         1,         0, "Apple M1", "Darwin 25.2.0", "clang 17.0.0 (clang-1700.6.3.2)",          8, 2026-01-30T18:16:13, ok
2026-01-30T18:08:23-fbe5dda4785f, original,   320,    180,      10,        20,             0,           18,            5,   0,       0,   0, 0.009417, 0       , 0.009417,   4543.69 ,   4543.7  ,         0       ,    0    ,    5.61072,   4319202,         0,         1, "Apple M1", "Darwin 25.2.0", "clang 17.0.0 (clang-1700.6.3.2)",          8, 2026-01-30T18:16:18, ok
2026-01-30T18:08:23-fbe5dda4785f, original,   320,    180,      10,        20,             0,           18,            5,   0,       0,   0, 0.008084, 0       , 0.008084,   4555.9  ,   4555.91 ,         0       ,    0    ,    5.61072,   4318282,         0,         2, "Apple M1", "Darwin 25.2.0", "clang 17.0.0 (clang-1700.6.3.2)",          8, 2026-01-30T18:16:22, ok
2026-01-30T18:08:23-fbe5dda4785f, bvh     ,   320,    180,      10,        20,             0,           18,            5,   1,       0,   0, 0.03025 , 0.016417, 0.046667,   1915.76 ,   1915.81 ,         0       ,    0    ,    5.61072,   4314434,         1,         0, "Apple M1", "Darwin 25.2.0", "clang 17.0.0 (clang-1700.6.3.2)",          8, 2026-01-30T18:16:24, ok
2026-01-30T18:08:23-fbe5dda4785f, bvh     ,   320,    180,      10,        20,             0,           18,            5,   1,       0,   0, 0.016125, 0.006834, 0.022959,   1777.4  ,   1777.42 ,         0       ,    0    ,    5.61072,   4316156,         0,         1, "Apple M1", "Darwin 25.2.0", "clang 17.0.0 (clang-1700.6.3.2)",          8, 2026-01-30T18:16:26, ok
2026-01-30T18:08:23-fbe5dda4785f, bvh     ,   320,    180,      10,        20,             0,           18,            5,   1,       0,   0, 0.007916, 0.0055  , 0.013416,   1776.3  ,   1776.32 ,         0       ,    0    ,    5.61072,   4318856,         0,         2, "Apple M1", "Darwin 25.2.0", "clang 17.0.0 (clang-1700.6.3.2)",          8, 2026-01-30T18:16:28, ok
2026-01-30T18:08:23-fbe5dda4785f, bvh-mt  ,   320,    180,      10,        20,             0,           18,            5,   1,       1,   0, 0.023125, 0.015916, 0.039041,    608.163,    608.202,         0.086375,    0    ,    5.61072,   4315394,         1,         0, "Apple M1", "Darwin 25.2.0", "clang 17.0.0 (clang-1700.6.3.2)",          8, 2026-01-30T18:16:28, ok
2026-01-30T18:08:23-fbe5dda4785f, bvh-mt  ,   320,    180,      10,        20,             0,           18,            5,   1,       1,   0, 0.008   , 0.005917, 0.013917,    701.956,    701.97 ,         0.041333,    0    ,    5.61072,   4319856,         0,         1, "Apple M1", "Darwin 25.2.0", "clang 17.0.0 (clang-1700.6.3.2)",          8, 2026-01-30T18:16:29, ok
2026-01-30T18:08:23-fbe5dda4785f, bvh-mt  ,   320,    180,      10,        20,             0,           18,            5,   1,       1,   0, 0.007167, 0.004417, 0.011584,    618.591,    618.603,         0.043584,    0    ,    5.61072,   4316864,         0,         2, "Apple M1", "Darwin 25.2.0", "clang 17.0.0 (clang-1700.6.3.2)",          8, 2026-01-30T18:16:30, ok
2026-01-30T18:08:23-fbe5dda4785f, gpu     ,   320,    180,      10,        20,             0,           18,            0,   0,       0,   1, 0.0075  , 0       , 0.0075  ,    223.042,    223.049,         0       ,  219.679,    5.87634,    576000,         1,         0, "Apple M1", "Darwin 25.2.0", "clang 17.0.0 (clang-1700.6.3.2)",          8, 2026-01-30T18:16:30, ok
2026-01-30T18:08:23-fbe5dda4785f, gpu     ,   320,    180,      10,        20,             0,           18,            0,   0,       0,   1, 0.029375, 0       , 0.029375,    212.54 ,    212.57 ,         0       ,  209.157,    6.14197,    576000,         0,         1, "Apple M1", "Darwin 25.2.0", "clang 17.0.0 (clang-1700.6.3.2)",          8, 2026-01-30T18:16:30, ok
2026-01-30T18:08:23-fbe5dda4785f, gpu     ,   320,    180,      10,        20,             0,           18,            0,   0,       0,   1, 0.02025 , 0       , 0.02025 ,    213.193,    213.214,         0       ,  211.813,    6.18884,    576000,         0,         2, "Apple M1", "Darwin 25.2.0", "clang 17.0.0 (clang-1700.6.3.2)",          8, 2026-01-30T18:16:30, ok
2026-01-30T18:08:23-fbe5dda4785f, original,   320,    180,      10,        20,             0,           18,            6,   0,       0,   0, 0.0205  , 0       , 0.0205  ,   4679.22 ,   4679.24 ,         0       ,    0    ,    5.89197,   4316441,         1,         0, "Apple M1", "Darwin 25.2.0", "clang 17.0.0 (clang-1700.6.3.2)",          8, 2026-01-30T18:16:35, ok
2026-01-30T18:08:23-fbe5dda4785f, original,   320,    180,      10,        20,             0,           18,            6,   0,       0,   0, 0.02925 , 0       , 0.02925 ,   4593.34 ,   4593.37 ,         0       ,    0    ,    5.87634,   4322839,         0,         1, "Apple M1", "Darwin 25.2.0", "clang 17.0.0 (clang-1700.6.3.2)",          8, 2026-01-30T18:16:39, ok
2026-01-30T18:08:23-fbe5dda4785f, original,   320,    180,      10,        20,             0,           18,            6,   0,       0,   0, 0.007958, 0       , 0.007958,   4590.44 ,   4590.45 ,         0       ,    0    ,    5.87634,   4321160,         0,         2, "Apple M1", "Darwin 25.2.0", "clang 17.0.0 (clang-1700.6.3.2)",          8, 2026-01-30T18:16:44, ok
2026-01-30T18:08:23-fbe5dda4785f, bvh     ,   320,    180,      10,        20,             0,           18,            6,   1,       0,   0, 0.028208, 0.021333, 0.049541,   1725.7  ,   1725.75 ,         0       ,    0    ,    5.61072,   4315090,         1,         0, "Apple M1", "Darwin 25.2.0", "clang 17.0.0 (clang-1700.6.3.2)",          8, 2026-01-30T18:16:46, ok
2026-01-30T18:08:23-fbe5dda4785f, bvh     ,   320,    180,      10,        20,             0,           18,            6,   1,       0,   0, 0.009542, 0.00575 , 0.015292,   2047.82 ,   2047.84 ,         0       ,    0    ,    5.61072,   4315018,         0,         1, "Apple M1", "Darwin 25.2.0", "clang 17.0.0 (clang-1700.6.3.2)",          8, 2026-01-30T18:16:48, ok
2026-01-30T18:08:23-fbe5dda4785f, bvh     ,   320,    180,      10,        20,             0,           18,            6,   1,       0,   0, 0.0075  , 0.004834, 0.012334,   1755.2  ,   1755.21 ,         0       ,    0    ,    5.61072,   4313408,         0,         2, "Apple M1", "Darwin 25.2.0", "clang 17.0.0 (clang-1700.6.3.2)",          8, 2026-01-30T18:16:50, ok
2026-01-30T18:08:23-fbe5dda4785f, bvh-mt  ,   320,    180,      10,        20,             0,           18,            6,   1,       1,   0, 0.015708, 0.006958, 0.022666,    671.73 ,    671.752,         0.075625,    0    ,    5.61072,   4310380,         1,         0, "Apple M1", "Darwin 25.2.0", "clang 17.0.0 (clang-1700.6.3.2)",          8, 2026-01-30T18:16:50, ok
2026-01-30T18:08:23-fbe5dda4785f, bvh-mt  ,   320,    180,      10,        20,             0,           18,            6,   1,       1,   0, 0.008334, 0.006209, 0.014543,    626.344,    626.359,         0.050458,    0    ,    5.61072,   4313775,         0,         1, "Apple M1", "Darwin 25.2.0", "clang 17.0.0 (clang-1700.6.3.2)",          8, 2026-01-30T18:16:51, ok
2026-01-30T18:08:23-fbe5dda4785f, bvh-mt  ,   320,    180,      10,        20,             0,           18,            6,   1,       1,   0, 0.007167, 0.004542, 0.011709,    559.155,    559.167,         0.054   ,    0    ,    5.61072,   4315223,         0,         2, "Apple M1", "Darwin 25.2.0", "clang 17.0.0 (clang-1700.6.3.2)",          8, 2026-01-30T18:16:51, ok
2026-01-30T18:08:23-fbe5dda4785f, gpu     ,   320,    180,      10,        20,             0,           18,            0,   0,       0,   1, 0.007292, 0       , 0.007292,    225.941,    225.948,         0       ,  223.026,    5.87634,    576000,         1,         0, "Apple M1", "Darwin 25.2.0", "clang 17.0.0 (clang-1700.6.3.2)",          8, 2026-01-30T18:16:52, ok
2026-01-30T18:08:23-fbe5dda4785f, gpu     ,   320,    180,      10,        20,             0,           18,            0,   0,       0,   1, 0.03575 , 0       , 0.03575 ,    211.982,    212.017,         0       ,  207.896,    6.14197,    576000,         0,         1, "Apple M1", "Darwin 25.2.0", "clang 17.0.0 (clang-1700.6.3.2)",          8, 2026-01-30T18:16:52, ok
2026-01-30T18:08:23-fbe5dda4785f, gpu     ,   320,    180,      10,        20,             0,           18,            0,   0,       0,   1, 0.033958, 0       , 0.033958,    217.928,    217.962,         0       ,  213.438,    6.14197,    576000,         0,         2, "Apple M1", "Darwin 25.2.0", "clang 17.0.0 (clang-1700.6.3.2)",          8, 2026-01-30T18:16:52, ok
2026-01-30T18:08:23-fbe5dda4785f, original,   320,    180,      10,        20,             0,           18,            7,   0,       0,   0, 0.036875, 0       , 0.036875,   4579    ,   4579.03 ,         0       ,    0    ,    5.87634,   4313045,         1,         0, "Apple M1", "Darwin 25.2.0", "clang 17.0.0 (clang-1700.6.3.2)",          8, 2026-01-30T18:16:57, ok
2026-01-30T18:08:23-fbe5dda4785f, original,   320,    180,      10,        20,             0,           18,            7,   0,       0,   0, 0.010292, 0       , 0.010292,   4599.82 ,   4599.83 ,         0       ,    0    ,    5.87634,   4325692,         0,         1, "Apple M1", "Darwin 25.2.0", "clang 17.0.0 (clang-1700.6.3.2)",          8, 2026-01-30T18:17:01, ok
2026-01-30T18:08:23-fbe5dda4785f, original,   320,    180,      10,        20,             0,           18,            7,   0,       0,   0, 0.014   , 0       , 0.014   ,   4547.33 ,   4547.34 ,         0       ,    0    ,    5.78259,   4317057,         0,         2, "Apple M1", "Darwin 25.2.0", "clang 17.0.0 (clang-1700.6.3.2)",          8, 2026-01-30T18:17:06, ok
2026-01-30T18:08:23-fbe5dda4785f, bvh     ,   320,    180,      10,        20,             0,           18,            7,   1,       0,   0, 0.009084, 0.023583, 0.032667,   1842.11 ,   1842.14 ,         0       ,    0    ,    5.78259,   4318017,         1,         0, "Apple M1", "Darwin 25.2.0", "clang 17.0.0 (clang-1700.6.3.2)",          8, 2026-01-30T18:17:08, ok
2026-01-30T18:08:23-fbe5dda4785f, bvh     ,   320,    180,      10,        20,             0,           18,            7,   1,       0,   0, 0.011666, 0.007875, 0.019541,   2060.27 ,   2060.29 ,         0       ,    0    ,    5.78259,   4327422,         0,         1, "Apple M1", "Darwin 25.2.0", "clang 17.0.0 (clang-1700.6.3.2)",          8, 2026-01-30T18:17:10, ok
2026-01-30T18:08:23-fbe5dda4785f, bvh     ,   320,    180,      10,        20,             0,           18,            7,   1,       0,   0, 0.014   , 0.00475 , 0.01875 ,   1850.24 ,   1850.26 ,         0       ,    0    ,    5.78259,   4316818,         0,         2, "Apple M1", "Darwin 25.2.0", "clang 17.0.0 (clang-1700.6.3.2)",          8, 2026-01-30T18:17:12, ok
2026-01-30T18:08:23-fbe5dda4785f, bvh-mt  ,   320,    180,      10,        20,             0,           18,            7,   1,       1,   0, 0.009708, 0.005083, 0.014791,    613.861,    613.875,         0.111209,    0    ,    5.78259,   4311759,         1,         0, "Apple M1", "Darwin 25.2.0", "clang 17.0.0 (clang-1700.6.3.2)",          8, 2026-01-30T18:17:12, ok
2026-01-30T18:08:23-fbe5dda4785f, bvh-mt  ,   320,    180,      10,        20,             0,           18,            7,   1,       1,   0, 0.007542, 0.006209, 0.013751,    563.486,    563.5  ,         0.048375,    0    ,    5.78259,   4320260,         0,         1, "Apple M1", "Darwin 25.2.0", "clang 17.0.0 (clang-1700.6.3.2)",          8, 2026-01-30T18:17:13, ok
2026-01-30T18:08:23-fbe5dda4785f, bvh-mt  ,   320,    180,      10,        20,             0,           18,            7,   1,       1,   0, 0.007792, 0.004417, 0.012209,    570.235,    570.247,         0.051541,    0    ,    5.78259,   4312774,         0,         2, "Apple M1", "Darwin 25.2.0", "clang 17.0.0 (clang-1700.6.3.2)",          8, 2026-01-30T18:17:13, ok
2026-01-30T18:08:23-fbe5dda4785f, gpu     ,   320,    180,      10,        20,             0,           18,            0,   0,       0,   1, 0.007625, 0       , 0.007625,    224.466,    224.474,         0       ,  219.898,    6.14197,    576000,         1,         0, "Apple M1", "Darwin 25.2.0", "clang 17.0.0 (clang-1700.6.3.2)",          8, 2026-01-30T18:17:14, ok
2026-01-30T18:08:23-fbe5dda4785f, gpu     ,   320,    180,      10,        20,             0,           18,            0,   0,       0,   1, 0.0265  , 0       , 0.0265  ,    211.54 ,    211.566,         0       ,  207.703,    6.14197,    576000,         0,         1, "Apple M1", "Darwin 25.2.0", "clang 17.0.0 (clang-1700.6.3.2)",          8, 2026-01-30T18:17:14, ok
2026-01-30T18:08:23-fbe5dda4785f, gpu     ,   320,    180,      10,        20,             0,           18,            0,   0,       0,   1, 0.033041, 0       , 0.033041,    216.325,    216.358,         0       ,  212.775,    6.14197,    576000,         0,         2, "Apple M1", "Darwin 25.2.0", "clang 17.0.0 (clang-1700.6.3.2)",          8, 2026-01-30T18:17:14, ok
2026-01-30T18:08:23-fbe5dda4785f, original,   320,    180,      10,        20,             0,           18,            8,   0,       0,   0, 0.012   , 0       , 0.012   ,   4589.04 ,   4589.05 ,         0       ,    0    ,    5.61072,   4327152,         1,         0, "Apple M1", "Darwin 25.2.0", "clang 17.0.0 (clang-1700.6.3.2)",          8, 2026-01-30T18:17:19, ok
2026-01-30T18:08:23-fbe5dda4785f, original,   320,    180,      10,        20,             0,           18,            8,   0,       0,   0, 0.008   , 0       , 0.008   ,   4546.66 ,   4546.67 ,         0       ,    0    ,    5.61072,   4317059,         0,         1, "Apple M1", "Darwin 25.2.0", "clang 17.0.0 (clang-1700.6.3.2)",          8, 2026-01-30T18:17:23, ok
2026-01-30T18:08:23-fbe5dda4785f, original,   320,    180,      10,        20,             0,           18,            8,   0,       0,   0, 0.013792, 0       , 0.013792,   4541.24 ,   4541.26 ,         0       ,    0    ,    5.61072,   4319500,         0,         2, "Apple M1", "Darwin 25.2.0", "clang 17.0.0 (clang-1700.6.3.2)",          8, 2026-01-30T18:17:28, ok
2026-01-30T18:08:23-fbe5dda4785f, bvh     ,   320,    180,      10,        20,             0,           18,            8,   1,       0,   0, 0.013   , 0.015584, 0.028584,   1842.81 ,   1842.84 ,         0       ,    0    ,    5.61072,   4324947,         1,         0, "Apple M1", "Darwin 25.2.0", "clang 17.0.0 (clang-1700.6.3.2)",          8, 2026-01-30T18:17:29, ok
2026-01-30T18:08:23-fbe5dda4785f, bvh     ,   320,    180,      10,        20,             0,           18,            8,   1,       0,   0, 0.008042, 0.004958, 0.013   ,   1732.53 ,   1732.54 ,         0       ,    0    ,    5.61072,   4315148,         0,         1, "Apple M1", "Darwin 25.2.0", "clang 17.0.0 (clang-1700.6.3.2)",          8, 2026-01-30T18:17:31, ok
2026-01-30T18:08:23-fbe5dda4785f, bvh     ,   320,    180,      10,        20,             0,           18,            8,   1,       0,   0, 0.007958, 0.005   , 0.012958,   1913.53 ,   1913.54 ,         0       ,    0    ,    5.61072,   4322856,         0,         2, "Apple M1", "Darwin 25.2.0", "clang 17.0.0 (clang-1700.6.3.2)",          8, 2026-01-30T18:17:33, ok
2026-01-30T18:08:23-fbe5dda4785f, bvh-mt  ,   320,    180,      10,        20,             0,           18,            8,   1,       1,   0, 0.007667, 0.004875, 0.012542,    495.248,    495.261,         0.131459,    0    ,    5.61072,   4313685,         1,         0, "Apple M1", "Darwin 25.2.0", "clang 17.0.0 (clang-1700.6.3.2)",          8, 2026-01-30T18:17:34, ok
2026-01-30T18:08:23-fbe5dda4785f, bvh-mt  ,   320,    180,      10,        20,             0,           18,            8,   1,       1,   0, 0.009209, 0.005083, 0.014292,    584.932,    584.946,         0.061083,    0    ,    5.61072,   4319943,         0,         1, "Apple M1", "Darwin 25.2.0", "clang 17.0.0 (clang-1700.6.3.2)",          8, 2026-01-30T18:17:34, ok
2026-01-30T18:08:23-fbe5dda4785f, bvh-mt  ,   320,    180,      10,        20,             0,           18,            8,   1,       1,   0, 0.011167, 0.012542, 0.023709,    562.72 ,    562.744,         0.0735  ,    0    ,    5.61072,   4321401,         0,         2, "Apple M1", "Darwin 25.2.0", "clang 17.0.0 (clang-1700.6.3.2)",          8, 2026-01-30T18:17:35, ok
2026-01-30T18:08:23-fbe5dda4785f, gpu     ,   320,    180,      10,        20,             0,           18,            0,   0,       0,   1, 0.009833, 0       , 0.009833,    237.631,    237.64 ,         0       ,  223.194,    5.87634,    576000,         1,         0, "Apple M1", "Darwin 25.2.0", "clang 17.0.0 (clang-1700.6.3.2)",          8, 2026-01-30T18:17:35, ok
2026-01-30T18:08:23-fbe5dda4785f, gpu     ,   320,    180,      10,        20,             0,           18,            0,   0,       0,   1, 0.012125, 0       , 0.012125,    213.911,    213.923,         0       ,  207.947,    5.87634,    576000,         0,         1, "Apple M1", "Darwin 25.2.0", "clang 17.0.0 (clang-1700.6.3.2)",          8, 2026-01-30T18:17:35, ok
2026-01-30T18:08:23-fbe5dda4785f, gpu     ,   320,    180,      10,        20,             0,           18,            0,   0,       0,   1, 0.014917, 0       , 0.014917,    215.598,    215.613,         0       ,  212.292,    5.87634,    576000,         0,         2, "Apple M1", "Darwin 25.2.0", "clang 17.0.0 (clang-1700.6.3.2)",          8, 2026-01-30T18:17:35, ok
2026-01-30T18:08:23-fbe5dda4785f, original,   320,    180,      10,        20,           100,          118,            1,   0,       0,   0, 0.075417, 0       , 0.075417,   9296.98 ,   9297.05 ,         0       ,    0    ,    5.78259,   4563138,         1,         0, "Apple M1", "Darwin 25.2.0", "clang 17.0.0 (clang-1700.6.3.2)",          8, 2026-01-30T18:17:45, ok
2026-01-30T18:08:23-fbe5dda4785f, original,   320,    180,      10,        20,           100,          118,            1,   0,       0,   0, 0.028958, 0       , 0.028958,   9169.68 ,   9169.71 ,         0       ,    0    ,    5.68884,   4551804,         0,         1, "Apple M1", "Darwin 25.2.0", "clang 17.0.0 (clang-1700.6.3.2)",          8, 2026-01-30T18:17:54, ok
2026-01-30T18:08:23-fbe5dda4785f, original,   320,    180,      10,        20,           100,          118,            1,   0,       0,   0, 0.015209, 0       , 0.015209,   9219.65 ,   9219.67 ,         0       ,    0    ,    5.51697,   4557356,         0,         2, "Apple M1", "Darwin 25.2.0", "clang 17.0.0 (clang-1700.6.3.2)",          8, 2026-01-30T18:18:03, ok
2026-01-30T18:08:23-fbe5dda4785f, bvh     ,   320,    180,      10,        20,           100,          118,            1,   1,       0,   0, 0.041125, 0.06275 , 0.103875,   2955.89 ,   2955.99 ,         0       ,    0    ,    5.51697,   4554532,         1,         0, "Apple M1", "Darwin 25.2.0", "clang 17.0.0 (clang-1700.6.3.2)",          8, 2026-01-30T18:18:06, ok
2026-01-30T18:08:23-fbe5dda4785f, bvh     ,   320,    180,      10,        20,           100,          118,            1,   1,       0,   0, 0.013084, 0.026625, 0.039709,   3662.84 ,   3662.88 ,         0       ,    0    ,    5.51697,   4549760,         0,         1, "Apple M1", "Darwin 25.2.0", "clang 17.0.0 (clang-1700.6.3.2)",          8, 2026-01-30T18:18:10, ok
2026-01-30T18:08:23-fbe5dda4785f, bvh     ,   320,    180,      10,        20,           100,          118,            1,   1,       0,   0, 0.012375, 0.031167, 0.043542,   3701.59 ,   3701.63 ,         0       ,    0    ,    5.51697,   4555354,         0,         2, "Apple M1", "Darwin 25.2.0", "clang 17.0.0 (clang-1700.6.3.2)",          8, 2026-01-30T18:18:13, ok
2026-01-30T18:08:23-fbe5dda4785f, bvh-mt  ,   320,    180,      10,        20,           100,          118,            1,   1,       1,   0, 0.01225 , 0.049916, 0.062166,   2926.12 ,   2926.19 ,         0       ,    0    ,    5.51697,   4548435,         1,         0, "Apple M1", "Darwin 25.2.0", "clang 17.0.0 (clang-1700.6.3.2)",          8, 2026-01-30T18:18:16, ok
2026-01-30T18:08:23-fbe5dda4785f, bvh-mt  ,   320,    180,      10,        20,           100,          118,            1,   1,       1,   0, 0.014042, 0.037458, 0.0515  ,   2772.66 ,   2772.72 ,         0       ,    0    ,    5.51697,   4551285,         0,         1, "Apple M1", "Darwin 25.2.0", "clang 17.0.0 (clang-1700.6.3.2)",          8, 2026-01-30T18:18:19, ok
2026-01-30T18:08:23-fbe5dda4785f, bvh-mt  ,   320,    180,      10,        20,           100,          118,            1,   1,       1,   0, 0.019875, 0.035458, 0.055333,   3328.81 ,   3328.86 ,         0       ,    0    ,    5.51697,   4563884,         0,         2, "Apple M1", "Darwin 25.2.0", "clang 17.0.0 (clang-1700.6.3.2)",          8, 2026-01-30T18:18:22, ok
2026-01-30T18:08:23-fbe5dda4785f, gpu     ,   320,    180,      10,        20,           100,          118,            0,   0,       0,   1, 0.015708, 0       , 0.015708,    427.089,    427.105,         0       ,  424.499,    5.87634,    576000,         1,         0, "Apple M1", "Darwin 25.2.0", "clang 17.0.0 (clang-1700.6.3.2)",          8, 2026-01-30T18:18:23, ok
2026-01-30T18:08:23-fbe5dda4785f, gpu     ,   320,    180,      10,        20,           100,          118,            0,   0,       0,   1, 0.044833, 0       , 0.044833,    423.348,    423.393,         0       ,  419.696,    6.14197,    576000,         0,         1, "Apple M1", "Darwin 25.2.0", "clang 17.0.0 (clang-1700.6.3.2)",          8, 2026-01-30T18:18:23, ok
2026-01-30T18:08:23-fbe5dda4785f, gpu     ,   320,    180,      10,        20,           100,          118,            0,   0,       0,   1, 0.060958, 0       , 0.060958,    422.652,    422.713,         0       ,  416.534,    6.14197,    576000,         0,         2, "Apple M1", "Darwin 25.2.0", "clang 17.0.0 (clang-1700.6.3.2)",          8, 2026-01-30T18:18:24, ok
2026-01-30T18:08:23-fbe5dda4785f, original,   320,    180,      10,        20,           100,          118,            2,   0,       0,   0, 0.045125, 0       , 0.045125,   9288.97 ,   9289.01 ,         0       ,    0    ,    5.87634,   4545799,         1,         0, "Apple M1", "Darwin 25.2.0", "clang 17.0.0 (clang-1700.6.3.2)",          8, 2026-01-30T18:18:33, ok
2026-01-30T18:08:23-fbe5dda4785f, original,   320,    180,      10,        20,           100,          118,            2,   0,       0,   0, 0.039958, 0       , 0.039958,   9226.83 ,   9226.87 ,         0       ,    0    ,    5.78259,   4558648,         0,         1, "Apple M1", "Darwin 25.2.0", "clang 17.0.0 (clang-1700.6.3.2)",          8, 2026-01-30T18:18:42, ok
2026-01-30T18:08:23-fbe5dda4785f, original,   320,    180,      10,        20,           100,          118,            2,   0,       0,   0, 0.013792, 0       , 0.013792,   9196.37 ,   9196.38 ,         0       ,    0    ,    5.51697,   4566330,         0,         2, "Apple M1", "Darwin 25.2.0", "clang 17.0.0 (clang-1700.6.3.2)",          8, 2026-01-30T18:18:51, ok
2026-01-30T18:08:23-fbe5dda4785f, bvh     ,   320,    180,      10,        20,           100,          118,            2,   1,       0,   0, 0.033458, 0.045958, 0.079416,   3295.33 ,   3295.41 ,         0       ,    0    ,    5.51697,   4559230,         1,         0, "Apple M1", "Darwin 25.2.0", "clang 17.0.0 (clang-1700.6.3.2)",          8, 2026-01-30T18:18:55, ok
2026-01-30T18:08:23-fbe5dda4785f, bvh     ,   320,    180,      10,        20,           100,          118,            2,   1,       0,   0, 0.012916, 0.042417, 0.055333,   2734.22 ,   2734.28 ,         0       ,    0    ,    5.51697,   4550739,         0,         1, "Apple M1", "Darwin 25.2.0", "clang 17.0.0 (clang-1700.6.3.2)",          8, 2026-01-30T18:18:57, ok
2026-01-30T18:08:23-fbe5dda4785f, bvh     ,   320,    180,      10,        20,           100,          118,            2,   1,       0,   0, 0.012375, 0.039209, 0.051584,   3356.5  ,   3356.55 ,         0       ,    0    ,    5.51697,   4557606,         0,         2, "Apple M1", "Darwin 25.2.0", "clang 17.0.0 (clang-1700.6.3.2)",          8, 2026-01-30T18:19:01, ok
2026-01-30T18:08:23-fbe5dda4785f, bvh-mt  ,   320,    180,      10,        20,           100,          118,            2,   1,       1,   0, 0.044417, 0.052166, 0.096583,   1593.24 ,   1593.34 ,         0.048875,    0    ,    5.51697,   4549966,         1,         0, "Apple M1", "Darwin 25.2.0", "clang 17.0.0 (clang-1700.6.3.2)",          8, 2026-01-30T18:19:02, ok
2026-01-30T18:08:23-fbe5dda4785f, bvh-mt  ,   320,    180,      10,        20,           100,          118,            2,   1,       1,   0, 0.012292, 0.034   , 0.046292,   1733    ,   1733.05 ,         0.0185  ,    0    ,    5.51697,   4553162,         0,         1, "Apple M1", "Darwin 25.2.0", "clang 17.0.0 (clang-1700.6.3.2)",          8, 2026-01-30T18:19:04, ok
2026-01-30T18:08:23-fbe5dda4785f, bvh-mt  ,   320,    180,      10,        20,           100,          118,            2,   1,       1,   0, 0.011458, 0.047916, 0.059374,   1498.43 ,   1498.49 ,         0.02075 ,    0    ,    5.51697,   4556111,         0,         2, "Apple M1", "Darwin 25.2.0", "clang 17.0.0 (clang-1700.6.3.2)",          8, 2026-01-30T18:19:06, ok
2026-01-30T18:08:23-fbe5dda4785f, gpu     ,   320,    180,      10,        20,           100,          118,            0,   0,       0,   1, 0.013166, 0       , 0.013166,    432.167,    432.18 ,         0       ,  428.746,    5.87634,    576000,         1,         0, "Apple M1", "Darwin 25.2.0", "clang 17.0.0 (clang-1700.6.3.2)",          8, 2026-01-30T18:19:06, ok
2026-01-30T18:08:23-fbe5dda4785f, gpu     ,   320,    180,      10,        20,           100,          118,            0,   0,       0,   1, 0.060375, 0       , 0.060375,    422.599,    422.66 ,         0       ,  418.783,    6.14197,    576000,         0,         1, "Apple M1", "Darwin 25.2.0", "clang 17.0.0 (clang-1700.6.3.2)",          8, 2026-01-30T18:19:07, ok
2026-01-30T18:08:23-fbe5dda4785f, gpu     ,   320,    180,      10,        20,           100,          118,            0,   0,       0,   1, 0.027958, 0       , 0.027958,    418.833,    418.861,         0       ,  416.232,    6.14197,    576000,         0,         2, "Apple M1", "Darwin 25.2.0", "clang 17.0.0 (clang-1700.6.3.2)",          8, 2026-01-30T18:19:07, ok
2026-01-30T18:08:23-fbe5dda4785f, original,   320,    180,      10,        20,           100,          118,            3,   0,       0,   0, 0.014125, 0       , 0.014125,   9335.05 ,   9335.06 ,         0       ,    0    ,    5.87634,   4556858,         1,         0, "Apple M1", "Darwin 25.2.0", "clang 17.0.0 (clang-1700.6.3.2)",          8, 2026-01-30T18:19:16, ok
2026-01-30T18:08:23-fbe5dda4785f, original,   320,    180,      10,        20,           100,          118,            3,   0,       0,   0, 0.055083, 0       , 0.055083,   9179.72 ,   9179.78 ,         0       ,    0    ,    5.78259,   4546359,         0,         1, "Apple M1", "Darwin 25.2.0", "clang 17.0.0 (clang-1700.6.3.2)",          8, 2026-01-30T18:19:25, ok
2026-01-30T18:08:23-fbe5dda4785f, original,   320,    180,      10,        20,           100,          118,            3,   0,       0,   0, 0.01175 , 0       , 0.01175 ,   9197.19 ,   9197.2  ,         0       ,    0    ,    5.51697,   4563477,         0,         2, "Apple M1", "Darwin 25.2.0", "clang 17.0.0 (clang-1700.6.3.2)",          8, 2026-01-30T18:19:35, ok
2026-01-30T18:08:23-fbe5dda4785f, bvh     ,   320,    180,      10,        20,           100,          118,            3,   1,       0,   0, 0.048708, 0.063041, 0.111749,   2607.36 ,   2607.47 ,         0       ,    0    ,    5.51697,   4548767,         1,         0, "Apple M1", "Darwin 25.2.0", "clang 17.0.0 (clang-1700.6.3.2)",          8, 2026-01-30T18:19:37, ok
2026-01-30T18:08:23-fbe5dda4785f, bvh     ,   320,    180,      10,        20,           100,          118,            3,   1,       0,   0, 0.012875, 0.041792, 0.054667,   3252.77 ,   3252.83 ,         0       ,    0    ,    5.51697,   4551192,         0,         1, "Apple M1", "Darwin 25.2.0", "clang 17.0.0 (clang-1700.6.3.2)",          8, 2026-01-30T18:19:41, ok
2026-01-30T18:08:23-fbe5dda4785f, bvh     ,   320,    180,      10,        20,           100,          118,            3,   1,       0,   0, 0.011791, 0.0475  , 0.059291,   2907.72 ,   2907.78 ,         0       ,    0    ,    5.51697,   4563243,         0,         2, "Apple M1", "Darwin 25.2.0", "clang 17.0.0 (clang-1700.6.3.2)",          8, 2026-01-30T18:19:43, ok
2026-01-30T18:08:23-fbe5dda4785f, bvh-mt  ,   320,    180,      10,        20,           100,          118,            3,   1,       1,   0, 0.025   , 0.041541, 0.066541,   1379.1  ,   1379.17 ,         0.051   ,    0    ,    5.51697,   4555354,         1,         0, "Apple M1", "Darwin 25.2.0", "clang 17.0.0 (clang-1700.6.3.2)",          8, 2026-01-30T18:19:45, ok
2026-01-30T18:08:23-fbe5dda4785f, bvh-mt  ,   320,    180,      10,        20,           100,          118,            3,   1,       1,   0, 0.012417, 0.042125, 0.054542,   1237.78 ,   1237.83 ,         0.028708,    0    ,    5.51697,   4558649,         0,         1, "Apple M1", "Darwin 25.2.0", "clang 17.0.0 (clang-1700.6.3.2)",          8, 2026-01-30T18:19:46, ok
2026-01-30T18:08:23-fbe5dda4785f, bvh-mt  ,   320,    180,      10,        20,           100,          118,            3,   1,       1,   0, 0.011791, 0.04475 , 0.056541,   1222.44 ,   1222.5  ,         0.029833,    0    ,    5.51697,   4560280,         0,         2, "Apple M1", "Darwin 25.2.0", "clang 17.0.0 (clang-1700.6.3.2)",          8, 2026-01-30T18:19:47, ok
2026-01-30T18:08:23-fbe5dda4785f, gpu     ,   320,    180,      10,        20,           100,          118,            0,   0,       0,   1, 0.011959, 0       , 0.011959,    432.419,    432.431,         0       ,  429.368,    5.87634,    576000,         1,         0, "Apple M1", "Darwin 25.2.0", "clang 17.0.0 (clang-1700.6.3.2)",          8, 2026-01-30T18:19:48, ok
2026-01-30T18:08:23-fbe5dda4785f, gpu     ,   320,    180,      10,        20,           100,          118,            0,   0,       0,   1, 0.059542, 0       , 0.059542,    424.946,    425.005,         0       ,  420.991,    6.14197,    576000,         0,         1, "Apple M1", "Darwin 25.2.0", "clang 17.0.0 (clang-1700.6.3.2)",          8, 2026-01-30T18:19:48, ok
2026-01-30T18:08:23-fbe5dda4785f, gpu     ,   320,    180,      10,        20,           100,          118,            0,   0,       0,   1, 0.0445  , 0       , 0.0445  ,    420.814,    420.858,         0       ,  417.119,    6.14197,    576000,         0,         2, "Apple M1", "Darwin 25.2.0", "clang 17.0.0 (clang-1700.6.3.2)",          8, 2026-01-30T18:19:49, ok
2026-01-30T18:08:23-fbe5dda4785f, original,   320,    180,      10,        20,           100,          118,            4,   0,       0,   0, 0.0635  , 0       , 0.0635  ,   9227.2  ,   9227.26 ,         0       ,    0    ,    5.87634,   4557130,         1,         0, "Apple M1", "Darwin 25.2.0", "clang 17.0.0 (clang-1700.6.3.2)",          8, 2026-01-30T18:19:58, ok
2026-01-30T18:08:23-fbe5dda4785f, original,   320,    180,      10,        20,           100,          118,            4,   0,       0,   0, 0.055666, 0       , 0.055666,   9240.42 ,   9240.47 ,         0       ,    0    ,    5.87634,   4552546,         0,         1, "Apple M1", "Darwin 25.2.0", "clang 17.0.0 (clang-1700.6.3.2)",          8, 2026-01-30T18:20:07, ok
2026-01-30T18:08:23-fbe5dda4785f, original,   320,    180,      10,        20,           100,          118,            4,   0,       0,   0, 0.021417, 0       , 0.021417,   9351.51 ,   9351.53 ,         0       ,    0    ,    5.78259,   4556916,         0,         2, "Apple M1", "Darwin 25.2.0", "clang 17.0.0 (clang-1700.6.3.2)",          8, 2026-01-30T18:20:16, ok
2026-01-30T18:08:23-fbe5dda4785f, bvh     ,   320,    180,      10,        20,           100,          118,            4,   1,       0,   0, 0.043125, 0.064291, 0.107416,   3241.12 ,   3241.22 ,         0       ,    0    ,    5.51697,   4564537,         1,         0, "Apple M1", "Darwin 25.2.0", "clang 17.0.0 (clang-1700.6.3.2)",          8, 2026-01-30T18:20:20, ok
2026-01-30T18:08:23-fbe5dda4785f, bvh     ,   320,    180,      10,        20,           100,          118,            4,   1,       0,   0, 0.011958, 0.043958, 0.055916,   2891.9  ,   2891.96 ,         0       ,    0    ,    5.51697,   4556023,         0,         1, "Apple M1", "Darwin 25.2.0", "clang 17.0.0 (clang-1700.6.3.2)",          8, 2026-01-30T18:20:23, ok
2026-01-30T18:08:23-fbe5dda4785f, bvh     ,   320,    180,      10,        20,           100,          118,            4,   1,       0,   0, 0.02025 , 0.043   , 0.06325 ,   3406.44 ,   3406.51 ,         0       ,    0    ,    5.51697,   4551201,         0,         2, "Apple M1", "Darwin 25.2.0", "clang 17.0.0 (clang-1700.6.3.2)",          8, 2026-01-30T18:20:26, ok
2026-01-30T18:08:23-fbe5dda4785f, bvh-mt  ,   320,    180,      10,        20,           100,          118,            4,   1,       1,   0, 0.015458, 0.041458, 0.056916,   1161.64 ,   1161.7  ,         0.056416,    0    ,    5.51697,   4553840,         1,         0, "Apple M1", "Darwin 25.2.0", "clang 17.0.0 (clang-1700.6.3.2)",          8, 2026-01-30T18:20:27, ok
2026-01-30T18:08:23-fbe5dda4785f, bvh-mt  ,   320,    180,      10,        20,           100,          118,            4,   1,       1,   0, 0.011875, 0.038625, 0.0505  ,   1053.03 ,   1053.08 ,         0.034041,    0    ,    5.51697,   4563989,         0,         1, "Apple M1", "Darwin 25.2.0", "clang 17.0.0 (clang-1700.6.3.2)",          8, 2026-01-30T18:20:28, ok
2026-01-30T18:08:23-fbe5dda4785f, bvh-mt  ,   320,    180,      10,        20,           100,          118,            4,   1,       1,   0, 0.015334, 0.044834, 0.060168,   1248.51 ,   1248.57 ,         0.04775 ,    0    ,    5.51697,   4556616,         0,         2, "Apple M1", "Darwin 25.2.0", "clang 17.0.0 (clang-1700.6.3.2)",          8, 2026-01-30T18:20:29, ok
2026-01-30T18:08:23-fbe5dda4785f, gpu     ,   320,    180,      10,        20,           100,          118,            0,   0,       0,   1, 0.015792, 0       , 0.015792,    428.48 ,    428.496,         0       ,  424.658,    5.87634,    576000,         1,         0, "Apple M1", "Darwin 25.2.0", "clang 17.0.0 (clang-1700.6.3.2)",          8, 2026-01-30T18:20:30, ok
2026-01-30T18:08:23-fbe5dda4785f, gpu     ,   320,    180,      10,        20,           100,          118,            0,   0,       0,   1, 0.060125, 0       , 0.060125,    423.514,    423.574,         0       ,  419.248,    6.14197,    576000,         0,         1, "Apple M1", "Darwin 25.2.0", "clang 17.0.0 (clang-1700.6.3.2)",          8, 2026-01-30T18:20:30, ok
2026-01-30T18:08:23-fbe5dda4785f, gpu     ,   320,    180,      10,        20,           100,          118,            0,   0,       0,   1, 0.0595  , 0       , 0.0595  ,    422.58 ,    422.64 ,         0       ,  417.897,    6.14197,    576000,         0,         2, "Apple M1", "Darwin 25.2.0", "clang 17.0.0 (clang-1700.6.3.2)",          8, 2026-01-30T18:20:31, ok
2026-01-30T18:08:23-fbe5dda4785f, original,   320,    180,      10,        20,           100,          118,            5,   0,       0,   0, 0.050291, 0       , 0.050291,   9383.83 ,   9383.88 ,         0       ,    0    ,    5.87634,   4562051,         1,         0, "Apple M1", "Darwin 25.2.0", "clang 17.0.0 (clang-1700.6.3.2)",          8, 2026-01-30T18:20:40, ok
2026-01-30T18:08:23-fbe5dda4785f, original,   320,    180,      10,        20,           100,          118,            5,   0,       0,   0, 0.049833, 0       , 0.049833,   9227.15 ,   9227.2  ,         0       ,    0    ,    5.78259,   4562014,         0,         1, "Apple M1", "Darwin 25.2.0", "clang 17.0.0 (clang-1700.6.3.2)",          8, 2026-01-30T18:20:49, ok
2026-01-30T18:08:23-fbe5dda4785f, original,   320,    180,      10,        20,           100,          118,            5,   0,       0,   0, 0.012375, 0       , 0.012375,   9208.16 ,   9208.17 ,         0       ,    0    ,    5.51697,   4552279,         0,         2, "Apple M1", "Darwin 25.2.0", "clang 17.0.0 (clang-1700.6.3.2)",          8, 2026-01-30T18:20:58, ok
2026-01-30T18:08:23-fbe5dda4785f, bvh     ,   320,    180,      10,        20,           100,          118,            5,   1,       0,   0, 0.0415  , 0.049667, 0.091167,   3301.27 ,   3301.36 ,         0       ,    0    ,    5.51697,   4562589,         1,         0, "Apple M1", "Darwin 25.2.0", "clang 17.0.0 (clang-1700.6.3.2)",          8, 2026-01-30T18:21:02, ok
2026-01-30T18:08:23-fbe5dda4785f, bvh     ,   320,    180,      10,        20,           100,          118,            5,   1,       0,   0, 0.01225 , 0.045875, 0.058125,   3078.6  ,   3078.66 ,         0       ,    0    ,    5.51697,   4559233,         0,         1, "Apple M1", "Darwin 25.2.0", "clang 17.0.0 (clang-1700.6.3.2)",          8, 2026-01-30T18:21:05, ok
2026-01-30T18:08:23-fbe5dda4785f, bvh     ,   320,    180,      10,        20,           100,          118,            5,   1,       0,   0, 0.0135  , 0.044084, 0.057584,   2624.9  ,   2624.96 ,         0       ,    0    ,    5.51697,   4553593,         0,         2, "Apple M1", "Darwin 25.2.0", "clang 17.0.0 (clang-1700.6.3.2)",          8, 2026-01-30T18:21:07, ok
2026-01-30T18:08:23-fbe5dda4785f, bvh-mt  ,   320,    180,      10,        20,           100,          118,            5,   1,       1,   0, 0.0225  , 0.038292, 0.060792,   1076.02 ,   1076.08 ,         0.0805  ,    0    ,    5.51697,   4555062,         1,         0, "Apple M1", "Darwin 25.2.0", "clang 17.0.0 (clang-1700.6.3.2)",          8, 2026-01-30T18:21:09, ok
2026-01-30T18:08:23-fbe5dda4785f, bvh-mt  ,   320,    180,      10,        20,           100,          118,            5,   1,       1,   0, 0.01225 , 0.043792, 0.056042,    962.443,    962.499,         0.035083,    0    ,    5.51697,   4562589,         0,         1, "Apple M1", "Darwin 25.2.0", "clang 17.0.0 (clang-1700.6.3.2)",          8, 2026-01-30T18:21:10, ok
2026-01-30T18:08:23-fbe5dda4785f, bvh-mt  ,   320,    180,      10,        20,           100,          118,            5,   1,       1,   0, 0.011166, 0.047792, 0.058958,   1084.36 ,   1084.42 ,         0.037583,    0    ,    5.51697,   4557965,         0,         2, "Apple M1", "Darwin 25.2.0", "clang 17.0.0 (clang-1700.6.3.2)",          8, 2026-01-30T18:21:11, ok
2026-01-30T18:08:23-fbe5dda4785f, gpu     ,   320,    180,      10,        20,           100,          118,            0,   0,       0,   1, 0.018709, 0       , 0.018709,    431.369,    431.388,         0       ,  428.967,    5.87634,    576000,         1,         0, "Apple M1", "Darwin 25.2.0", "clang 17.0.0 (clang-1700.6.3.2)",          8, 2026-01-30T18:21:11, ok
2026-01-30T18:08:23-fbe5dda4785f, gpu     ,   320,    180,      10,        20,           100,          118,            0,   0,       0,   1, 0.035042, 0       , 0.035042,    423.236,    423.271,         0       ,  419.385,    6.14197,    576000,         0,         1, "Apple M1", "Darwin 25.2.0", "clang 17.0.0 (clang-1700.6.3.2)",          8, 2026-01-30T18:21:11, ok
2026-01-30T18:08:23-fbe5dda4785f, gpu     ,   320,    180,      10,        20,           100,          118,            0,   0,       0,   1, 0.049666, 0       , 0.049666,    417.984,    418.033,         0       ,  413.923,    6.14197,    576000,         0,         2, "Apple M1", "Darwin 25.2.0", "clang 17.0.0 (clang-1700.6.3.2)",          8, 2026-01-30T18:21:12, ok
2026-01-30T18:08:23-fbe5dda4785f, original,   320,    180,      10,        20,           100,          118,            6,   0,       0,   0, 0.049375, 0       , 0.049375,   9250.24 ,   9250.29 ,         0       ,    0    ,    5.87634,   4557726,         1,         0, "Apple M1", "Darwin 25.2.0", "clang 17.0.0 (clang-1700.6.3.2)",          8, 2026-01-30T18:21:21, ok
2026-01-30T18:08:23-fbe5dda4785f, original,   320,    180,      10,        20,           100,          118,            6,   0,       0,   0, 0.015542, 0       , 0.015542,   9226.74 ,   9226.75 ,         0       ,    0    ,    5.78259,   4560984,         0,         1, "Apple M1", "Darwin 25.2.0", "clang 17.0.0 (clang-1700.6.3.2)",          8, 2026-01-30T18:21:30, ok
2026-01-30T18:08:23-fbe5dda4785f, original,   320,    180,      10,        20,           100,          118,            6,   0,       0,   0, 0.031167, 0       , 0.031167,   9219.07 ,   9219.1  ,         0       ,    0    ,    5.51697,   4558404,         0,         2, "Apple M1", "Darwin 25.2.0", "clang 17.0.0 (clang-1700.6.3.2)",          8, 2026-01-30T18:21:40, ok
2026-01-30T18:08:23-fbe5dda4785f, bvh     ,   320,    180,      10,        20,           100,          118,            6,   1,       0,   0, 0.022208, 0.067708, 0.089916,   3068.23 ,   3068.32 ,         0       ,    0    ,    5.51697,   4557922,         1,         0, "Apple M1", "Darwin 25.2.0", "clang 17.0.0 (clang-1700.6.3.2)",          8, 2026-01-30T18:21:43, ok
2026-01-30T18:08:23-fbe5dda4785f, bvh     ,   320,    180,      10,        20,           100,          118,            6,   1,       0,   0, 0.017333, 0.043167, 0.0605  ,   2692.33 ,   2692.39 ,         0       ,    0    ,    5.51697,   4548984,         0,         1, "Apple M1", "Darwin 25.2.0", "clang 17.0.0 (clang-1700.6.3.2)",          8, 2026-01-30T18:21:45, ok
2026-01-30T18:08:23-fbe5dda4785f, bvh     ,   320,    180,      10,        20,           100,          118,            6,   1,       0,   0, 0.024125, 0.042916, 0.067041,   2815.85 ,   2815.91 ,         0       ,    0    ,    5.51697,   4555436,         0,         2, "Apple M1", "Darwin 25.2.0", "clang 17.0.0 (clang-1700.6.3.2)",          8, 2026-01-30T18:21:48, ok
2026-01-30T18:08:23-fbe5dda4785f, bvh-mt  ,   320,    180,      10,        20,           100,          118,            6,   1,       1,   0, 0.013666, 0.027375, 0.041041,   1211.37 ,   1211.41 ,         0.099167,    0    ,    5.51697,   4558183,         1,         0, "Apple M1", "Darwin 25.2.0", "clang 17.0.0 (clang-1700.6.3.2)",          8, 2026-01-30T18:21:49, ok
2026-01-30T18:08:23-fbe5dda4785f, bvh-mt  ,   320,    180,      10,        20,           100,          118,            6,   1,       1,   0, 0.013459, 0.042333, 0.055792,    870.938,    870.994,         0.062   ,    0    ,    5.51697,   4558788,         0,         1, "Apple M1", "Darwin 25.2.0", "clang 17.0.0 (clang-1700.6.3.2)",          8, 2026-01-30T18:21:50, ok
2026-01-30T18:08:23-fbe5dda4785f, bvh-mt  ,   320,    180,      10,        20,           100,          118,            6,   1,       1,   0, 0.011875, 0.039   , 0.050875,    980.226,    980.277,         0.0565  ,    0    ,    5.51697,   4549985,         0,         2, "Apple M1", "Darwin 25.2.0", "clang 17.0.0 (clang-1700.6.3.2)",          8, 2026-01-30T18:21:51, ok
2026-01-30T18:08:23-fbe5dda4785f, gpu     ,   320,    180,      10,        20,           100,          118,            0,   0,       0,   1, 0.013583, 0       , 0.013583,    428.782,    428.796,         0       ,  426.032,    5.87634,    576000,         1,         0, "Apple M1", "Darwin 25.2.0", "clang 17.0.0 (clang-1700.6.3.2)",          8, 2026-01-30T18:21:52, ok
2026-01-30T18:08:23-fbe5dda4785f, gpu     ,   320,    180,      10,        20,           100,          118,            0,   0,       0,   1, 0.047958, 0       , 0.047958,    428    ,    428.048,         0       ,  422.636,    6.14197,    576000,         0,         1, "Apple M1", "Darwin 25.2.0", "clang 17.0.0 (clang-1700.6.3.2)",          8, 2026-01-30T18:21:52, ok
2026-01-30T18:08:23-fbe5dda4785f, gpu     ,   320,    180,      10,        20,           100,          118,            0,   0,       0,   1, 0.0605  , 0       , 0.0605  ,    422.718,    422.779,         0       ,  418.726,    6.14197,    576000,         0,         2, "Apple M1", "Darwin 25.2.0", "clang 17.0.0 (clang-1700.6.3.2)",          8, 2026-01-30T18:21:53, ok
2026-01-30T18:08:23-fbe5dda4785f, original,   320,    180,      10,        20,           100,          118,            7,   0,       0,   0, 0.061833, 0       , 0.061833,   9247.3  ,   9247.36 ,         0       ,    0    ,    5.87634,   4553261,         1,         0, "Apple M1", "Darwin 25.2.0", "clang 17.0.0 (clang-1700.6.3.2)",          8, 2026-01-30T18:22:02, ok
2026-01-30T18:08:23-fbe5dda4785f, original,   320,    180,      10,        20,           100,          118,            7,   0,       0,   0, 0.05225 , 0       , 0.05225 ,   9245.92 ,   9245.97 ,         0       ,    0    ,    5.78259,   4563636,         0,         1, "Apple M1", "Darwin 25.2.0", "clang 17.0.0 (clang-1700.6.3.2)",          8, 2026-01-30T18:22:11, ok
2026-01-30T18:08:23-fbe5dda4785f, original,   320,    180,      10,        20,           100,          118,            7,   0,       0,   0, 0.011417, 0       , 0.011417,   9216.89 ,   9216.91 ,         0       ,    0    ,    5.51697,   4560257,         0,         2, "Apple M1", "Darwin 25.2.0", "clang 17.0.0 (clang-1700.6.3.2)",          8, 2026-01-30T18:22:20, ok
2026-01-30T18:08:23-fbe5dda4785f, bvh     ,   320,    180,      10,        20,           100,          118,            7,   1,       0,   0, 0.033833, 0.043959, 0.077792,   3552.75 ,   3552.83 ,         0       ,    0    ,    5.51697,   4560280,         1,         0, "Apple M1", "Darwin 25.2.0", "clang 17.0.0 (clang-1700.6.3.2)",          8, 2026-01-30T18:22:24, ok
2026-01-30T18:08:23-fbe5dda4785f, bvh     ,   320,    180,      10,        20,           100,          118,            7,   1,       0,   0, 0.023083, 0.037833, 0.060916,   3047.08 ,   3047.14 ,         0       ,    0    ,    5.51697,   4551574,         0,         1, "Apple M1", "Darwin 25.2.0", "clang 17.0.0 (clang-1700.6.3.2)",          8, 2026-01-30T18:22:27, ok
2026-01-30T18:08:23-fbe5dda4785f, bvh     ,   320,    180,      10,        20,           100,          118,            7,   1,       0,   0, 0.02925 , 0.035542, 0.064792,   3647.42 ,   3647.49 ,         0       ,    0    ,    5.51697,   4554883,         0,         2, "Apple M1", "Darwin 25.2.0", "clang 17.0.0 (clang-1700.6.3.2)",          8, 2026-01-30T18:22:30, ok
2026-01-30T18:08:23-fbe5dda4785f, bvh-mt  ,   320,    180,      10,        20,           100,          118,            7,   1,       1,   0, 0.015083, 0.046958, 0.062041,    795.161,    795.223,         0.081333,    0    ,    5.51697,   4568629,         1,         0, "Apple M1", "Darwin 25.2.0", "clang 17.0.0 (clang-1700.6.3.2)",          8, 2026-01-30T18:22:31, ok
2026-01-30T18:08:23-fbe5dda4785f, bvh-mt  ,   320,    180,      10,        20,           100,          118,            7,   1,       1,   0, 0.012416, 0.038792, 0.051208,    953.739,    953.79 ,         0.057125,    0    ,    5.51697,   4552594,         0,         1, "Apple M1", "Darwin 25.2.0", "clang 17.0.0 (clang-1700.6.3.2)",          8, 2026-01-30T18:22:32, ok
2026-01-30T18:08:23-fbe5dda4785f, bvh-mt  ,   320,    180,      10,        20,           100,          118,            7,   1,       1,   0, 0.025375, 0.045791, 0.071166,    819.726,    819.797,         0.063667,    0    ,    5.51697,   4551374,         0,         2, "Apple M1", "Darwin 25.2.0", "clang 17.0.0 (clang-1700.6.3.2)",          8, 2026-01-30T18:22:33, ok
2026-01-30T18:08:23-fbe5dda4785f, gpu     ,   320,    180,      10,        20,           100,          118,            0,   0,       0,   1, 0.012583, 0       , 0.012583,    427.309,    427.322,         0       ,  424.337,    5.86072,    576000,         1,         0, "Apple M1", "Darwin 25.2.0", "clang 17.0.0 (clang-1700.6.3.2)",          8, 2026-01-30T18:22:33, ok
2026-01-30T18:08:23-fbe5dda4785f, gpu     ,   320,    180,      10,        20,           100,          118,            0,   0,       0,   1, 0.04575 , 0       , 0.04575 ,    422.604,    422.649,         0       ,  419.228,    6.14197,    576000,         0,         1, "Apple M1", "Darwin 25.2.0", "clang 17.0.0 (clang-1700.6.3.2)",          8, 2026-01-30T18:22:34, ok
2026-01-30T18:08:23-fbe5dda4785f, gpu     ,   320,    180,      10,        20,           100,          118,            0,   0,       0,   1, 0.0275  , 0       , 0.0275  ,    419.402,    419.429,         0       ,  416.63 ,    6.14197,    576000,         0,         2, "Apple M1", "Darwin 25.2.0", "clang 17.0.0 (clang-1700.6.3.2)",          8, 2026-01-30T18:22:34, ok
2026-01-30T18:08:23-fbe5dda4785f, original,   320,    180,      10,        20,           100,          118,            8,   0,       0,   0, 0.046333, 0       , 0.046333,   9294.54 ,   9294.58 ,         0       ,    0    ,    5.87634,   4558789,         1,         0, "Apple M1", "Darwin 25.2.0", "clang 17.0.0 (clang-1700.6.3.2)",          8, 2026-01-30T18:22:44, ok
2026-01-30T18:08:23-fbe5dda4785f, original,   320,    180,      10,        20,           100,          118,            8,   0,       0,   0, 0.016792, 0       , 0.016792,   9173.91 ,   9173.93 ,         0       ,    0    ,    5.78259,   4550317,         0,         1, "Apple M1", "Darwin 25.2.0", "clang 17.0.0 (clang-1700.6.3.2)",          8, 2026-01-30T18:22:53, ok
2026-01-30T18:08:23-fbe5dda4785f, original,   320,    180,      10,        20,           100,          118,            8,   0,       0,   0, 0.023208, 0       , 0.023208,   9185.06 ,   9185.08 ,         0       ,    0    ,    5.51697,   4547731,         0,         2, "Apple M1", "Darwin 25.2.0", "clang 17.0.0 (clang-1700.6.3.2)",          8, 2026-01-30T18:23:02, ok
2026-01-30T18:08:23-fbe5dda4785f, bvh     ,   320,    180,      10,        20,           100,          118,            8,   1,       0,   0, 0.01425 , 0.055583, 0.069833,   2834.71 ,   2834.78 ,         0       ,    0    ,    5.51697,   4560539,         1,         0, "Apple M1", "Darwin 25.2.0", "clang 17.0.0 (clang-1700.6.3.2)",          8, 2026-01-30T18:23:05, ok
2026-01-30T18:08:23-fbe5dda4785f, bvh     ,   320,    180,      10,        20,           100,          118,            8,   1,       0,   0, 0.022167, 0.033209, 0.055376,   3454.44 ,   3454.49 ,         0       ,    0    ,    5.51697,   4560138,         0,         1, "Apple M1", "Darwin 25.2.0", "clang 17.0.0 (clang-1700.6.3.2)",          8, 2026-01-30T18:23:08, ok
2026-01-30T18:08:23-fbe5dda4785f, bvh     ,   320,    180,      10,        20,           100,          118,            8,   1,       0,   0, 0.014041, 0.048458, 0.062499,   2840.61 ,   2840.68 ,         0       ,    0    ,    5.51697,   4554206,         0,         2, "Apple M1", "Darwin 25.2.0", "clang 17.0.0 (clang-1700.6.3.2)",          8, 2026-01-30T18:23:11, ok
2026-01-30T18:08:23-fbe5dda4785f, bvh-mt  ,   320,    180,      10,        20,           100,          118,            8,   1,       1,   0, 0.014292, 0.038375, 0.052667,    931.114,    931.166,         0.122291,    0    ,    5.51697,   4557670,         1,         0, "Apple M1", "Darwin 25.2.0", "clang 17.0.0 (clang-1700.6.3.2)",          8, 2026-01-30T18:23:12, ok
2026-01-30T18:08:23-fbe5dda4785f, bvh-mt  ,   320,    180,      10,        20,           100,          118,            8,   1,       1,   0, 0.011959, 0.04275 , 0.054709,    899.684,    899.739,         0.069334,    0    ,    5.51697,   4548068,         0,         1, "Apple M1", "Darwin 25.2.0", "clang 17.0.0 (clang-1700.6.3.2)",          8, 2026-01-30T18:23:13, ok
2026-01-30T18:08:23-fbe5dda4785f, bvh-mt  ,   320,    180,      10,        20,           100,          118,            8,   1,       1,   0, 0.016333, 0.058834, 0.075167,    914.145,    914.22 ,         0.166042,    0    ,    5.51697,   4561351,         0,         2, "Apple M1", "Darwin 25.2.0", "clang 17.0.0 (clang-1700.6.3.2)",          8, 2026-01-30T18:23:14, ok
2026-01-30T18:08:23-fbe5dda4785f, gpu     ,   320,    180,      10,        20,           100,          118,            0,   0,       0,   1, 0.015416, 0       , 0.015416,    428.2  ,    428.215,         0       ,  424.782,    5.87634,    576000,         1,         0, "Apple M1", "Darwin 25.2.0", "clang 17.0.0 (clang-1700.6.3.2)",          8, 2026-01-30T18:23:14, ok
2026-01-30T18:08:23-fbe5dda4785f, gpu     ,   320,    180,      10,        20,           100,          118,            0,   0,       0,   1, 0.068375, 0       , 0.068375,    422.594,    422.662,         0       ,  418.711,    6.14197,    576000,         0,         1, "Apple M1", "Darwin 25.2.0", "clang 17.0.0 (clang-1700.6.3.2)",          8, 2026-01-30T18:23:15, ok
2026-01-30T18:08:23-fbe5dda4785f, gpu     ,   320,    180,      10,        20,           100,          118,            0,   0,       0,   1, 0.044917, 0       , 0.044917,    423.524,    423.569,         0       ,  418.19 ,    6.14197,    576000,         0,         2, "Apple M1", "Darwin 25.2.0", "clang 17.0.0 (clang-1700.6.3.2)",          8, 2026-01-30T18:23:15, ok
2026-01-30T18:08:23-fbe5dda4785f, original,   320,    180,      20,        10,             0,           18,            1,   0,       0,   0, 0.035584, 0       , 0.035584,   6748.05 ,   6748.08 ,         0       ,    0    ,    5.87634,   6786068,         1,         0, "Apple M1", "Darwin 25.2.0", "clang 17.0.0 (clang-1700.6.3.2)",          8, 2026-01-30T18:23:22, ok
2026-01-30T18:08:23-fbe5dda4785f, original,   320,    180,      20,        10,             0,           18,            1,   0,       0,   0, 0.016834, 0       , 0.016834,   6713.29 ,   6713.3  ,         0       ,    0    ,    5.87634,   6782789,         0,         1, "Apple M1", "Darwin 25.2.0", "clang 17.0.0 (clang-1700.6.3.2)",          8, 2026-01-30T18:23:29, ok
2026-01-30T18:08:23-fbe5dda4785f, original,   320,    180,      20,        10,             0,           18,            1,   0,       0,   0, 0.008458, 0       , 0.008458,   6673.64 ,   6673.65 ,         0       ,    0    ,    5.78259,   6778290,         0,         2, "Apple M1", "Darwin 25.2.0", "clang 17.0.0 (clang-1700.6.3.2)",          8, 2026-01-30T18:23:35, ok
2026-01-30T18:08:23-fbe5dda4785f, bvh     ,   320,    180,      20,        10,             0,           18,            1,   1,       0,   0, 0.023125, 0.018875, 0.042   ,   2751.25 ,   2751.29 ,         0       ,    0    ,    5.78259,   6779783,         1,         0, "Apple M1", "Darwin 25.2.0", "clang 17.0.0 (clang-1700.6.3.2)",          8, 2026-01-30T18:23:38, ok
2026-01-30T18:08:23-fbe5dda4785f, bvh     ,   320,    180,      20,        10,             0,           18,            1,   1,       0,   0, 0.008375, 0.004667, 0.013042,   2614.17 ,   2614.18 ,         0       ,    0    ,    5.51697,   6779247,         0,         1, "Apple M1", "Darwin 25.2.0", "clang 17.0.0 (clang-1700.6.3.2)",          8, 2026-01-30T18:23:41, ok
2026-01-30T18:08:23-fbe5dda4785f, bvh     ,   320,    180,      20,        10,             0,           18,            1,   1,       0,   0, 0.013417, 0.005334, 0.018751,   2847.22 ,   2847.23 ,         0       ,    0    ,    5.51697,   6781051,         0,         2, "Apple M1", "Darwin 25.2.0", "clang 17.0.0 (clang-1700.6.3.2)",          8, 2026-01-30T18:23:43, ok
2026-01-30T18:08:23-fbe5dda4785f, bvh-mt  ,   320,    180,      20,        10,             0,           18,            1,   1,       1,   0, 0.03125 , 0.011083, 0.042333,   2772.9  ,   2772.94 ,         0       ,    0    ,    5.51697,   6785126,         1,         0, "Apple M1", "Darwin 25.2.0", "clang 17.0.0 (clang-1700.6.3.2)",          8, 2026-01-30T18:23:46, ok
2026-01-30T18:08:23-fbe5dda4785f, bvh-mt  ,   320,    180,      20,        10,             0,           18,            1,   1,       1,   0, 0.010375, 0.004625, 0.015   ,   2828.69 ,   2828.7  ,         0       ,    0    ,    5.51697,   6782834,         0,         1, "Apple M1", "Darwin 25.2.0", "clang 17.0.0 (clang-1700.6.3.2)",          8, 2026-01-30T18:23:49, ok
2026-01-30T18:08:23-fbe5dda4785f, bvh-mt  ,   320,    180,      20,        10,             0,           18,            1,   1,       1,   0, 0.017291, 0.008292, 0.025583,   2721.6  ,   2721.63 ,         0       ,    0    ,    5.51697,   6783701,         0,         2, "Apple M1", "Darwin 25.2.0", "clang 17.0.0 (clang-1700.6.3.2)",          8, 2026-01-30T18:23:52, ok
2026-01-30T18:08:23-fbe5dda4785f, gpu     ,   320,    180,      20,        10,             0,           18,            0,   0,       0,   1, 0.009459, 0       , 0.009459,    227.683,    227.693,         0       ,  224.674,    5.87634,   1152000,         1,         0, "Apple M1", "Darwin 25.2.0", "clang 17.0.0 (clang-1700.6.3.2)",          8, 2026-01-30T18:23:52, ok
2026-01-30T18:08:23-fbe5dda4785f, gpu     ,   320,    180,      20,        10,             0,           18,            0,   0,       0,   1, 0.018375, 0       , 0.018375,    216.281,    216.3  ,         0       ,  213.028,    6.14197,   1152000,         0,         1, "Apple M1", "Darwin 25.2.0", "clang 17.0.0 (clang-1700.6.3.2)",          8, 2026-01-30T18:23:52, ok
2026-01-30T18:08:23-fbe5dda4785f, gpu     ,   320,    180,      20,        10,             0,           18,            0,   0,       0,   1, 0.034   , 0       , 0.034   ,    223.574,    223.608,         0       ,  220.006,    6.14197,   1152000,         0,         2, "Apple M1", "Darwin 25.2.0", "clang 17.0.0 (clang-1700.6.3.2)",          8, 2026-01-30T18:23:52, ok
2026-01-30T18:08:23-fbe5dda4785f, original,   320,    180,      20,        10,             0,           18,            2,   0,       0,   0, 0.021292, 0       , 0.021292,   6730.11 ,   6730.13 ,         0       ,    0    ,    5.87634,   6779395,         1,         0, "Apple M1", "Darwin 25.2.0", "clang 17.0.0 (clang-1700.6.3.2)",          8, 2026-01-30T18:23:59, ok
2026-01-30T18:08:23-fbe5dda4785f, original,   320,    180,      20,        10,             0,           18,            2,   0,       0,   0, 0.023333, 0       , 0.023333,   6694.32 ,   6694.34 ,         0       ,    0    ,    5.87634,   6788840,         0,         1, "Apple M1", "Darwin 25.2.0", "clang 17.0.0 (clang-1700.6.3.2)",          8, 2026-01-30T18:24:06, ok
2026-01-30T18:08:23-fbe5dda4785f, original,   320,    180,      20,        10,             0,           18,            2,   0,       0,   0, 0.02125 , 0       , 0.02125 ,   6764.62 ,   6764.64 ,         0       ,    0    ,    5.78259,   6783979,         0,         2, "Apple M1", "Darwin 25.2.0", "clang 17.0.0 (clang-1700.6.3.2)",          8, 2026-01-30T18:24:13, ok
2026-01-30T18:08:23-fbe5dda4785f, bvh     ,   320,    180,      20,        10,             0,           18,            2,   1,       0,   0, 0.020166, 0.034292, 0.054458,   2690.19 ,   2690.25 ,         0       ,    0    ,    5.78259,   6786896,         1,         0, "Apple M1", "Darwin 25.2.0", "clang 17.0.0 (clang-1700.6.3.2)",          8, 2026-01-30T18:24:15, ok
2026-01-30T18:08:23-fbe5dda4785f, bvh     ,   320,    180,      20,        10,             0,           18,            2,   1,       0,   0, 0.017334, 0.00625 , 0.023584,   2355.21 ,   2355.23 ,         0       ,    0    ,    5.78259,   6782676,         0,         1, "Apple M1", "Darwin 25.2.0", "clang 17.0.0 (clang-1700.6.3.2)",          8, 2026-01-30T18:24:18, ok
2026-01-30T18:08:23-fbe5dda4785f, bvh     ,   320,    180,      20,        10,             0,           18,            2,   1,       0,   0, 0.007625, 0.0045  , 0.012125,   2573.68 ,   2573.69 ,         0       ,    0    ,    5.51697,   6782395,         0,         2, "Apple M1", "Darwin 25.2.0", "clang 17.0.0 (clang-1700.6.3.2)",          8, 2026-01-30T18:24:20, ok
2026-01-30T18:08:23-fbe5dda4785f, bvh-mt  ,   320,    180,      20,        10,             0,           18,            2,   1,       1,   0, 0.008917, 0.0055  , 0.014417,   1520.6  ,   1520.61 ,         0.049708,    0    ,    5.51697,   6784225,         1,         0, "Apple M1", "Darwin 25.2.0", "clang 17.0.0 (clang-1700.6.3.2)",          8, 2026-01-30T18:24:22, ok
2026-01-30T18:08:23-fbe5dda4785f, bvh-mt  ,   320,    180,      20,        10,             0,           18,            2,   1,       1,   0, 0.011375, 0.007   , 0.018375,   1501.72 ,   1501.74 ,         0.022208,    0    ,    5.51697,   6784935,         0,         1, "Apple M1", "Darwin 25.2.0", "clang 17.0.0 (clang-1700.6.3.2)",          8, 2026-01-30T18:24:23, ok
2026-01-30T18:08:23-fbe5dda4785f, bvh-mt  ,   320,    180,      20,        10,             0,           18,            2,   1,       1,   0, 0.010542, 0.006416, 0.016958,   1444.2  ,   1444.21 ,         0.026708,    0    ,    5.51697,   6783692,         0,         2, "Apple M1", "Darwin 25.2.0", "clang 17.0.0 (clang-1700.6.3.2)",          8, 2026-01-30T18:24:25, ok
2026-01-30T18:08:23-fbe5dda4785f, gpu     ,   320,    180,      20,        10,             0,           18,            0,   0,       0,   1, 0.009708, 0       , 0.009708,    232.176,    232.186,         0       ,  228.93 ,    5.87634,   1152000,         1,         0, "Apple M1", "Darwin 25.2.0", "clang 17.0.0 (clang-1700.6.3.2)",          8, 2026-01-30T18:24:25, ok
2026-01-30T18:08:23-fbe5dda4785f, gpu     ,   320,    180,      20,        10,             0,           18,            0,   0,       0,   1, 0.022083, 0       , 0.022083,    216.443,    216.465,         0       ,  212.864,    6.14197,   1152000,         0,         1, "Apple M1", "Darwin 25.2.0", "clang 17.0.0 (clang-1700.6.3.2)",          8, 2026-01-30T18:24:25, ok
2026-01-30T18:08:23-fbe5dda4785f, gpu     ,   320,    180,      20,        10,             0,           18,            0,   0,       0,   1, 0.03375 , 0       , 0.03375 ,    223.55 ,    223.584,         0       ,  218.968,    6.14197,   1152000,         0,         2, "Apple M1", "Darwin 25.2.0", "clang 17.0.0 (clang-1700.6.3.2)",          8, 2026-01-30T18:24:25, ok
2026-01-30T18:08:23-fbe5dda4785f, original,   320,    180,      20,        10,             0,           18,            3,   0,       0,   0, 0.035   , 0       , 0.035   ,   6769.05 ,   6769.09 ,         0       ,    0    ,    5.87634,   6781316,         1,         0, "Apple M1", "Darwin 25.2.0", "clang 17.0.0 (clang-1700.6.3.2)",          8, 2026-01-30T18:24:32, ok
2026-01-30T18:08:23-fbe5dda4785f, original,   320,    180,      20,        10,             0,           18,            3,   0,       0,   0, 0.010584, 0       , 0.010584,   6690.35 ,   6690.36 ,         0       ,    0    ,    5.87634,   6785929,         0,         1, "Apple M1", "Darwin 25.2.0", "clang 17.0.0 (clang-1700.6.3.2)",          8, 2026-01-30T18:24:39, ok
2026-01-30T18:08:23-fbe5dda4785f, original,   320,    180,      20,        10,             0,           18,            3,   0,       0,   0, 0.011959, 0       , 0.011959,   6702.26 ,   6702.27 ,         0       ,    0    ,    5.78259,   6785062,         0,         2, "Apple M1", "Darwin 25.2.0", "clang 17.0.0 (clang-1700.6.3.2)",          8, 2026-01-30T18:24:46, ok
2026-01-30T18:08:23-fbe5dda4785f, bvh     ,   320,    180,      20,        10,             0,           18,            3,   1,       0,   0, 0.009916, 0.022167, 0.032083,   2860.08 ,   2860.11 ,         0       ,    0    ,    5.78259,   6791623,         1,         0, "Apple M1", "Darwin 25.2.0", "clang 17.0.0 (clang-1700.6.3.2)",          8, 2026-01-30T18:24:48, ok
2026-01-30T18:08:23-fbe5dda4785f, bvh     ,   320,    180,      20,        10,             0,           18,            3,   1,       0,   0, 0.007875, 0.004625, 0.0125  ,   2499.11 ,   2499.12 ,         0       ,    0    ,    5.51697,   6781748,         0,         1, "Apple M1", "Darwin 25.2.0", "clang 17.0.0 (clang-1700.6.3.2)",          8, 2026-01-30T18:24:51, ok
2026-01-30T18:08:23-fbe5dda4785f, bvh     ,   320,    180,      20,        10,             0,           18,            3,   1,       0,   0, 0.008333, 0.004375, 0.012708,   2460.12 ,   2460.14 ,         0       ,    0    ,    5.51697,   6778597,         0,         2, "Apple M1", "Darwin 25.2.0", "clang 17.0.0 (clang-1700.6.3.2)",          8, 2026-01-30T18:24:53, ok
2026-01-30T18:08:23-fbe5dda4785f, bvh-mt  ,   320,    180,      20,        10,             0,           18,            3,   1,       1,   0, 0.016917, 0.012042, 0.028959,   1145.19 ,   1145.22 ,         0.073583,    0    ,    5.51697,   6780839,         1,         0, "Apple M1", "Darwin 25.2.0", "clang 17.0.0 (clang-1700.6.3.2)",          8, 2026-01-30T18:24:55, ok
2026-01-30T18:08:23-fbe5dda4785f, bvh-mt  ,   320,    180,      20,        10,             0,           18,            3,   1,       1,   0, 0.007791, 0.005042, 0.012833,   1170.39 ,   1170.41 ,         0.027833,    0    ,    5.51697,   6776945,         0,         1, "Apple M1", "Darwin 25.2.0", "clang 17.0.0 (clang-1700.6.3.2)",          8, 2026-01-30T18:24:56, ok
2026-01-30T18:08:23-fbe5dda4785f, bvh-mt  ,   320,    180,      20,        10,             0,           18,            3,   1,       1,   0, 0.007292, 0.004958, 0.01225 ,   1159.98 ,   1160    ,         0.027666,    0    ,    5.51697,   6781322,         0,         2, "Apple M1", "Darwin 25.2.0", "clang 17.0.0 (clang-1700.6.3.2)",          8, 2026-01-30T18:24:57, ok
2026-01-30T18:08:23-fbe5dda4785f, gpu     ,   320,    180,      20,        10,             0,           18,            0,   0,       0,   1, 0.008666, 0       , 0.008666,    232.806,    232.815,         0       ,  228.56 ,    5.87634,   1152000,         1,         0, "Apple M1", "Darwin 25.2.0", "clang 17.0.0 (clang-1700.6.3.2)",          8, 2026-01-30T18:24:57, ok
2026-01-30T18:08:23-fbe5dda4785f, gpu     ,   320,    180,      20,        10,             0,           18,            0,   0,       0,   1, 0.023041, 0       , 0.023041,    216.227,    216.25 ,         0       ,  212.862,    6.14197,   1152000,         0,         1, "Apple M1", "Darwin 25.2.0", "clang 17.0.0 (clang-1700.6.3.2)",          8, 2026-01-30T18:24:57, ok
2026-01-30T18:08:23-fbe5dda4785f, gpu     ,   320,    180,      20,        10,             0,           18,            0,   0,       0,   1, 0.032833, 0       , 0.032833,    222.417,    222.45 ,         0       ,  218.24 ,    6.14197,   1152000,         0,         2, "Apple M1", "Darwin 25.2.0", "clang 17.0.0 (clang-1700.6.3.2)",          8, 2026-01-30T18:24:58, ok
2026-01-30T18:08:23-fbe5dda4785f, original,   320,    180,      20,        10,             0,           18,            4,   0,       0,   0, 0.033833, 0       , 0.033833,   6860.67 ,   6860.7  ,         0       ,    0    ,    5.87634,   6791645,         1,         0, "Apple M1", "Darwin 25.2.0", "clang 17.0.0 (clang-1700.6.3.2)",          8, 2026-01-30T18:25:04, ok
2026-01-30T18:08:23-fbe5dda4785f, original,   320,    180,      20,        10,             0,           18,            4,   0,       0,   0, 0.03925 , 0       , 0.03925 ,   6728.2  ,   6728.23 ,         0       ,    0    ,    5.78259,   6781255,         0,         1, "Apple M1", "Darwin 25.2.0", "clang 17.0.0 (clang-1700.6.3.2)",          8, 2026-01-30T18:25:11, ok
2026-01-30T18:08:23-fbe5dda4785f, original,   320,    180,      20,        10,             0,           18,            4,   0,       0,   0, 0.009459, 0       , 0.009459,   6680.59 ,   6680.59 ,         0       ,    0    ,    5.78259,   6784759,         0,         2, "Apple M1", "Darwin 25.2.0", "clang 17.0.0 (clang-1700.6.3.2)",          8, 2026-01-30T18:25:18, ok
2026-01-30T18:08:23-fbe5dda4785f, bvh     ,   320,    180,      20,        10,             0,           18,            4,   1,       0,   0, 0.009709, 0.020541, 0.03025 ,   2479.81 ,   2479.84 ,         0       ,    0    ,    5.51697,   6785166,         1,         0, "Apple M1", "Darwin 25.2.0", "clang 17.0.0 (clang-1700.6.3.2)",          8, 2026-01-30T18:25:20, ok
2026-01-30T18:08:23-fbe5dda4785f, bvh     ,   320,    180,      20,        10,             0,           18,            4,   1,       0,   0, 0.041917, 0.006   , 0.047917,   2946.67 ,   2946.71 ,         0       ,    0    ,    5.51697,   6784625,         0,         1, "Apple M1", "Darwin 25.2.0", "clang 17.0.0 (clang-1700.6.3.2)",          8, 2026-01-30T18:25:23, ok
2026-01-30T18:08:23-fbe5dda4785f, bvh     ,   320,    180,      20,        10,             0,           18,            4,   1,       0,   0, 0.00775 , 0.007083, 0.014833,   2827.79 ,   2827.8  ,         0       ,    0    ,    5.51697,   6778199,         0,         2, "Apple M1", "Darwin 25.2.0", "clang 17.0.0 (clang-1700.6.3.2)",          8, 2026-01-30T18:25:26, ok
2026-01-30T18:08:23-fbe5dda4785f, bvh-mt  ,   320,    180,      20,        10,             0,           18,            4,   1,       1,   0, 0.01575 , 0.005958, 0.021708,    960.427,    960.448,         0.081875,    0    ,    5.51697,   6784867,         1,         0, "Apple M1", "Darwin 25.2.0", "clang 17.0.0 (clang-1700.6.3.2)",          8, 2026-01-30T18:25:27, ok
2026-01-30T18:08:23-fbe5dda4785f, bvh-mt  ,   320,    180,      20,        10,             0,           18,            4,   1,       1,   0, 0.007875, 0.007   , 0.014875,    911.487,    911.502,         0.030333,    0    ,    5.51697,   6783363,         0,         1, "Apple M1", "Darwin 25.2.0", "clang 17.0.0 (clang-1700.6.3.2)",          8, 2026-01-30T18:25:28, ok
2026-01-30T18:08:23-fbe5dda4785f, bvh-mt  ,   320,    180,      20,        10,             0,           18,            4,   1,       1,   0, 0.0085  , 0.005125, 0.013625,   1187.91 ,   1187.92 ,         0.032542,    0    ,    5.51697,   6784788,         0,         2, "Apple M1", "Darwin 25.2.0", "clang 17.0.0 (clang-1700.6.3.2)",          8, 2026-01-30T18:25:29, ok
2026-01-30T18:08:23-fbe5dda4785f, gpu     ,   320,    180,      20,        10,             0,           18,            0,   0,       0,   1, 0.007667, 0       , 0.007667,    229.728,    229.736,         0       ,  226.928,    5.87634,   1152000,         1,         0, "Apple M1", "Darwin 25.2.0", "clang 17.0.0 (clang-1700.6.3.2)",          8, 2026-01-30T18:25:29, ok
2026-01-30T18:08:23-fbe5dda4785f, gpu     ,   320,    180,      20,        10,             0,           18,            0,   0,       0,   1, 0.022792, 0       , 0.022792,    216.782,    216.805,         0       ,  212.812,    6.14197,   1152000,         0,         1, "Apple M1", "Darwin 25.2.0", "clang 17.0.0 (clang-1700.6.3.2)",          8, 2026-01-30T18:25:30, ok
2026-01-30T18:08:23-fbe5dda4785f, gpu     ,   320,    180,      20,        10,             0,           18,            0,   0,       0,   1, 0.034375, 0       , 0.034375,    221.855,    221.89 ,         0       ,  217.173,    6.14197,   1152000,         0,         2, "Apple M1", "Darwin 25.2.0", "clang 17.0.0 (clang-1700.6.3.2)",          8, 2026-01-30T18:25:30, ok
2026-01-30T18:08:23-fbe5dda4785f, original,   320,    180,      20,        10,             0,           18,            5,   0,       0,   0, 0.026792, 0       , 0.026792,   6732.85 ,   6732.88 ,         0       ,    0    ,    5.87634,   6788165,         1,         0, "Apple M1", "Darwin 25.2.0", "clang 17.0.0 (clang-1700.6.3.2)",          8, 2026-01-30T18:25:37, ok
2026-01-30T18:08:23-fbe5dda4785f, original,   320,    180,      20,        10,             0,           18,            5,   0,       0,   0, 0.043791, 0       , 0.043791,   6751.61 ,   6751.65 ,         0       ,    0    ,    5.87634,   6784129,         0,         1, "Apple M1", "Darwin 25.2.0", "clang 17.0.0 (clang-1700.6.3.2)",          8, 2026-01-30T18:25:43, ok
2026-01-30T18:08:23-fbe5dda4785f, original,   320,    180,      20,        10,             0,           18,            5,   0,       0,   0, 0.016625, 0       , 0.016625,   6728.46 ,   6728.48 ,         0       ,    0    ,    5.78259,   6788010,         0,         2, "Apple M1", "Darwin 25.2.0", "clang 17.0.0 (clang-1700.6.3.2)",          8, 2026-01-30T18:25:50, ok
2026-01-30T18:08:23-fbe5dda4785f, bvh     ,   320,    180,      20,        10,             0,           18,            5,   1,       0,   0, 0.008084, 0.019709, 0.027793,   2752.88 ,   2752.91 ,         0       ,    0    ,    5.78259,   6786234,         1,         0, "Apple M1", "Darwin 25.2.0", "clang 17.0.0 (clang-1700.6.3.2)",          8, 2026-01-30T18:25:53, ok
2026-01-30T18:08:23-fbe5dda4785f, bvh     ,   320,    180,      20,        10,             0,           18,            5,   1,       0,   0, 0.019666, 0.006584, 0.02625 ,   2502.67 ,   2502.69 ,         0       ,    0    ,    5.78259,   6781290,         0,         1, "Apple M1", "Darwin 25.2.0", "clang 17.0.0 (clang-1700.6.3.2)",          8, 2026-01-30T18:25:55, ok
2026-01-30T18:08:23-fbe5dda4785f, bvh     ,   320,    180,      20,        10,             0,           18,            5,   1,       0,   0, 0.008958, 0.005   , 0.013958,   2721.1  ,   2721.12 ,         0       ,    0    ,    5.78259,   6786723,         0,         2, "Apple M1", "Darwin 25.2.0", "clang 17.0.0 (clang-1700.6.3.2)",          8, 2026-01-30T18:25:58, ok
2026-01-30T18:08:23-fbe5dda4785f, bvh-mt  ,   320,    180,      20,        10,             0,           18,            5,   1,       1,   0, 0.01325 , 0.01775 , 0.031   ,    992.141,    992.172,         0.08275 ,    0    ,    5.78259,   6782497,         1,         0, "Apple M1", "Darwin 25.2.0", "clang 17.0.0 (clang-1700.6.3.2)",          8, 2026-01-30T18:25:59, ok
2026-01-30T18:08:23-fbe5dda4785f, bvh-mt  ,   320,    180,      20,        10,             0,           18,            5,   1,       1,   0, 0.014   , 0.004875, 0.018875,    952.423,    952.442,         0.04125 ,    0    ,    5.51697,   6779935,         0,         1, "Apple M1", "Darwin 25.2.0", "clang 17.0.0 (clang-1700.6.3.2)",          8, 2026-01-30T18:26:00, ok
2026-01-30T18:08:23-fbe5dda4785f, bvh-mt  ,   320,    180,      20,        10,             0,           18,            5,   1,       1,   0, 0.007583, 0.0055  , 0.013083,    935.833,    935.846,         0.045834,    0    ,    5.51697,   6786698,         0,         2, "Apple M1", "Darwin 25.2.0", "clang 17.0.0 (clang-1700.6.3.2)",          8, 2026-01-30T18:26:01, ok
2026-01-30T18:08:23-fbe5dda4785f, gpu     ,   320,    180,      20,        10,             0,           18,            0,   0,       0,   1, 0.008958, 0       , 0.008958,    227.924,    227.933,         0       ,  224.489,    5.87634,   1152000,         1,         0, "Apple M1", "Darwin 25.2.0", "clang 17.0.0 (clang-1700.6.3.2)",          8, 2026-01-30T18:26:01, ok
2026-01-30T18:08:23-fbe5dda4785f, gpu     ,   320,    180,      20,        10,             0,           18,            0,   0,       0,   1, 0.033958, 0       , 0.033958,    216.47 ,    216.504,         0       ,  212.939,    6.14197,   1152000,         0,         1, "Apple M1", "Darwin 25.2.0", "clang 17.0.0 (clang-1700.6.3.2)",          8, 2026-01-30T18:26:01, ok
2026-01-30T18:08:23-fbe5dda4785f, gpu     ,   320,    180,      20,        10,             0,           18,            0,   0,       0,   1, 0.017833, 0       , 0.017833,    220.966,    220.984,         0       ,  218.239,    6.14197,   1152000,         0,         2, "Apple M1", "Darwin 25.2.0", "clang 17.0.0 (clang-1700.6.3.2)",          8, 2026-01-30T18:26:02, ok
2026-01-30T18:08:23-fbe5dda4785f, original,   320,    180,      20,        10,             0,           18,            6,   0,       0,   0, 0.017666, 0       , 0.017666,   6746.5  ,   6746.52 ,         0       ,    0    ,    5.87634,   6788151,         1,         0, "Apple M1", "Darwin 25.2.0", "clang 17.0.0 (clang-1700.6.3.2)",          8, 2026-01-30T18:26:08, ok
2026-01-30T18:08:23-fbe5dda4785f, original,   320,    180,      20,        10,             0,           18,            6,   0,       0,   0, 0.011042, 0       , 0.011042,   6816.61 ,   6816.63 ,         0       ,    0    ,    5.87634,   6778029,         0,         1, "Apple M1", "Darwin 25.2.0", "clang 17.0.0 (clang-1700.6.3.2)",          8, 2026-01-30T18:26:15, ok
2026-01-30T18:08:23-fbe5dda4785f, original,   320,    180,      20,        10,             0,           18,            6,   0,       0,   0, 0.02675 , 0       , 0.02675 ,   6737.37 ,   6737.39 ,         0       ,    0    ,    5.78259,   6782661,         0,         2, "Apple M1", "Darwin 25.2.0", "clang 17.0.0 (clang-1700.6.3.2)",          8, 2026-01-30T18:26:22, ok
2026-01-30T18:08:23-fbe5dda4785f, bvh     ,   320,    180,      20,        10,             0,           18,            6,   1,       0,   0, 0.01075 , 0.024125, 0.034875,   2758.63 ,   2758.67 ,         0       ,    0    ,    5.78259,   6792709,         1,         0, "Apple M1", "Darwin 25.2.0", "clang 17.0.0 (clang-1700.6.3.2)",          8, 2026-01-30T18:26:25, ok
2026-01-30T18:08:23-fbe5dda4785f, bvh     ,   320,    180,      20,        10,             0,           18,            6,   1,       0,   0, 0.02925 , 0.005208, 0.034458,   2545.69 ,   2545.72 ,         0       ,    0    ,    5.78259,   6783841,         0,         1, "Apple M1", "Darwin 25.2.0", "clang 17.0.0 (clang-1700.6.3.2)",          8, 2026-01-30T18:26:27, ok
2026-01-30T18:08:23-fbe5dda4785f, bvh     ,   320,    180,      20,        10,             0,           18,            6,   1,       0,   0, 0.007375, 0.004916, 0.012291,   2815.58 ,   2815.59 ,         0       ,    0    ,    5.51697,   6780441,         0,         2, "Apple M1", "Darwin 25.2.0", "clang 17.0.0 (clang-1700.6.3.2)",          8, 2026-01-30T18:26:30, ok
2026-01-30T18:08:23-fbe5dda4785f, bvh-mt  ,   320,    180,      20,        10,             0,           18,            6,   1,       1,   0, 0.011958, 0.020833, 0.032791,    887.904,    887.937,         0.085583,    0    ,    5.51697,   6778522,         1,         0, "Apple M1", "Darwin 25.2.0", "clang 17.0.0 (clang-1700.6.3.2)",          8, 2026-01-30T18:26:31, ok
2026-01-30T18:08:23-fbe5dda4785f, bvh-mt  ,   320,    180,      20,        10,             0,           18,            6,   1,       1,   0, 0.014167, 0.00475 , 0.018917,    889.161,    889.18 ,         0.044   ,    0    ,    5.51697,   6782039,         0,         1, "Apple M1", "Darwin 25.2.0", "clang 17.0.0 (clang-1700.6.3.2)",          8, 2026-01-30T18:26:32, ok
2026-01-30T18:08:23-fbe5dda4785f, bvh-mt  ,   320,    180,      20,        10,             0,           18,            6,   1,       1,   0, 0.007542, 0.005   , 0.012542,    873.735,    873.747,         0.05475 ,    0    ,    5.51697,   6779587,         0,         2, "Apple M1", "Darwin 25.2.0", "clang 17.0.0 (clang-1700.6.3.2)",          8, 2026-01-30T18:26:33, ok
2026-01-30T18:08:23-fbe5dda4785f, gpu     ,   320,    180,      20,        10,             0,           18,            0,   0,       0,   1, 0.00825 , 0       , 0.00825 ,    232.632,    232.641,         0       ,  228.055,    5.87634,   1152000,         1,         0, "Apple M1", "Darwin 25.2.0", "clang 17.0.0 (clang-1700.6.3.2)",          8, 2026-01-30T18:26:33, ok
2026-01-30T18:08:23-fbe5dda4785f, gpu     ,   320,    180,      20,        10,             0,           18,            0,   0,       0,   1, 0.035833, 0       , 0.035833,    216.694,    216.73 ,         0       ,  212.971,    6.14197,   1152000,         0,         1, "Apple M1", "Darwin 25.2.0", "clang 17.0.0 (clang-1700.6.3.2)",          8, 2026-01-30T18:26:33, ok
2026-01-30T18:08:23-fbe5dda4785f, gpu     ,   320,    180,      20,        10,             0,           18,            0,   0,       0,   1, 0.012125, 0       , 0.012125,    220.423,    220.435,         0       ,  217.792,    6.14197,   1152000,         0,         2, "Apple M1", "Darwin 25.2.0", "clang 17.0.0 (clang-1700.6.3.2)",          8, 2026-01-30T18:26:33, ok
2026-01-30T18:08:23-fbe5dda4785f, original,   320,    180,      20,        10,             0,           18,            7,   0,       0,   0, 0.034875, 0       , 0.034875,   6755.72 ,   6755.76 ,         0       ,    0    ,    5.87634,   6789028,         1,         0, "Apple M1", "Darwin 25.2.0", "clang 17.0.0 (clang-1700.6.3.2)",          8, 2026-01-30T18:26:40, ok
2026-01-30T18:08:23-fbe5dda4785f, original,   320,    180,      20,        10,             0,           18,            7,   0,       0,   0, 0.009667, 0       , 0.009667,   6693.57 ,   6693.58 ,         0       ,    0    ,    5.87634,   6778154,         0,         1, "Apple M1", "Darwin 25.2.0", "clang 17.0.0 (clang-1700.6.3.2)",          8, 2026-01-30T18:26:47, ok
2026-01-30T18:08:23-fbe5dda4785f, original,   320,    180,      20,        10,             0,           18,            7,   0,       0,   0, 0.015792, 0       , 0.015792,   6684.54 ,   6684.55 ,         0       ,    0    ,    5.78259,   6784767,         0,         2, "Apple M1", "Darwin 25.2.0", "clang 17.0.0 (clang-1700.6.3.2)",          8, 2026-01-30T18:26:53, ok
2026-01-30T18:08:23-fbe5dda4785f, bvh     ,   320,    180,      20,        10,             0,           18,            7,   1,       0,   0, 0.008917, 0.024   , 0.032917,   2409.13 ,   2409.16 ,         0       ,    0    ,    5.78259,   6784885,         1,         0, "Apple M1", "Darwin 25.2.0", "clang 17.0.0 (clang-1700.6.3.2)",          8, 2026-01-30T18:26:56, ok
2026-01-30T18:08:23-fbe5dda4785f, bvh     ,   320,    180,      20,        10,             0,           18,            7,   1,       0,   0, 0.011166, 0.005292, 0.016458,   2519    ,   2519.01 ,         0       ,    0    ,    5.78259,   6783937,         0,         1, "Apple M1", "Darwin 25.2.0", "clang 17.0.0 (clang-1700.6.3.2)",          8, 2026-01-30T18:26:58, ok
2026-01-30T18:08:23-fbe5dda4785f, bvh     ,   320,    180,      20,        10,             0,           18,            7,   1,       0,   0, 0.008208, 0.005166, 0.013374,   3210.13 ,   3210.15 ,         0       ,    0    ,    5.51697,   6781885,         0,         2, "Apple M1", "Darwin 25.2.0", "clang 17.0.0 (clang-1700.6.3.2)",          8, 2026-01-30T18:27:02, ok
2026-01-30T18:08:23-fbe5dda4785f, bvh-mt  ,   320,    180,      20,        10,             0,           18,            7,   1,       1,   0, 0.031125, 0.00775 , 0.038875,    801.277,    801.315,         0.102584,    0    ,    5.51697,   6788476,         1,         0, "Apple M1", "Darwin 25.2.0", "clang 17.0.0 (clang-1700.6.3.2)",          8, 2026-01-30T18:27:02, ok
2026-01-30T18:08:23-fbe5dda4785f, bvh-mt  ,   320,    180,      20,        10,             0,           18,            7,   1,       1,   0, 0.0085  , 0.004208, 0.012708,    816.118,    816.131,         0.063125,    0    ,    5.51697,   6773955,         0,         1, "Apple M1", "Darwin 25.2.0", "clang 17.0.0 (clang-1700.6.3.2)",          8, 2026-01-30T18:27:03, ok
2026-01-30T18:08:23-fbe5dda4785f, bvh-mt  ,   320,    180,      20,        10,             0,           18,            7,   1,       1,   0, 0.007417, 0.005   , 0.012417,    935.838,    935.85 ,         0.053   ,    0    ,    5.51697,   6781246,         0,         2, "Apple M1", "Darwin 25.2.0", "clang 17.0.0 (clang-1700.6.3.2)",          8, 2026-01-30T18:27:04, ok
2026-01-30T18:08:23-fbe5dda4785f, gpu     ,   320,    180,      20,        10,             0,           18,            0,   0,       0,   1, 0.008542, 0       , 0.008542,    228.24 ,    228.249,         0       ,  225.793,    5.87634,   1152000,         1,         0, "Apple M1", "Darwin 25.2.0", "clang 17.0.0 (clang-1700.6.3.2)",          8, 2026-01-30T18:27:04, ok
2026-01-30T18:08:23-fbe5dda4785f, gpu     ,   320,    180,      20,        10,             0,           18,            0,   0,       0,   1, 0.023   , 0       , 0.023   ,    216.407,    216.43 ,         0       ,  212.564,    5.87634,   1152000,         0,         1, "Apple M1", "Darwin 25.2.0", "clang 17.0.0 (clang-1700.6.3.2)",          8, 2026-01-30T18:27:05, ok
2026-01-30T18:08:23-fbe5dda4785f, gpu     ,   320,    180,      20,        10,             0,           18,            0,   0,       0,   1, 0.033459, 0       , 0.033459,    221.3  ,    221.334,         0       ,  216.828,    6.14197,   1152000,         0,         2, "Apple M1", "Darwin 25.2.0", "clang 17.0.0 (clang-1700.6.3.2)",          8, 2026-01-30T18:27:05, ok
2026-01-30T18:08:23-fbe5dda4785f, original,   320,    180,      20,        10,             0,           18,            8,   0,       0,   0, 0.035166, 0       , 0.035166,   6781.23 ,   6781.26 ,         0       ,    0    ,    5.87634,   6782148,         1,         0, "Apple M1", "Darwin 25.2.0", "clang 17.0.0 (clang-1700.6.3.2)",          8, 2026-01-30T18:27:12, ok
2026-01-30T18:08:23-fbe5dda4785f, original,   320,    180,      20,        10,             0,           18,            8,   0,       0,   0, 0.033791, 0       , 0.033791,   6686.79 ,   6686.82 ,         0       ,    0    ,    5.87634,   6787793,         0,         1, "Apple M1", "Darwin 25.2.0", "clang 17.0.0 (clang-1700.6.3.2)",          8, 2026-01-30T18:27:18, ok
2026-01-30T18:08:23-fbe5dda4785f, original,   320,    180,      20,        10,             0,           18,            8,   0,       0,   0, 0.014834, 0       , 0.014834,   6706.21 ,   6706.23 ,         0       ,    0    ,    5.78259,   6783149,         0,         2, "Apple M1", "Darwin 25.2.0", "clang 17.0.0 (clang-1700.6.3.2)",          8, 2026-01-30T18:27:25, ok
2026-01-30T18:08:23-fbe5dda4785f, bvh     ,   320,    180,      20,        10,             0,           18,            8,   1,       0,   0, 0.029292, 0.014625, 0.043917,   2534.74 ,   2534.78 ,         0       ,    0    ,    5.78259,   6777123,         1,         0, "Apple M1", "Darwin 25.2.0", "clang 17.0.0 (clang-1700.6.3.2)",          8, 2026-01-30T18:27:28, ok
2026-01-30T18:08:23-fbe5dda4785f, bvh     ,   320,    180,      20,        10,             0,           18,            8,   1,       0,   0, 0.007958, 0.004375, 0.012333,   2568.58 ,   2568.6  ,         0       ,    0    ,    5.51697,   6779851,         0,         1, "Apple M1", "Darwin 25.2.0", "clang 17.0.0 (clang-1700.6.3.2)",          8, 2026-01-30T18:27:30, ok
2026-01-30T18:08:23-fbe5dda4785f, bvh     ,   320,    180,      20,        10,             0,           18,            8,   1,       0,   0, 0.008083, 0.005334, 0.013417,   2832.9  ,   2832.91 ,         0       ,    0    ,    5.51697,   6787136,         0,         2, "Apple M1", "Darwin 25.2.0", "clang 17.0.0 (clang-1700.6.3.2)",          8, 2026-01-30T18:27:33, ok
2026-01-30T18:08:23-fbe5dda4785f, bvh-mt  ,   320,    180,      20,        10,             0,           18,            8,   1,       1,   0, 0.018958, 0.011   , 0.029958,    867.024,    867.054,         0.13525 ,    0    ,    5.51697,   6780460,         1,         0, "Apple M1", "Darwin 25.2.0", "clang 17.0.0 (clang-1700.6.3.2)",          8, 2026-01-30T18:27:34, ok
2026-01-30T18:08:23-fbe5dda4785f, bvh-mt  ,   320,    180,      20,        10,             0,           18,            8,   1,       1,   0, 0.00825 , 0.011042, 0.019292,    836.247,    836.266,         0.065333,    0    ,    5.51697,   6779426,         0,         1, "Apple M1", "Darwin 25.2.0", "clang 17.0.0 (clang-1700.6.3.2)",          8, 2026-01-30T18:27:35, ok
2026-01-30T18:08:23-fbe5dda4785f, bvh-mt  ,   320,    180,      20,        10,             0,           18,            8,   1,       1,   0, 0.007458, 0.004458, 0.011916,    812.965,    812.977,         0.050708,    0    ,    5.51697,   6785179,         0,         2, "Apple M1", "Darwin 25.2.0", "clang 17.0.0 (clang-1700.6.3.2)",          8, 2026-01-30T18:27:35, ok
2026-01-30T18:08:23-fbe5dda4785f, gpu     ,   320,    180,      20,        10,             0,           18,            0,   0,       0,   1, 0.007708, 0       , 0.007708,    228.471,    228.479,         0       ,  225.777,    5.87634,   1152000,         1,         0, "Apple M1", "Darwin 25.2.0", "clang 17.0.0 (clang-1700.6.3.2)",          8, 2026-01-30T18:27:36, ok
2026-01-30T18:08:23-fbe5dda4785f, gpu     ,   320,    180,      20,        10,             0,           18,            0,   0,       0,   1, 0.0265  , 0       , 0.0265  ,    217.286,    217.312,         0       ,  213.369,    6.14197,   1152000,         0,         1, "Apple M1", "Darwin 25.2.0", "clang 17.0.0 (clang-1700.6.3.2)",          8, 2026-01-30T18:27:36, ok
2026-01-30T18:08:23-fbe5dda4785f, gpu     ,   320,    180,      20,        10,             0,           18,            0,   0,       0,   1, 0.033625, 0       , 0.033625,    222.256,    222.29 ,         0       ,  218.033,    6.14197,   1152000,         0,         2, "Apple M1", "Darwin 25.2.0", "clang 17.0.0 (clang-1700.6.3.2)",          8, 2026-01-30T18:27:36, ok
2026-01-30T18:08:23-fbe5dda4785f, original,   320,    180,      20,        10,           100,          118,            1,   0,       0,   0, 0.110541, 0       , 0.110541,  13396.6  ,  13396.7  ,         0       ,    0    ,    5.87634,   6925237,         1,         0, "Apple M1", "Darwin 25.2.0", "clang 17.0.0 (clang-1700.6.3.2)",          8, 2026-01-30T18:27:50, ok
2026-01-30T18:08:23-fbe5dda4785f, original,   320,    180,      20,        10,           100,          118,            1,   0,       0,   0, 0.038375, 0       , 0.038375,  13307.1  ,  13307.1  ,         0       ,    0    ,    5.51697,   6928075,         0,         1, "Apple M1", "Darwin 25.2.0", "clang 17.0.0 (clang-1700.6.3.2)",          8, 2026-01-30T18:28:03, ok
2026-01-30T18:08:23-fbe5dda4785f, original,   320,    180,      20,        10,           100,          118,            1,   0,       0,   0, 0.014709, 0       , 0.014709,  13329.6  ,  13329.7  ,         0       ,    0    ,    5.51697,   6933151,         0,         2, "Apple M1", "Darwin 25.2.0", "clang 17.0.0 (clang-1700.6.3.2)",          8, 2026-01-30T18:28:16, ok
2026-01-30T18:08:23-fbe5dda4785f, bvh     ,   320,    180,      20,        10,           100,          118,            1,   1,       0,   0, 0.055625, 0.058875, 0.1145  ,   4413.33 ,   4413.44 ,         0       ,    0    ,    5.51697,   6919133,         1,         0, "Apple M1", "Darwin 25.2.0", "clang 17.0.0 (clang-1700.6.3.2)",          8, 2026-01-30T18:28:21, ok
2026-01-30T18:08:23-fbe5dda4785f, bvh     ,   320,    180,      20,        10,           100,          118,            1,   1,       0,   0, 0.012416, 0.03675 , 0.049166,   4839.96 ,   4840.01 ,         0       ,    0    ,    5.51697,   6933704,         0,         1, "Apple M1", "Darwin 25.2.0", "clang 17.0.0 (clang-1700.6.3.2)",          8, 2026-01-30T18:28:25, ok
2026-01-30T18:08:23-fbe5dda4785f, bvh     ,   320,    180,      20,        10,           100,          118,            1,   1,       0,   0, 0.025917, 0.040417, 0.066334,   4801.87 ,   4801.94 ,         0       ,    0    ,    5.51697,   6924616,         0,         2, "Apple M1", "Darwin 25.2.0", "clang 17.0.0 (clang-1700.6.3.2)",          8, 2026-01-30T18:28:30, ok
2026-01-30T18:08:23-fbe5dda4785f, bvh-mt  ,   320,    180,      20,        10,           100,          118,            1,   1,       1,   0, 0.012416, 0.04725 , 0.059666,   4179.13 ,   4179.19 ,         0       ,    0    ,    5.51697,   6925804,         1,         0, "Apple M1", "Darwin 25.2.0", "clang 17.0.0 (clang-1700.6.3.2)",          8, 2026-01-30T18:28:34, ok
2026-01-30T18:08:23-fbe5dda4785f, bvh-mt  ,   320,    180,      20,        10,           100,          118,            1,   1,       1,   0, 0.01675 , 0.029959, 0.046709,   5108.23 ,   5108.28 ,         0       ,    0    ,    5.51697,   6928705,         0,         1, "Apple M1", "Darwin 25.2.0", "clang 17.0.0 (clang-1700.6.3.2)",          8, 2026-01-30T18:28:40, ok
2026-01-30T18:08:23-fbe5dda4785f, bvh-mt  ,   320,    180,      20,        10,           100,          118,            1,   1,       1,   0, 0.018916, 0.042667, 0.061583,   4103.51 ,   4103.58 ,         0       ,    0    ,    5.51697,   6924573,         0,         2, "Apple M1", "Darwin 25.2.0", "clang 17.0.0 (clang-1700.6.3.2)",          8, 2026-01-30T18:28:44, ok
2026-01-30T18:08:23-fbe5dda4785f, gpu     ,   320,    180,      20,        10,           100,          118,            0,   0,       0,   1, 0.01425 , 0       , 0.01425 ,    445.508,    445.522,         0       ,  440.63 ,    5.87634,   1152000,         1,         0, "Apple M1", "Darwin 25.2.0", "clang 17.0.0 (clang-1700.6.3.2)",          8, 2026-01-30T18:28:44, ok
2026-01-30T18:08:23-fbe5dda4785f, gpu     ,   320,    180,      20,        10,           100,          118,            0,   0,       0,   1, 0.059209, 0       , 0.059209,    429.656,    429.715,         0       ,  425.615,    6.14197,   1152000,         0,         1, "Apple M1", "Darwin 25.2.0", "clang 17.0.0 (clang-1700.6.3.2)",          8, 2026-01-30T18:28:45, ok
2026-01-30T18:08:23-fbe5dda4785f, gpu     ,   320,    180,      20,        10,           100,          118,            0,   0,       0,   1, 0.03575 , 0       , 0.03575 ,    425.781,    425.816,         0       ,  422.448,    6.14197,   1152000,         0,         2, "Apple M1", "Darwin 25.2.0", "clang 17.0.0 (clang-1700.6.3.2)",          8, 2026-01-30T18:28:45, ok
2026-01-30T18:08:23-fbe5dda4785f, original,   320,    180,      20,        10,           100,          118,            2,   0,       0,   0, 0.02075 , 0       , 0.02075 ,  13308.4  ,  13308.4  ,         0       ,    0    ,    5.87634,   6927182,         1,         0, "Apple M1", "Darwin 25.2.0", "clang 17.0.0 (clang-1700.6.3.2)",          8, 2026-01-30T18:28:58, ok
2026-01-30T18:08:23-fbe5dda4785f, original,   320,    180,      20,        10,           100,          118,            2,   0,       0,   0, 0.020458, 0       , 0.020458,  13392    ,  13392    ,         0       ,    0    ,    5.51697,   6930884,         0,         1, "Apple M1", "Darwin 25.2.0", "clang 17.0.0 (clang-1700.6.3.2)",          8, 2026-01-30T18:29:12, ok
2026-01-30T18:08:23-fbe5dda4785f, original,   320,    180,      20,        10,           100,          118,            2,   0,       0,   0, 0.032958, 0       , 0.032958,  13396.4  ,  13396.5  ,         0       ,    0    ,    5.51697,   6923388,         0,         2, "Apple M1", "Darwin 25.2.0", "clang 17.0.0 (clang-1700.6.3.2)",          8, 2026-01-30T18:29:25, ok
2026-01-30T18:08:23-fbe5dda4785f, bvh     ,   320,    180,      20,        10,           100,          118,            2,   1,       0,   0, 0.046833, 0.058375, 0.105208,   4197.82 ,   4197.92 ,         0       ,    0    ,    5.51697,   6922332,         1,         0, "Apple M1", "Darwin 25.2.0", "clang 17.0.0 (clang-1700.6.3.2)",          8, 2026-01-30T18:29:29, ok
2026-01-30T18:08:23-fbe5dda4785f, bvh     ,   320,    180,      20,        10,           100,          118,            2,   1,       0,   0, 0.013959, 0.047291, 0.06125 ,   4026.57 ,   4026.63 ,         0       ,    0    ,    5.51697,   6926064,         0,         1, "Apple M1", "Darwin 25.2.0", "clang 17.0.0 (clang-1700.6.3.2)",          8, 2026-01-30T18:29:33, ok
2026-01-30T18:08:23-fbe5dda4785f, bvh     ,   320,    180,      20,        10,           100,          118,            2,   1,       0,   0, 0.017334, 0.034958, 0.052292,   4626.82 ,   4626.87 ,         0       ,    0    ,    5.51697,   6926493,         0,         2, "Apple M1", "Darwin 25.2.0", "clang 17.0.0 (clang-1700.6.3.2)",          8, 2026-01-30T18:29:38, ok
2026-01-30T18:08:23-fbe5dda4785f, bvh-mt  ,   320,    180,      20,        10,           100,          118,            2,   1,       1,   0, 0.016083, 0.040708, 0.056791,   2609.09 ,   2609.15 ,         0.074708,    0    ,    5.51697,   6920737,         1,         0, "Apple M1", "Darwin 25.2.0", "clang 17.0.0 (clang-1700.6.3.2)",          8, 2026-01-30T18:29:41, ok
2026-01-30T18:08:23-fbe5dda4785f, bvh-mt  ,   320,    180,      20,        10,           100,          118,            2,   1,       1,   0, 0.011958, 0.04825 , 0.060208,   2122.04 ,   2122.1  ,         0.021834,    0    ,    5.51697,   6924858,         0,         1, "Apple M1", "Darwin 25.2.0", "clang 17.0.0 (clang-1700.6.3.2)",          8, 2026-01-30T18:29:43, ok
2026-01-30T18:08:23-fbe5dda4785f, bvh-mt  ,   320,    180,      20,        10,           100,          118,            2,   1,       1,   0, 0.011292, 0.035   , 0.046292,   2485.8  ,   2485.85 ,         0.023667,    0    ,    5.51697,   6920953,         0,         2, "Apple M1", "Darwin 25.2.0", "clang 17.0.0 (clang-1700.6.3.2)",          8, 2026-01-30T18:29:45, ok
2026-01-30T18:08:23-fbe5dda4785f, gpu     ,   320,    180,      20,        10,           100,          118,            0,   0,       0,   1, 0.0165  , 0       , 0.0165  ,    436.82 ,    436.836,         0       ,  433.5  ,    5.87634,   1152000,         1,         0, "Apple M1", "Darwin 25.2.0", "clang 17.0.0 (clang-1700.6.3.2)",          8, 2026-01-30T18:29:46, ok
2026-01-30T18:08:23-fbe5dda4785f, gpu     ,   320,    180,      20,        10,           100,          118,            0,   0,       0,   1, 0.093833, 0       , 0.093833,    432.078,    432.172,         0       ,  427.422,    6.14197,   1152000,         0,         1, "Apple M1", "Darwin 25.2.0", "clang 17.0.0 (clang-1700.6.3.2)",          8, 2026-01-30T18:29:46, ok
2026-01-30T18:08:23-fbe5dda4785f, gpu     ,   320,    180,      20,        10,           100,          118,            0,   0,       0,   1, 0.058833, 0       , 0.058833,    426.291,    426.349,         0       ,  421.616,    6.14197,   1152000,         0,         2, "Apple M1", "Darwin 25.2.0", "clang 17.0.0 (clang-1700.6.3.2)",          8, 2026-01-30T18:29:46, ok
2026-01-30T18:08:23-fbe5dda4785f, original,   320,    180,      20,        10,           100,          118,            3,   0,       0,   0, 0.037875, 0       , 0.037875,  13385.4  ,  13385.4  ,         0       ,    0    ,    5.87634,   6932531,         1,         0, "Apple M1", "Darwin 25.2.0", "clang 17.0.0 (clang-1700.6.3.2)",          8, 2026-01-30T18:30:00, ok
2026-01-30T18:08:23-fbe5dda4785f, original,   320,    180,      20,        10,           100,          118,            3,   0,       0,   0, 0.076709, 0       , 0.076709,  13432.1  ,  13432.2  ,         0       ,    0    ,    5.51697,   6927099,         0,         1, "Apple M1", "Darwin 25.2.0", "clang 17.0.0 (clang-1700.6.3.2)",          8, 2026-01-30T18:30:13, ok
2026-01-30T18:08:23-fbe5dda4785f, original,   320,    180,      20,        10,           100,          118,            3,   0,       0,   0, 0.028916, 0       , 0.028916,  13520.4  ,  13520.5  ,         0       ,    0    ,    5.51697,   6920702,         0,         2, "Apple M1", "Darwin 25.2.0", "clang 17.0.0 (clang-1700.6.3.2)",          8, 2026-01-30T18:30:27, ok
2026-01-30T18:08:23-fbe5dda4785f, bvh     ,   320,    180,      20,        10,           100,          118,            3,   1,       0,   0, 0.051417, 0.924416, 0.975833,   4430.51 ,   4431.49 ,         0       ,    0    ,    5.51697,   6929031,         1,         0, "Apple M1", "Darwin 25.2.0", "clang 17.0.0 (clang-1700.6.3.2)",          8, 2026-01-30T18:30:31, ok
2026-01-30T18:08:23-fbe5dda4785f, bvh     ,   320,    180,      20,        10,           100,          118,            3,   1,       0,   0, 0.013917, 0.046042, 0.059959,   3944.3  ,   3944.36 ,         0       ,    0    ,    5.51697,   6922276,         0,         1, "Apple M1", "Darwin 25.2.0", "clang 17.0.0 (clang-1700.6.3.2)",          8, 2026-01-30T18:30:35, ok
2026-01-30T18:08:23-fbe5dda4785f, bvh     ,   320,    180,      20,        10,           100,          118,            3,   1,       0,   0, 0.032208, 0.054875, 0.087083,   4799.14 ,   4799.22 ,         0       ,    0    ,    5.51697,   6924943,         0,         2, "Apple M1", "Darwin 25.2.0", "clang 17.0.0 (clang-1700.6.3.2)",          8, 2026-01-30T18:30:40, ok
2026-01-30T18:08:23-fbe5dda4785f, bvh-mt  ,   320,    180,      20,        10,           100,          118,            3,   1,       1,   0, 0.021458, 0.033708, 0.055166,   2180.75 ,   2180.81 ,         0.053584,    0    ,    5.51697,   6919773,         1,         0, "Apple M1", "Darwin 25.2.0", "clang 17.0.0 (clang-1700.6.3.2)",          8, 2026-01-30T18:30:42, ok
2026-01-30T18:08:23-fbe5dda4785f, bvh-mt  ,   320,    180,      20,        10,           100,          118,            3,   1,       1,   0, 0.020416, 0.042917, 0.063333,   1928.13 ,   1928.19 ,         0.039833,    0    ,    5.51697,   6924350,         0,         1, "Apple M1", "Darwin 25.2.0", "clang 17.0.0 (clang-1700.6.3.2)",          8, 2026-01-30T18:30:44, ok
2026-01-30T18:08:23-fbe5dda4785f, bvh-mt  ,   320,    180,      20,        10,           100,          118,            3,   1,       1,   0, 0.011875, 0.044125, 0.056   ,   1840.42 ,   1840.47 ,         0.029291,    0    ,    5.51697,   6924015,         0,         2, "Apple M1", "Darwin 25.2.0", "clang 17.0.0 (clang-1700.6.3.2)",          8, 2026-01-30T18:30:46, ok
2026-01-30T18:08:23-fbe5dda4785f, gpu     ,   320,    180,      20,        10,           100,          118,            0,   0,       0,   1, 0.01325 , 0       , 0.01325 ,    447.412,    447.425,         0       ,  433.518,    5.87634,   1152000,         1,         0, "Apple M1", "Darwin 25.2.0", "clang 17.0.0 (clang-1700.6.3.2)",          8, 2026-01-30T18:30:46, ok
2026-01-30T18:08:23-fbe5dda4785f, gpu     ,   320,    180,      20,        10,           100,          118,            0,   0,       0,   1, 0.061584, 0       , 0.061584,    430.779,    430.841,         0       ,  427.753,    6.18884,   1152000,         0,         1, "Apple M1", "Darwin 25.2.0", "clang 17.0.0 (clang-1700.6.3.2)",          8, 2026-01-30T18:30:47, ok
2026-01-30T18:08:23-fbe5dda4785f, gpu     ,   320,    180,      20,        10,           100,          118,            0,   0,       0,   1, 0.032208, 0       , 0.032208,    425.301,    425.333,         0       ,  421.954,    6.15759,   1152000,         0,         2, "Apple M1", "Darwin 25.2.0", "clang 17.0.0 (clang-1700.6.3.2)",          8, 2026-01-30T18:30:47, ok
2026-01-30T18:08:23-fbe5dda4785f, original,   320,    180,      20,        10,           100,          118,            4,   0,       0,   0, 0.047541, 0       , 0.047541,  13546.8  ,  13546.8  ,         0       ,    0    ,    5.61072,   6928500,         1,         0, "Apple M1", "Darwin 25.2.0", "clang 17.0.0 (clang-1700.6.3.2)",          8, 2026-01-30T18:31:01, ok
2026-01-30T18:08:23-fbe5dda4785f, original,   320,    180,      20,        10,           100,          118,            4,   0,       0,   0, 0.036792, 0       , 0.036792,  13440.1  ,  13440.1  ,         0       ,    0    ,    5.78259,   6922252,         0,         1, "Apple M1", "Darwin 25.2.0", "clang 17.0.0 (clang-1700.6.3.2)",          8, 2026-01-30T18:31:14, ok
2026-01-30T18:08:23-fbe5dda4785f, original,   320,    180,      20,        10,           100,          118,            4,   0,       0,   0, 0.043542, 0       , 0.043542,  13351.6  ,  13351.6  ,         0       ,    0    ,    5.78259,   6921546,         0,         2, "Apple M1", "Darwin 25.2.0", "clang 17.0.0 (clang-1700.6.3.2)",          8, 2026-01-30T18:31:28, ok
2026-01-30T18:08:23-fbe5dda4785f, bvh     ,   320,    180,      20,        10,           100,          118,            4,   1,       0,   0, 0.03475 , 0.056333, 0.091083,   4370.34 ,   4370.43 ,         0       ,    0    ,    5.51697,   6923164,         1,         0, "Apple M1", "Darwin 25.2.0", "clang 17.0.0 (clang-1700.6.3.2)",          8, 2026-01-30T18:31:32, ok
2026-01-30T18:08:23-fbe5dda4785f, bvh     ,   320,    180,      20,        10,           100,          118,            4,   1,       0,   0, 0.039583, 0.044542, 0.084125,   3970.36 ,   3970.44 ,         0       ,    0    ,    5.51697,   6928023,         0,         1, "Apple M1", "Darwin 25.2.0", "clang 17.0.0 (clang-1700.6.3.2)",          8, 2026-01-30T18:31:36, ok
2026-01-30T18:08:23-fbe5dda4785f, bvh     ,   320,    180,      20,        10,           100,          118,            4,   1,       0,   0, 0.018042, 0.04575 , 0.063792,   4080.08 ,   4080.14 ,         0       ,    0    ,    5.51697,   6929294,         0,         2, "Apple M1", "Darwin 25.2.0", "clang 17.0.0 (clang-1700.6.3.2)",          8, 2026-01-30T18:31:40, ok
2026-01-30T18:08:23-fbe5dda4785f, bvh-mt  ,   320,    180,      20,        10,           100,          118,            4,   1,       1,   0, 0.023792, 0.03975 , 0.063542,   1840.5  ,   1840.56 ,         0.075125,    0    ,    5.51697,   6919362,         1,         0, "Apple M1", "Darwin 25.2.0", "clang 17.0.0 (clang-1700.6.3.2)",          8, 2026-01-30T18:31:42, ok
2026-01-30T18:08:23-fbe5dda4785f, bvh-mt  ,   320,    180,      20,        10,           100,          118,            4,   1,       1,   0, 0.014292, 0.054041, 0.068333,   1601.61 ,   1601.67 ,         0.0365  ,    0    ,    5.51697,   6929623,         0,         1, "Apple M1", "Darwin 25.2.0", "clang 17.0.0 (clang-1700.6.3.2)",          8, 2026-01-30T18:31:43, ok
2026-01-30T18:08:23-fbe5dda4785f, bvh-mt  ,   320,    180,      20,        10,           100,          118,            4,   1,       1,   0, 0.028459, 0.054584, 0.083043,   2019.81 ,   2019.89 ,         0.038542,    0    ,    5.51697,   6922941,         0,         2, "Apple M1", "Darwin 25.2.0", "clang 17.0.0 (clang-1700.6.3.2)",          8, 2026-01-30T18:31:45, ok
2026-01-30T18:08:23-fbe5dda4785f, gpu     ,   320,    180,      20,        10,           100,          118,            0,   0,       0,   1, 0.020667, 0       , 0.020667,    453.623,    453.644,         0       ,  434.913,    5.87634,   1152000,         1,         0, "Apple M1", "Darwin 25.2.0", "clang 17.0.0 (clang-1700.6.3.2)",          8, 2026-01-30T18:31:46, ok
2026-01-30T18:08:23-fbe5dda4785f, gpu     ,   320,    180,      20,        10,           100,          118,            0,   0,       0,   1, 0.084458, 0       , 0.084458,    434.992,    435.077,         0       ,  432.294,    6.14197,   1152000,         0,         1, "Apple M1", "Darwin 25.2.0", "clang 17.0.0 (clang-1700.6.3.2)",          8, 2026-01-30T18:31:46, ok
2026-01-30T18:08:23-fbe5dda4785f, gpu     ,   320,    180,      20,        10,           100,          118,            0,   0,       0,   1, 0.033   , 0       , 0.033   ,    473.359,    473.392,         0       ,  469.359,    6.14197,   1152000,         0,         2, "Apple M1", "Darwin 25.2.0", "clang 17.0.0 (clang-1700.6.3.2)",          8, 2026-01-30T18:31:47, ok
2026-01-30T18:08:23-fbe5dda4785f, original,   320,    180,      20,        10,           100,          118,            5,   0,       0,   0, 0.170417, 0       , 0.170417,  16439.2  ,  16439.4  ,         0       ,    0    ,    5.61072,   6925045,         1,         0, "Apple M1", "Darwin 25.2.0", "clang 17.0.0 (clang-1700.6.3.2)",          8, 2026-01-30T18:32:03, ok
2026-01-30T18:08:23-fbe5dda4785f, original,   320,    180,      20,        10,           100,          118,            5,   0,       0,   0, 0.039042, 0       , 0.039042,  13988.7  ,  13988.7  ,         0       ,    0    ,    5.78259,   6923465,         0,         1, "Apple M1", "Darwin 25.2.0", "clang 17.0.0 (clang-1700.6.3.2)",          8, 2026-01-30T18:32:17, ok
2026-01-30T18:08:23-fbe5dda4785f, original,   320,    180,      20,        10,           100,          118,            5,   0,       0,   0, 0.044   , 0       , 0.044   ,  13718.4  ,  13718.5  ,         0       ,    0    ,    5.51697,   6921700,         0,         2, "Apple M1", "Darwin 25.2.0", "clang 17.0.0 (clang-1700.6.3.2)",          8, 2026-01-30T18:32:31, ok
2026-01-30T18:08:23-fbe5dda4785f, bvh     ,   320,    180,      20,        10,           100,          118,            5,   1,       0,   0, 0.042792, 0.378333, 0.421125,   4294.79 ,   4295.21 ,         0       ,    0    ,    5.51697,   6917712,         1,         0, "Apple M1", "Darwin 25.2.0", "clang 17.0.0 (clang-1700.6.3.2)",          8, 2026-01-30T18:32:35, ok
2026-01-30T18:08:23-fbe5dda4785f, bvh     ,   320,    180,      20,        10,           100,          118,            5,   1,       0,   0, 0.01325 , 0.038625, 0.051875,   4129.34 ,   4129.39 ,         0       ,    0    ,    5.51697,   6933019,         0,         1, "Apple M1", "Darwin 25.2.0", "clang 17.0.0 (clang-1700.6.3.2)",          8, 2026-01-30T18:32:39, ok
2026-01-30T18:08:23-fbe5dda4785f, bvh     ,   320,    180,      20,        10,           100,          118,            5,   1,       0,   0, 0.025416, 0.044958, 0.070374,   4314.14 ,   4314.21 ,         0       ,    0    ,    5.51697,   6928786,         0,         2, "Apple M1", "Darwin 25.2.0", "clang 17.0.0 (clang-1700.6.3.2)",          8, 2026-01-30T18:32:44, ok
2026-01-30T18:08:23-fbe5dda4785f, bvh-mt  ,   320,    180,      20,        10,           100,          118,            5,   1,       1,   0, 0.0125  , 0.044292, 0.056792,   1326.33 ,   1326.38 ,         0.075042,    0    ,    5.51697,   6927502,         1,         0, "Apple M1", "Darwin 25.2.0", "clang 17.0.0 (clang-1700.6.3.2)",          8, 2026-01-30T18:32:45, ok
2026-01-30T18:08:23-fbe5dda4785f, bvh-mt  ,   320,    180,      20,        10,           100,          118,            5,   1,       1,   0, 0.012458, 0.033958, 0.046416,   1481.78 ,   1481.83 ,         0.047125,    0    ,    5.51697,   6920018,         0,         1, "Apple M1", "Darwin 25.2.0", "clang 17.0.0 (clang-1700.6.3.2)",          8, 2026-01-30T18:32:46, ok
2026-01-30T18:08:23-fbe5dda4785f, bvh-mt  ,   320,    180,      20,        10,           100,          118,            5,   1,       1,   0, 0.012375, 0.036667, 0.049042,   1436.41 ,   1436.46 ,         0.040209,    0    ,    5.51697,   6924748,         0,         2, "Apple M1", "Darwin 25.2.0", "clang 17.0.0 (clang-1700.6.3.2)",          8, 2026-01-30T18:32:48, ok
2026-01-30T18:08:23-fbe5dda4785f, gpu     ,   320,    180,      20,        10,           100,          118,            0,   0,       0,   1, 0.013625, 0       , 0.013625,    444.819,    444.833,         0       ,  430.561,    5.87634,   1152000,         1,         0, "Apple M1", "Darwin 25.2.0", "clang 17.0.0 (clang-1700.6.3.2)",          8, 2026-01-30T18:32:48, ok
2026-01-30T18:08:23-fbe5dda4785f, gpu     ,   320,    180,      20,        10,           100,          118,            0,   0,       0,   1, 0.059083, 0       , 0.059083,    433.429,    433.488,         0       ,  428.996,    6.14197,   1152000,         0,         1, "Apple M1", "Darwin 25.2.0", "clang 17.0.0 (clang-1700.6.3.2)",          8, 2026-01-30T18:32:49, ok
2026-01-30T18:08:23-fbe5dda4785f, gpu     ,   320,    180,      20,        10,           100,          118,            0,   0,       0,   1, 0.058875, 0       , 0.058875,    425.177,    425.235,         0       ,  421.469,    6.14197,   1152000,         0,         2, "Apple M1", "Darwin 25.2.0", "clang 17.0.0 (clang-1700.6.3.2)",          8, 2026-01-30T18:32:49, ok
2026-01-30T18:08:23-fbe5dda4785f, original,   320,    180,      20,        10,           100,          118,            6,   0,       0,   0, 0.023208, 0       , 0.023208,  13532.8  ,  13532.8  ,         0       ,    0    ,    5.78259,   6924801,         1,         0, "Apple M1", "Darwin 25.2.0", "clang 17.0.0 (clang-1700.6.3.2)",          8, 2026-01-30T18:33:03, ok
2026-01-30T18:08:23-fbe5dda4785f, original,   320,    180,      20,        10,           100,          118,            6,   0,       0,   0, 0.038709, 0       , 0.038709,  13443.8  ,  13443.8  ,         0       ,    0    ,    5.51697,   6918752,         0,         1, "Apple M1", "Darwin 25.2.0", "clang 17.0.0 (clang-1700.6.3.2)",          8, 2026-01-30T18:33:16, ok
2026-01-30T18:08:23-fbe5dda4785f, original,   320,    180,      20,        10,           100,          118,            6,   0,       0,   0, 0.020958, 0       , 0.020958,  13402.2  ,  13402.2  ,         0       ,    0    ,    5.51697,   6930065,         0,         2, "Apple M1", "Darwin 25.2.0", "clang 17.0.0 (clang-1700.6.3.2)",          8, 2026-01-30T18:33:30, ok
2026-01-30T18:08:23-fbe5dda4785f, bvh     ,   320,    180,      20,        10,           100,          118,            6,   1,       0,   0, 0.019917, 0.047958, 0.067875,   4452.44 ,   4452.51 ,         0       ,    0    ,    5.51697,   6928344,         1,         0, "Apple M1", "Darwin 25.2.0", "clang 17.0.0 (clang-1700.6.3.2)",          8, 2026-01-30T18:33:34, ok
2026-01-30T18:08:23-fbe5dda4785f, bvh     ,   320,    180,      20,        10,           100,          118,            6,   1,       0,   0, 0.012584, 0.035542, 0.048126,   4564.91 ,   4564.96 ,         0       ,    0    ,    5.51697,   6924897,         0,         1, "Apple M1", "Darwin 25.2.0", "clang 17.0.0 (clang-1700.6.3.2)",          8, 2026-01-30T18:33:39, ok
2026-01-30T18:08:23-fbe5dda4785f, bvh     ,   320,    180,      20,        10,           100,          118,            6,   1,       0,   0, 0.020667, 0.042375, 0.063042,   4237.86 ,   4237.93 ,         0       ,    0    ,    5.51697,   6924441,         0,         2, "Apple M1", "Darwin 25.2.0", "clang 17.0.0 (clang-1700.6.3.2)",          8, 2026-01-30T18:33:43, ok
2026-01-30T18:08:23-fbe5dda4785f, bvh-mt  ,   320,    180,      20,        10,           100,          118,            6,   1,       1,   0, 0.038958, 0.037375, 0.076333,   1411.59 ,   1411.67 ,         0.09425 ,    0    ,    5.51697,   6926645,         1,         0, "Apple M1", "Darwin 25.2.0", "clang 17.0.0 (clang-1700.6.3.2)",          8, 2026-01-30T18:33:44, ok
2026-01-30T18:08:23-fbe5dda4785f, bvh-mt  ,   320,    180,      20,        10,           100,          118,            6,   1,       1,   0, 0.013459, 0.044541, 0.058   ,   1448.34 ,   1448.4  ,         0.059667,    0    ,    5.51697,   6925482,         0,         1, "Apple M1", "Darwin 25.2.0", "clang 17.0.0 (clang-1700.6.3.2)",          8, 2026-01-30T18:33:46, ok
2026-01-30T18:08:23-fbe5dda4785f, bvh-mt  ,   320,    180,      20,        10,           100,          118,            6,   1,       1,   0, 0.019   , 0.037792, 0.056792,   1390.78 ,   1390.84 ,         0.090625,    0    ,    5.51697,   6923260,         0,         2, "Apple M1", "Darwin 25.2.0", "clang 17.0.0 (clang-1700.6.3.2)",          8, 2026-01-30T18:33:47, ok
2026-01-30T18:08:23-fbe5dda4785f, gpu     ,   320,    180,      20,        10,           100,          118,            0,   0,       0,   1, 0.013791, 0       , 0.013791,    438.642,    438.656,         0       ,  432.86 ,    5.87634,   1152000,         1,         0, "Apple M1", "Darwin 25.2.0", "clang 17.0.0 (clang-1700.6.3.2)",          8, 2026-01-30T18:33:48, ok
2026-01-30T18:08:23-fbe5dda4785f, gpu     ,   320,    180,      20,        10,           100,          118,            0,   0,       0,   1, 0.069417, 0       , 0.069417,    437.762,    437.831,         0       ,  429.643,    6.14197,   1152000,         0,         1, "Apple M1", "Darwin 25.2.0", "clang 17.0.0 (clang-1700.6.3.2)",          8, 2026-01-30T18:33:48, ok
2026-01-30T18:08:23-fbe5dda4785f, gpu     ,   320,    180,      20,        10,           100,          118,            0,   0,       0,   1, 0.027666, 0       , 0.027666,    425.732,    425.76 ,         0       ,  422.386,    6.14197,   1152000,         0,         2, "Apple M1", "Darwin 25.2.0", "clang 17.0.0 (clang-1700.6.3.2)",          8, 2026-01-30T18:33:48, ok
2026-01-30T18:08:23-fbe5dda4785f, original,   320,    180,      20,        10,           100,          118,            7,   0,       0,   0, 0.047084, 0       , 0.047084,  13447.6  ,  13447.7  ,         0       ,    0    ,    5.61072,   6923575,         1,         0, "Apple M1", "Darwin 25.2.0", "clang 17.0.0 (clang-1700.6.3.2)",          8, 2026-01-30T18:34:02, ok
2026-01-30T18:08:23-fbe5dda4785f, original,   320,    180,      20,        10,           100,          118,            7,   0,       0,   0, 0.048334, 0       , 0.048334,  13439    ,  13439.1  ,         0       ,    0    ,    5.78259,   6917317,         0,         1, "Apple M1", "Darwin 25.2.0", "clang 17.0.0 (clang-1700.6.3.2)",          8, 2026-01-30T18:34:15, ok
2026-01-30T18:08:23-fbe5dda4785f, original,   320,    180,      20,        10,           100,          118,            7,   0,       0,   0, 0.041541, 0       , 0.041541,  13313.2  ,  13313.3  ,         0       ,    0    ,    5.51697,   6918592,         0,         2, "Apple M1", "Darwin 25.2.0", "clang 17.0.0 (clang-1700.6.3.2)",          8, 2026-01-30T18:34:29, ok
2026-01-30T18:08:23-fbe5dda4785f, bvh     ,   320,    180,      20,        10,           100,          118,            7,   1,       0,   0, 0.019416, 0.062625, 0.082041,   4328.76 ,   4328.84 ,         0       ,    0    ,    5.51697,   6929391,         1,         0, "Apple M1", "Darwin 25.2.0", "clang 17.0.0 (clang-1700.6.3.2)",          8, 2026-01-30T18:34:33, ok
2026-01-30T18:08:23-fbe5dda4785f, bvh     ,   320,    180,      20,        10,           100,          118,            7,   1,       0,   0, 0.013916, 0.032333, 0.046249,   4593.94 ,   4593.99 ,         0       ,    0    ,    5.51697,   6922896,         0,         1, "Apple M1", "Darwin 25.2.0", "clang 17.0.0 (clang-1700.6.3.2)",          8, 2026-01-30T18:34:38, ok
2026-01-30T18:08:23-fbe5dda4785f, bvh     ,   320,    180,      20,        10,           100,          118,            7,   1,       0,   0, 0.015083, 0.043167, 0.05825 ,   5054.34 ,   5054.4  ,         0       ,    0    ,    5.51697,   6926536,         0,         2, "Apple M1", "Darwin 25.2.0", "clang 17.0.0 (clang-1700.6.3.2)",          8, 2026-01-30T18:34:43, ok
2026-01-30T18:08:23-fbe5dda4785f, bvh-mt  ,   320,    180,      20,        10,           100,          118,            7,   1,       1,   0, 0.020667, 0.047542, 0.068209,   1143.23 ,   1143.3  ,         0.158959,    0    ,    5.51697,   6929550,         1,         0, "Apple M1", "Darwin 25.2.0", "clang 17.0.0 (clang-1700.6.3.2)",          8, 2026-01-30T18:34:44, ok
2026-01-30T18:08:23-fbe5dda4785f, bvh-mt  ,   320,    180,      20,        10,           100,          118,            7,   1,       1,   0, 0.012125, 0.046708, 0.058833,   1232.41 ,   1232.47 ,         0.060417,    0    ,    5.51697,   6928335,         0,         1, "Apple M1", "Darwin 25.2.0", "clang 17.0.0 (clang-1700.6.3.2)",          8, 2026-01-30T18:34:45, ok
2026-01-30T18:08:23-fbe5dda4785f, bvh-mt  ,   320,    180,      20,        10,           100,          118,            7,   1,       1,   0, 0.017042, 0.041458, 0.0585  ,   1221.31 ,   1221.37 ,         0.062292,    0    ,    5.51697,   6923643,         0,         2, "Apple M1", "Darwin 25.2.0", "clang 17.0.0 (clang-1700.6.3.2)",          8, 2026-01-30T18:34:46, ok
2026-01-30T18:08:23-fbe5dda4785f, gpu     ,   320,    180,      20,        10,           100,          118,            0,   0,       0,   1, 0.0135  , 0       , 0.0135  ,    435.708,    435.722,         0       ,  433.318,    5.92322,   1152000,         1,         0, "Apple M1", "Darwin 25.2.0", "clang 17.0.0 (clang-1700.6.3.2)",          8, 2026-01-30T18:34:47, ok
2026-01-30T18:08:23-fbe5dda4785f, gpu     ,   320,    180,      20,        10,           100,          118,            0,   0,       0,   1, 0.060375, 0       , 0.060375,    435.202,    435.262,         0       ,  430.452,    6.15759,   1152000,         0,         1, "Apple M1", "Darwin 25.2.0", "clang 17.0.0 (clang-1700.6.3.2)",          8, 2026-01-30T18:34:47, ok
2026-01-30T18:08:23-fbe5dda4785f, gpu     ,   320,    180,      20,        10,           100,          118,            0,   0,       0,   1, 0.044042, 0       , 0.044042,    426.741,    426.785,         0       ,  423.402,    6.15759,   1152000,         0,         2, "Apple M1", "Darwin 25.2.0", "clang 17.0.0 (clang-1700.6.3.2)",          8, 2026-01-30T18:34:47, ok
2026-01-30T18:08:23-fbe5dda4785f, original,   320,    180,      20,        10,           100,          118,            8,   0,       0,   0, 0.028625, 0       , 0.028625,  13500.1  ,  13500.1  ,         0       ,    0    ,    5.84509,   6928057,         1,         0, "Apple M1", "Darwin 25.2.0", "clang 17.0.0 (clang-1700.6.3.2)",          8, 2026-01-30T18:35:01, ok
2026-01-30T18:08:23-fbe5dda4785f, original,   320,    180,      20,        10,           100,          118,            8,   0,       0,   0, 0.035459, 0       , 0.035459,  13409.4  ,  13409.4  ,         0       ,    0    ,    5.48572,   6922936,         0,         1, "Apple M1", "Darwin 25.2.0", "clang 17.0.0 (clang-1700.6.3.2)",          8, 2026-01-30T18:35:14, ok
2026-01-30T18:08:23-fbe5dda4785f, original,   320,    180,      20,        10,           100,          118,            8,   0,       0,   0, 0.025417, 0       , 0.025417,  13336.1  ,  13336.2  ,         0       ,    0    ,    5.48572,   6919655,         0,         2, "Apple M1", "Darwin 25.2.0", "clang 17.0.0 (clang-1700.6.3.2)",          8, 2026-01-30T18:35:28, ok
2026-01-30T18:08:23-fbe5dda4785f, bvh     ,   320,    180,      20,        10,           100,          118,            8,   1,       0,   0, 0.036   , 0.054083, 0.090083,   4715.38 ,   4715.47 ,         0       ,    0    ,    5.48572,   6917987,         1,         0, "Apple M1", "Darwin 25.2.0", "clang 17.0.0 (clang-1700.6.3.2)",          8, 2026-01-30T18:35:32, ok
2026-01-30T18:08:23-fbe5dda4785f, bvh     ,   320,    180,      20,        10,           100,          118,            8,   1,       0,   0, 0.012959, 0.043917, 0.056876,   4146.14 ,   4146.2  ,         0       ,    0    ,    5.48572,   6927649,         0,         1, "Apple M1", "Darwin 25.2.0", "clang 17.0.0 (clang-1700.6.3.2)",          8, 2026-01-30T18:35:37, ok
2026-01-30T18:08:23-fbe5dda4785f, bvh     ,   320,    180,      20,        10,           100,          118,            8,   1,       0,   0, 0.025917, 0.041041, 0.066958,   4018.55 ,   4018.62 ,         0       ,    0    ,    5.48572,   6926902,         0,         2, "Apple M1", "Darwin 25.2.0", "clang 17.0.0 (clang-1700.6.3.2)",          8, 2026-01-30T18:35:41, ok
2026-01-30T18:08:23-fbe5dda4785f, bvh-mt  ,   320,    180,      20,        10,           100,          118,            8,   1,       1,   0, 0.012792, 0.032042, 0.044834,   1397.78 ,   1397.82 ,         0.110292,    0    ,    5.48572,   6926170,         1,         0, "Apple M1", "Darwin 25.2.0", "clang 17.0.0 (clang-1700.6.3.2)",          8, 2026-01-30T18:35:42, ok
2026-01-30T18:08:23-fbe5dda4785f, bvh-mt  ,   320,    180,      20,        10,           100,          118,            8,   1,       1,   0, 0.013375, 0.060542, 0.073917,   1146.62 ,   1146.69 ,         0.063084,    0    ,    5.48572,   6920205,         0,         1, "Apple M1", "Darwin 25.2.0", "clang 17.0.0 (clang-1700.6.3.2)",          8, 2026-01-30T18:35:43, ok
2026-01-30T18:08:23-fbe5dda4785f, bvh-mt  ,   320,    180,      20,        10,           100,          118,            8,   1,       1,   0, 0.015458, 0.055583, 0.071041,   1080.81 ,   1080.88 ,         0.098333,    0    ,    5.48572,   6933821,         0,         2, "Apple M1", "Darwin 25.2.0", "clang 17.0.0 (clang-1700.6.3.2)",          8, 2026-01-30T18:35:44, ok
2026-01-30T18:08:23-fbe5dda4785f, gpu     ,   320,    180,      20,        10,           100,          118,            0,   0,       0,   1, 0.013792, 0       , 0.013792,    436.968,    436.981,         0       ,  433.915,    5.87634,   1152000,         1,         0, "Apple M1", "Darwin 25.2.0", "clang 17.0.0 (clang-1700.6.3.2)",          8, 2026-01-30T18:35:45, ok
2026-01-30T18:08:23-fbe5dda4785f, gpu     ,   320,    180,      20,        10,           100,          118,            0,   0,       0,   1, 0.059792, 0       , 0.059792,    425.651,    425.711,         0       ,  421.352,    6.14197,   1152000,         0,         1, "Apple M1", "Darwin 25.2.0", "clang 17.0.0 (clang-1700.6.3.2)",          8, 2026-01-30T18:35:45, ok
2026-01-30T18:08:23-fbe5dda4785f, gpu     ,   320,    180,      20,        10,           100,          118,            0,   0,       0,   1, 0.030208, 0       , 0.030208,    423.206,    423.236,         0       ,  419.237,    6.14197,   1152000,         0,         2, "Apple M1", "Darwin 25.2.0", "clang 17.0.0 (clang-1700.6.3.2)",          8, 2026-01-30T18:35:46, ok
2026-01-30T18:08:23-fbe5dda4785f, original,   320,    180,      20,        20,             0,           18,            1,   0,       0,   0, 0.026334, 0       , 0.026334,   9151.89 ,   9151.92 ,         0       ,    0    ,    5.87634,   8640903,         1,         0, "Apple M1", "Darwin 25.2.0", "clang 17.0.0 (clang-1700.6.3.2)",          8, 2026-01-30T18:35:55, ok
2026-01-30T18:08:23-fbe5dda4785f, original,   320,    180,      20,        20,             0,           18,            1,   0,       0,   0, 0.008708, 0       , 0.008708,   9066.73 ,   9066.74 ,         0       ,    0    ,    5.87634,   8627598,         0,         1, "Apple M1", "Darwin 25.2.0", "clang 17.0.0 (clang-1700.6.3.2)",          8, 2026-01-30T18:36:04, ok
2026-01-30T18:08:23-fbe5dda4785f, original,   320,    180,      20,        20,             0,           18,            1,   0,       0,   0, 0.025084, 0       , 0.025084,   9138    ,   9138.02 ,         0       ,    0    ,    5.78259,   8627214,         0,         2, "Apple M1", "Darwin 25.2.0", "clang 17.0.0 (clang-1700.6.3.2)",          8, 2026-01-30T18:36:13, ok
2026-01-30T18:08:23-fbe5dda4785f, bvh     ,   320,    180,      20,        20,             0,           18,            1,   1,       0,   0, 0.01175 , 0.02875 , 0.0405  ,   3563.85 ,   3563.89 ,         0       ,    0    ,    5.51697,   8630117,         1,         0, "Apple M1", "Darwin 25.2.0", "clang 17.0.0 (clang-1700.6.3.2)",          8, 2026-01-30T18:36:16, ok
2026-01-30T18:08:23-fbe5dda4785f, bvh     ,   320,    180,      20,        20,             0,           18,            1,   1,       0,   0, 0.034875, 0.004792, 0.039667,   3717.8  ,   3717.84 ,         0       ,    0    ,    5.51697,   8644744,         0,         1, "Apple M1", "Darwin 25.2.0", "clang 17.0.0 (clang-1700.6.3.2)",          8, 2026-01-30T18:36:20, ok
2026-01-30T18:08:23-fbe5dda4785f, bvh     ,   320,    180,      20,        20,             0,           18,            1,   1,       0,   0, 0.0125  , 0.007584, 0.020084,   3621    ,   3621.02 ,         0       ,    0    ,    5.51697,   8637070,         0,         2, "Apple M1", "Darwin 25.2.0", "clang 17.0.0 (clang-1700.6.3.2)",          8, 2026-01-30T18:36:24, ok
2026-01-30T18:08:23-fbe5dda4785f, bvh-mt  ,   320,    180,      20,        20,             0,           18,            1,   1,       1,   0, 0.012042, 0.015875, 0.027917,   3704.2  ,   3704.23 ,         0       ,    0    ,    5.51697,   8647999,         1,         0, "Apple M1", "Darwin 25.2.0", "clang 17.0.0 (clang-1700.6.3.2)",          8, 2026-01-30T18:36:28, ok
2026-01-30T18:08:23-fbe5dda4785f, bvh-mt  ,   320,    180,      20,        20,             0,           18,            1,   1,       1,   0, 0.036125, 0.005   , 0.041125,   4146.79 ,   4146.83 ,         0       ,    0    ,    5.51697,   8637715,         0,         1, "Apple M1", "Darwin 25.2.0", "clang 17.0.0 (clang-1700.6.3.2)",          8, 2026-01-30T18:36:32, ok
2026-01-30T18:08:23-fbe5dda4785f, bvh-mt  ,   320,    180,      20,        20,             0,           18,            1,   1,       1,   0, 0.013416, 0.011042, 0.024458,   3734.95 ,   3734.97 ,         0       ,    0    ,    5.51697,   8634498,         0,         2, "Apple M1", "Darwin 25.2.0", "clang 17.0.0 (clang-1700.6.3.2)",          8, 2026-01-30T18:36:35, ok
2026-01-30T18:08:23-fbe5dda4785f, gpu     ,   320,    180,      20,        20,             0,           18,            0,   0,       0,   1, 0.013583, 0       , 0.013583,    427.361,    427.375,         0       ,  421.9  ,    5.87634,   1152000,         1,         0, "Apple M1", "Darwin 25.2.0", "clang 17.0.0 (clang-1700.6.3.2)",          8, 2026-01-30T18:36:36, ok
2026-01-30T18:08:23-fbe5dda4785f, gpu     ,   320,    180,      20,        20,             0,           18,            0,   0,       0,   1, 0.027   , 0       , 0.027   ,    418.812,    418.839,         0       ,  415.094,    6.14197,   1152000,         0,         1, "Apple M1", "Darwin 25.2.0", "clang 17.0.0 (clang-1700.6.3.2)",          8, 2026-01-30T18:36:36, ok
2026-01-30T18:08:23-fbe5dda4785f, gpu     ,   320,    180,      20,        20,             0,           18,            0,   0,       0,   1, 0.032792, 0       , 0.032792,    420.363,    420.396,         0       ,  416.247,    6.14197,   1152000,         0,         2, "Apple M1", "Darwin 25.2.0", "clang 17.0.0 (clang-1700.6.3.2)",          8, 2026-01-30T18:36:37, ok
2026-01-30T18:08:23-fbe5dda4785f, original,   320,    180,      20,        20,             0,           18,            2,   0,       0,   0, 0.023667, 0       , 0.023667,   9164.53 ,   9164.55 ,         0       ,    0    ,    5.87634,   8636369,         1,         0, "Apple M1", "Darwin 25.2.0", "clang 17.0.0 (clang-1700.6.3.2)",          8, 2026-01-30T18:36:46, ok
2026-01-30T18:08:23-fbe5dda4785f, original,   320,    180,      20,        20,             0,           18,            2,   0,       0,   0, 0.009083, 0       , 0.009083,   9097.62 ,   9097.63 ,         0       ,    0    ,    5.87634,   8633685,         0,         1, "Apple M1", "Darwin 25.2.0", "clang 17.0.0 (clang-1700.6.3.2)",          8, 2026-01-30T18:36:55, ok
2026-01-30T18:08:23-fbe5dda4785f, original,   320,    180,      20,        20,             0,           18,            2,   0,       0,   0, 0.023292, 0       , 0.023292,   9105.15 ,   9105.18 ,         0       ,    0    ,    5.78259,   8635859,         0,         2, "Apple M1", "Darwin 25.2.0", "clang 17.0.0 (clang-1700.6.3.2)",          8, 2026-01-30T18:37:04, ok
2026-01-30T18:08:23-fbe5dda4785f, bvh     ,   320,    180,      20,        20,             0,           18,            2,   1,       0,   0, 0.012167, 0.033125, 0.045292,   3416.36 ,   3416.4  ,         0       ,    0    ,    5.51697,   8632233,         1,         0, "Apple M1", "Darwin 25.2.0", "clang 17.0.0 (clang-1700.6.3.2)",          8, 2026-01-30T18:37:07, ok
2026-01-30T18:08:23-fbe5dda4785f, bvh     ,   320,    180,      20,        20,             0,           18,            2,   1,       0,   0, 0.015083, 0.00525 , 0.020333,   4040.28 ,   4040.3  ,         0       ,    0    ,    5.51697,   8628365,         0,         1, "Apple M1", "Darwin 25.2.0", "clang 17.0.0 (clang-1700.6.3.2)",          8, 2026-01-30T18:37:11, ok
2026-01-30T18:08:23-fbe5dda4785f, bvh     ,   320,    180,      20,        20,             0,           18,            2,   1,       0,   0, 0.0075  , 0.005208, 0.012708,   4144.41 ,   4144.42 ,         0       ,    0    ,    5.51697,   8625547,         0,         2, "Apple M1", "Darwin 25.2.0", "clang 17.0.0 (clang-1700.6.3.2)",          8, 2026-01-30T18:37:16, ok
2026-01-30T18:08:23-fbe5dda4785f, bvh-mt  ,   320,    180,      20,        20,             0,           18,            2,   1,       1,   0, 0.018833, 0.008833, 0.027666,   1827.79 ,   1827.82 ,         0.064375,    0    ,    5.51697,   8637869,         1,         0, "Apple M1", "Darwin 25.2.0", "clang 17.0.0 (clang-1700.6.3.2)",          8, 2026-01-30T18:37:17, ok
2026-01-30T18:08:23-fbe5dda4785f, bvh-mt  ,   320,    180,      20,        20,             0,           18,            2,   1,       1,   0, 0.0155  , 0.008583, 0.024083,   2181.88 ,   2181.9  ,         0.026833,    0    ,    5.51697,   8641058,         0,         1, "Apple M1", "Darwin 25.2.0", "clang 17.0.0 (clang-1700.6.3.2)",          8, 2026-01-30T18:37:20, ok
2026-01-30T18:08:23-fbe5dda4785f, bvh-mt  ,   320,    180,      20,        20,             0,           18,            2,   1,       1,   0, 0.0075  , 0.005209, 0.012709,   1855.56 ,   1855.58 ,         0.018334,    0    ,    5.51697,   8619206,         0,         2, "Apple M1", "Darwin 25.2.0", "clang 17.0.0 (clang-1700.6.3.2)",          8, 2026-01-30T18:37:21, ok
2026-01-30T18:08:23-fbe5dda4785f, gpu     ,   320,    180,      20,        20,             0,           18,            0,   0,       0,   1, 0.020458, 0       , 0.020458,    429.588,    429.608,         0       ,  426.627,    5.87634,   1152000,         1,         0, "Apple M1", "Darwin 25.2.0", "clang 17.0.0 (clang-1700.6.3.2)",          8, 2026-01-30T18:37:22, ok
2026-01-30T18:08:23-fbe5dda4785f, gpu     ,   320,    180,      20,        20,             0,           18,            0,   0,       0,   1, 0.034041, 0       , 0.034041,    423.798,    423.832,         0       ,  419.301,    6.14197,   1152000,         0,         1, "Apple M1", "Darwin 25.2.0", "clang 17.0.0 (clang-1700.6.3.2)",          8, 2026-01-30T18:37:22, ok
2026-01-30T18:08:23-fbe5dda4785f, gpu     ,   320,    180,      20,        20,             0,           18,            0,   0,       0,   1, 0.032709, 0       , 0.032709,    419.246,    419.278,         0       ,  414.626,    6.14197,   1152000,         0,         2, "Apple M1", "Darwin 25.2.0", "clang 17.0.0 (clang-1700.6.3.2)",          8, 2026-01-30T18:37:23, ok
2026-01-30T18:08:23-fbe5dda4785f, original,   320,    180,      20,        20,             0,           18,            3,   0,       0,   0, 0.028833, 0       , 0.028833,   9170.02 ,   9170.05 ,         0       ,    0    ,    5.87634,   8641705,         1,         0, "Apple M1", "Darwin 25.2.0", "clang 17.0.0 (clang-1700.6.3.2)",          8, 2026-01-30T18:37:32, ok
2026-01-30T18:08:23-fbe5dda4785f, original,   320,    180,      20,        20,             0,           18,            3,   0,       0,   0, 0.040917, 0       , 0.040917,   9149.85 ,   9149.89 ,         0       ,    0    ,    5.78259,   8638626,         0,         1, "Apple M1", "Darwin 25.2.0", "clang 17.0.0 (clang-1700.6.3.2)",          8, 2026-01-30T18:37:41, ok
2026-01-30T18:08:23-fbe5dda4785f, original,   320,    180,      20,        20,             0,           18,            3,   0,       0,   0, 0.0185  , 0       , 0.0185  ,   9113.48 ,   9113.5  ,         0       ,    0    ,    5.51697,   8630203,         0,         2, "Apple M1", "Darwin 25.2.0", "clang 17.0.0 (clang-1700.6.3.2)",          8, 2026-01-30T18:37:50, ok
2026-01-30T18:08:23-fbe5dda4785f, bvh     ,   320,    180,      20,        20,             0,           18,            3,   1,       0,   0, 0.00825 , 0.017375, 0.025625,   3910.94 ,   3910.96 ,         0       ,    0    ,    5.51697,   8623914,         1,         0, "Apple M1", "Darwin 25.2.0", "clang 17.0.0 (clang-1700.6.3.2)",          8, 2026-01-30T18:37:54, ok
2026-01-30T18:08:23-fbe5dda4785f, bvh     ,   320,    180,      20,        20,             0,           18,            3,   1,       0,   0, 0.032292, 0.004834, 0.037126,   3466.37 ,   3466.41 ,         0       ,    0    ,    5.51697,   8636606,         0,         1, "Apple M1", "Darwin 25.2.0", "clang 17.0.0 (clang-1700.6.3.2)",          8, 2026-01-30T18:37:58, ok
2026-01-30T18:08:23-fbe5dda4785f, bvh     ,   320,    180,      20,        20,             0,           18,            3,   1,       0,   0, 0.008   , 0.004708, 0.012708,   3582.83 ,   3582.85 ,         0       ,    0    ,    5.51697,   8639598,         0,         2, "Apple M1", "Darwin 25.2.0", "clang 17.0.0 (clang-1700.6.3.2)",          8, 2026-01-30T18:38:01, ok
2026-01-30T18:08:23-fbe5dda4785f, bvh-mt  ,   320,    180,      20,        20,             0,           18,            3,   1,       1,   0, 0.008166, 0.007709, 0.015875,   1803.22 ,   1803.24 ,         0.051625,    0    ,    5.51697,   8622082,         1,         0, "Apple M1", "Darwin 25.2.0", "clang 17.0.0 (clang-1700.6.3.2)",          8, 2026-01-30T18:38:03, ok
2026-01-30T18:08:23-fbe5dda4785f, bvh-mt  ,   320,    180,      20,        20,             0,           18,            3,   1,       1,   0, 0.054125, 0.005833, 0.059958,   1579.84 ,   1579.9  ,         0.03175 ,    0    ,    5.51697,   8629841,         0,         1, "Apple M1", "Darwin 25.2.0", "clang 17.0.0 (clang-1700.6.3.2)",          8, 2026-01-30T18:38:05, ok
2026-01-30T18:08:23-fbe5dda4785f, bvh-mt  ,   320,    180,      20,        20,             0,           18,            3,   1,       1,   0, 0.008042, 0.004875, 0.012917,   1563.35 ,   1563.36 ,         0.027833,    0    ,    5.51697,   8635138,         0,         2, "Apple M1", "Darwin 25.2.0", "clang 17.0.0 (clang-1700.6.3.2)",          8, 2026-01-30T18:38:06, ok
2026-01-30T18:08:23-fbe5dda4785f, gpu     ,   320,    180,      20,        20,             0,           18,            0,   0,       0,   1, 0.008875, 0       , 0.008875,    429.874,    429.883,         0       ,  427.571,    5.87634,   1152000,         1,         0, "Apple M1", "Darwin 25.2.0", "clang 17.0.0 (clang-1700.6.3.2)",          8, 2026-01-30T18:38:07, ok
2026-01-30T18:08:23-fbe5dda4785f, gpu     ,   320,    180,      20,        20,             0,           18,            0,   0,       0,   1, 0.007   , 0       , 0.007   ,    418.308,    418.315,         0       ,  416.615,    5.87634,   1152000,         0,         1, "Apple M1", "Darwin 25.2.0", "clang 17.0.0 (clang-1700.6.3.2)",          8, 2026-01-30T18:38:07, ok
2026-01-30T18:08:23-fbe5dda4785f, gpu     ,   320,    180,      20,        20,             0,           18,            0,   0,       0,   1, 0.020708, 0       , 0.020708,    420.608,    420.629,         0       ,  417.99 ,    6.14197,   1152000,         0,         2, "Apple M1", "Darwin 25.2.0", "clang 17.0.0 (clang-1700.6.3.2)",          8, 2026-01-30T18:38:07, ok
2026-01-30T18:08:23-fbe5dda4785f, original,   320,    180,      20,        20,             0,           18,            4,   0,       0,   0, 0.017834, 0       , 0.017834,   9165.14 ,   9165.16 ,         0       ,    0    ,    5.87634,   8630480,         1,         0, "Apple M1", "Darwin 25.2.0", "clang 17.0.0 (clang-1700.6.3.2)",          8, 2026-01-30T18:38:17, ok
2026-01-30T18:08:23-fbe5dda4785f, original,   320,    180,      20,        20,             0,           18,            4,   0,       0,   0, 0.028375, 0       , 0.028375,   9105.17 ,   9105.2  ,         0       ,    0    ,    5.78259,   8633179,         0,         1, "Apple M1", "Darwin 25.2.0", "clang 17.0.0 (clang-1700.6.3.2)",          8, 2026-01-30T18:38:26, ok
2026-01-30T18:08:23-fbe5dda4785f, original,   320,    180,      20,        20,             0,           18,            4,   0,       0,   0, 0.009291, 0       , 0.009291,   9093.31 ,   9093.32 ,         0       ,    0    ,    5.51697,   8642116,         0,         2, "Apple M1", "Darwin 25.2.0", "clang 17.0.0 (clang-1700.6.3.2)",          8, 2026-01-30T18:38:35, ok
2026-01-30T18:08:23-fbe5dda4785f, bvh     ,   320,    180,      20,        20,             0,           18,            4,   1,       0,   0, 0.034792, 0.017459, 0.052251,   3662.62 ,   3662.68 ,         0       ,    0    ,    5.51697,   8630075,         1,         0, "Apple M1", "Darwin 25.2.0", "clang 17.0.0 (clang-1700.6.3.2)",          8, 2026-01-30T18:38:38, ok
2026-01-30T18:08:23-fbe5dda4785f, bvh     ,   320,    180,      20,        20,             0,           18,            4,   1,       0,   0, 0.01175 , 0.006042, 0.017792,   3996.01 ,   3996.03 ,         0       ,    0    ,    5.51697,   8639379,         0,         1, "Apple M1", "Darwin 25.2.0", "clang 17.0.0 (clang-1700.6.3.2)",          8, 2026-01-30T18:38:42, ok
2026-01-30T18:08:23-fbe5dda4785f, bvh     ,   320,    180,      20,        20,             0,           18,            4,   1,       0,   0, 0.009042, 0.005292, 0.014334,   3810.04 ,   3810.05 ,         0       ,    0    ,    5.51697,   8638575,         0,         2, "Apple M1", "Darwin 25.2.0", "clang 17.0.0 (clang-1700.6.3.2)",          8, 2026-01-30T18:38:46, ok
2026-01-30T18:08:23-fbe5dda4785f, bvh-mt  ,   320,    180,      20,        20,             0,           18,            4,   1,       1,   0, 0.0195  , 0.017041, 0.036541,   1233.75 ,   1233.79 ,         0.070709,    0    ,    5.51697,   8629580,         1,         0, "Apple M1", "Darwin 25.2.0", "clang 17.0.0 (clang-1700.6.3.2)",          8, 2026-01-30T18:38:47, ok
2026-01-30T18:08:23-fbe5dda4785f, bvh-mt  ,   320,    180,      20,        20,             0,           18,            4,   1,       1,   0, 0.009041, 0.006792, 0.015833,   1316.53 ,   1316.54 ,         0.044416,    0    ,    5.51697,   8631279,         0,         1, "Apple M1", "Darwin 25.2.0", "clang 17.0.0 (clang-1700.6.3.2)",          8, 2026-01-30T18:38:49, ok
2026-01-30T18:08:23-fbe5dda4785f, bvh-mt  ,   320,    180,      20,        20,             0,           18,            4,   1,       1,   0, 0.009208, 0.005583, 0.014791,   1556.53 ,   1556.54 ,         0.034667,    0    ,    5.51697,   8634686,         0,         2, "Apple M1", "Darwin 25.2.0", "clang 17.0.0 (clang-1700.6.3.2)",          8, 2026-01-30T18:38:50, ok
2026-01-30T18:08:23-fbe5dda4785f, gpu     ,   320,    180,      20,        20,             0,           18,            0,   0,       0,   1, 0.009209, 0       , 0.009209,    428.048,    428.057,         0       ,  424.749,    5.87634,   1152000,         1,         0, "Apple M1", "Darwin 25.2.0", "clang 17.0.0 (clang-1700.6.3.2)",          8, 2026-01-30T18:38:51, ok
2026-01-30T18:08:23-fbe5dda4785f, gpu     ,   320,    180,      20,        20,             0,           18,            0,   0,       0,   1, 0.036083, 0       , 0.036083,    420.179,    420.215,         0       ,  415.834,    6.14197,   1152000,         0,         1, "Apple M1", "Darwin 25.2.0", "clang 17.0.0 (clang-1700.6.3.2)",          8, 2026-01-30T18:38:51, ok
2026-01-30T18:08:23-fbe5dda4785f, gpu     ,   320,    180,      20,        20,             0,           18,            0,   0,       0,   1, 0.033083, 0       , 0.033083,    422.357,    422.39 ,         0       ,  417.926,    6.14197,   1152000,         0,         2, "Apple M1", "Darwin 25.2.0", "clang 17.0.0 (clang-1700.6.3.2)",          8, 2026-01-30T18:38:52, ok
2026-01-30T18:08:23-fbe5dda4785f, original,   320,    180,      20,        20,             0,           18,            5,   0,       0,   0, 0.0265  , 0       , 0.0265  ,   9122.66 ,   9122.68 ,         0       ,    0    ,    5.87634,   8632598,         1,         0, "Apple M1", "Darwin 25.2.0", "clang 17.0.0 (clang-1700.6.3.2)",          8, 2026-01-30T18:39:01, ok
2026-01-30T18:08:23-fbe5dda4785f, original,   320,    180,      20,        20,             0,           18,            5,   0,       0,   0, 0.010375, 0       , 0.010375,   9110.91 ,   9110.92 ,         0       ,    0    ,    5.78259,   8628520,         0,         1, "Apple M1", "Darwin 25.2.0", "clang 17.0.0 (clang-1700.6.3.2)",          8, 2026-01-30T18:39:10, ok
2026-01-30T18:08:23-fbe5dda4785f, original,   320,    180,      20,        20,             0,           18,            5,   0,       0,   0, 0.023541, 0       , 0.023541,   9095.3  ,   9095.32 ,         0       ,    0    ,    5.51697,   8638257,         0,         2, "Apple M1", "Darwin 25.2.0", "clang 17.0.0 (clang-1700.6.3.2)",          8, 2026-01-30T18:39:19, ok
2026-01-30T18:08:23-fbe5dda4785f, bvh     ,   320,    180,      20,        20,             0,           18,            5,   1,       0,   0, 0.011584, 0.022334, 0.033918,   4239.84 ,   4239.88 ,         0       ,    0    ,    5.51697,   8638538,         1,         0, "Apple M1", "Darwin 25.2.0", "clang 17.0.0 (clang-1700.6.3.2)",          8, 2026-01-30T18:39:23, ok
2026-01-30T18:08:23-fbe5dda4785f, bvh     ,   320,    180,      20,        20,             0,           18,            5,   1,       0,   0, 0.026792, 0.00925 , 0.036042,   3842.53 ,   3842.56 ,         0       ,    0    ,    5.51697,   8634697,         0,         1, "Apple M1", "Darwin 25.2.0", "clang 17.0.0 (clang-1700.6.3.2)",          8, 2026-01-30T18:39:27, ok
2026-01-30T18:08:23-fbe5dda4785f, bvh     ,   320,    180,      20,        20,             0,           18,            5,   1,       0,   0, 0.009333, 0.005125, 0.014458,   3812.18 ,   3812.19 ,         0       ,    0    ,    5.51697,   8636565,         0,         2, "Apple M1", "Darwin 25.2.0", "clang 17.0.0 (clang-1700.6.3.2)",          8, 2026-01-30T18:39:31, ok
2026-01-30T18:08:23-fbe5dda4785f, bvh-mt  ,   320,    180,      20,        20,             0,           18,            5,   1,       1,   0, 0.008666, 0.004875, 0.013541,   1400.21 ,   1400.22 ,         0.055125,    0    ,    5.51697,   8627924,         1,         0, "Apple M1", "Darwin 25.2.0", "clang 17.0.0 (clang-1700.6.3.2)",          8, 2026-01-30T18:39:32, ok
2026-01-30T18:08:23-fbe5dda4785f, bvh-mt  ,   320,    180,      20,        20,             0,           18,            5,   1,       1,   0, 0.00925 , 0.004875, 0.014125,   1311.84 ,   1311.86 ,         0.049041,    0    ,    5.51697,   8632249,         0,         1, "Apple M1", "Darwin 25.2.0", "clang 17.0.0 (clang-1700.6.3.2)",          8, 2026-01-30T18:39:34, ok
2026-01-30T18:08:23-fbe5dda4785f, bvh-mt  ,   320,    180,      20,        20,             0,           18,            5,   1,       1,   0, 0.007667, 0.005208, 0.012875,   1248.33 ,   1248.34 ,         0.038792,    0    ,    5.51697,   8642074,         0,         2, "Apple M1", "Darwin 25.2.0", "clang 17.0.0 (clang-1700.6.3.2)",          8, 2026-01-30T18:39:35, ok
2026-01-30T18:08:23-fbe5dda4785f, gpu     ,   320,    180,      20,        20,             0,           18,            0,   0,       0,   1, 0.008709, 0       , 0.008709,    433.297,    433.305,         0       ,  430.846,    5.87634,   1152000,         1,         0, "Apple M1", "Darwin 25.2.0", "clang 17.0.0 (clang-1700.6.3.2)",          8, 2026-01-30T18:39:35, ok
2026-01-30T18:08:23-fbe5dda4785f, gpu     ,   320,    180,      20,        20,             0,           18,            0,   0,       0,   1, 0.015625, 0       , 0.015625,    420.461,    420.477,         0       ,  417.537,    5.87634,   1152000,         0,         1, "Apple M1", "Darwin 25.2.0", "clang 17.0.0 (clang-1700.6.3.2)",          8, 2026-01-30T18:39:36, ok
2026-01-30T18:08:23-fbe5dda4785f, gpu     ,   320,    180,      20,        20,             0,           18,            0,   0,       0,   1, 0.033792, 0       , 0.033792,    422.417,    422.451,         0       ,  418.239,    6.14197,   1152000,         0,         2, "Apple M1", "Darwin 25.2.0", "clang 17.0.0 (clang-1700.6.3.2)",          8, 2026-01-30T18:39:36, ok
2026-01-30T18:08:23-fbe5dda4785f, original,   320,    180,      20,        20,             0,           18,            6,   0,       0,   0, 0.0275  , 0       , 0.0275  ,   9145.5  ,   9145.53 ,         0       ,    0    ,    5.87634,   8629001,         1,         0, "Apple M1", "Darwin 25.2.0", "clang 17.0.0 (clang-1700.6.3.2)",          8, 2026-01-30T18:39:45, ok
2026-01-30T18:08:23-fbe5dda4785f, original,   320,    180,      20,        20,             0,           18,            6,   0,       0,   0, 0.01    , 0       , 0.01    ,   9083.91 ,   9083.92 ,         0       ,    0    ,    5.78259,   8637283,         0,         1, "Apple M1", "Darwin 25.2.0", "clang 17.0.0 (clang-1700.6.3.2)",          8, 2026-01-30T18:39:54, ok
2026-01-30T18:08:23-fbe5dda4785f, original,   320,    180,      20,        20,             0,           18,            6,   0,       0,   0, 0.017417, 0       , 0.017417,   9104.69 ,   9104.71 ,         0       ,    0    ,    5.51697,   8631160,         0,         2, "Apple M1", "Darwin 25.2.0", "clang 17.0.0 (clang-1700.6.3.2)",          8, 2026-01-30T18:40:03, ok
2026-01-30T18:08:23-fbe5dda4785f, bvh     ,   320,    180,      20,        20,             0,           18,            6,   1,       0,   0, 0.008042, 0.017333, 0.025375,   3925.42 ,   3925.44 ,         0       ,    0    ,    5.51697,   8626073,         1,         0, "Apple M1", "Darwin 25.2.0", "clang 17.0.0 (clang-1700.6.3.2)",          8, 2026-01-30T18:40:07, ok
2026-01-30T18:08:23-fbe5dda4785f, bvh     ,   320,    180,      20,        20,             0,           18,            6,   1,       0,   0, 0.033333, 0.005542, 0.038875,   4321.23 ,   4321.26 ,         0       ,    0    ,    5.51697,   8628644,         0,         1, "Apple M1", "Darwin 25.2.0", "clang 17.0.0 (clang-1700.6.3.2)",          8, 2026-01-30T18:40:12, ok
2026-01-30T18:08:23-fbe5dda4785f, bvh     ,   320,    180,      20,        20,             0,           18,            6,   1,       0,   0, 0.009125, 0.008708, 0.017833,   4014.12 ,   4014.13 ,         0       ,    0    ,    5.51697,   8644056,         0,         2, "Apple M1", "Darwin 25.2.0", "clang 17.0.0 (clang-1700.6.3.2)",          8, 2026-01-30T18:40:16, ok
2026-01-30T18:08:23-fbe5dda4785f, bvh-mt  ,   320,    180,      20,        20,             0,           18,            6,   1,       1,   0, 0.009334, 0.005541, 0.014875,   1091.11 ,   1091.12 ,         0.083167,    0    ,    5.51697,   8625188,         1,         0, "Apple M1", "Darwin 25.2.0", "clang 17.0.0 (clang-1700.6.3.2)",          8, 2026-01-30T18:40:17, ok
2026-01-30T18:08:23-fbe5dda4785f, bvh-mt  ,   320,    180,      20,        20,             0,           18,            6,   1,       1,   0, 0.007959, 0.004625, 0.012584,   1249.85 ,   1249.87 ,         0.057042,    0    ,    5.51697,   8637903,         0,         1, "Apple M1", "Darwin 25.2.0", "clang 17.0.0 (clang-1700.6.3.2)",          8, 2026-01-30T18:40:18, ok
2026-01-30T18:08:23-fbe5dda4785f, bvh-mt  ,   320,    180,      20,        20,             0,           18,            6,   1,       1,   0, 0.010833, 0.011666, 0.022499,   1262.56 ,   1262.59 ,         0.054084,    0    ,    5.51697,   8639228,         0,         2, "Apple M1", "Darwin 25.2.0", "clang 17.0.0 (clang-1700.6.3.2)",          8, 2026-01-30T18:40:19, ok
2026-01-30T18:08:23-fbe5dda4785f, gpu     ,   320,    180,      20,        20,             0,           18,            0,   0,       0,   1, 0.00725 , 0       , 0.00725 ,    428.513,    428.521,         0       ,  424.892,    5.87634,   1152000,         1,         0, "Apple M1", "Darwin 25.2.0", "clang 17.0.0 (clang-1700.6.3.2)",          8, 2026-01-30T18:40:20, ok
2026-01-30T18:08:23-fbe5dda4785f, gpu     ,   320,    180,      20,        20,             0,           18,            0,   0,       0,   1, 0.010917, 0       , 0.010917,    422.571,    422.582,         0       ,  419.678,    5.87634,   1152000,         0,         1, "Apple M1", "Darwin 25.2.0", "clang 17.0.0 (clang-1700.6.3.2)",          8, 2026-01-30T18:40:20, ok
2026-01-30T18:08:23-fbe5dda4785f, gpu     ,   320,    180,      20,        20,             0,           18,            0,   0,       0,   1, 0.022292, 0       , 0.022292,    419.806,    419.829,         0       ,  415.911,    6.14197,   1152000,         0,         2, "Apple M1", "Darwin 25.2.0", "clang 17.0.0 (clang-1700.6.3.2)",          8, 2026-01-30T18:40:21, ok
2026-01-30T18:08:23-fbe5dda4785f, original,   320,    180,      20,        20,             0,           18,            7,   0,       0,   0, 0.035375, 0       , 0.035375,   9149.65 ,   9149.68 ,         0       ,    0    ,    5.87634,   8637946,         1,         0, "Apple M1", "Darwin 25.2.0", "clang 17.0.0 (clang-1700.6.3.2)",          8, 2026-01-30T18:40:30, ok
2026-01-30T18:08:23-fbe5dda4785f, original,   320,    180,      20,        20,             0,           18,            7,   0,       0,   0, 0.04925 , 0       , 0.04925 ,   9059.1  ,   9059.15 ,         0       ,    0    ,    5.87634,   8625528,         0,         1, "Apple M1", "Darwin 25.2.0", "clang 17.0.0 (clang-1700.6.3.2)",          8, 2026-01-30T18:40:39, ok
2026-01-30T18:08:23-fbe5dda4785f, original,   320,    180,      20,        20,             0,           18,            7,   0,       0,   0, 0.007833, 0       , 0.007833,   9101.57 ,   9101.57 ,         0       ,    0    ,    5.78259,   8631335,         0,         2, "Apple M1", "Darwin 25.2.0", "clang 17.0.0 (clang-1700.6.3.2)",          8, 2026-01-30T18:40:48, ok
2026-01-30T18:08:23-fbe5dda4785f, bvh     ,   320,    180,      20,        20,             0,           18,            7,   1,       0,   0, 0.011875, 0.028708, 0.040583,   3449.14 ,   3449.18 ,         0       ,    0    ,    5.51697,   8630484,         1,         0, "Apple M1", "Darwin 25.2.0", "clang 17.0.0 (clang-1700.6.3.2)",          8, 2026-01-30T18:40:51, ok
2026-01-30T18:08:23-fbe5dda4785f, bvh     ,   320,    180,      20,        20,             0,           18,            7,   1,       0,   0, 0.03025 , 0.005291, 0.035541,   3932.81 ,   3932.84 ,         0       ,    0    ,    5.51697,   8635680,         0,         1, "Apple M1", "Darwin 25.2.0", "clang 17.0.0 (clang-1700.6.3.2)",          8, 2026-01-30T18:40:55, ok
2026-01-30T18:08:23-fbe5dda4785f, bvh     ,   320,    180,      20,        20,             0,           18,            7,   1,       0,   0, 0.014292, 0.005916, 0.020208,   4171.92 ,   4171.94 ,         0       ,    0    ,    5.51697,   8612652,         0,         2, "Apple M1", "Darwin 25.2.0", "clang 17.0.0 (clang-1700.6.3.2)",          8, 2026-01-30T18:40:59, ok
2026-01-30T18:08:23-fbe5dda4785f, bvh-mt  ,   320,    180,      20,        20,             0,           18,            7,   1,       1,   0, 0.021583, 0.013333, 0.034916,   1120.15 ,   1120.18 ,         0.105541,    0    ,    5.51697,   8641199,         1,         0, "Apple M1", "Darwin 25.2.0", "clang 17.0.0 (clang-1700.6.3.2)",          8, 2026-01-30T18:41:01, ok
2026-01-30T18:08:23-fbe5dda4785f, bvh-mt  ,   320,    180,      20,        20,             0,           18,            7,   1,       1,   0, 0.008084, 0.004875, 0.012959,   1159.73 ,   1159.74 ,         0.064292,    0    ,    5.51697,   8623713,         0,         1, "Apple M1", "Darwin 25.2.0", "clang 17.0.0 (clang-1700.6.3.2)",          8, 2026-01-30T18:41:02, ok
2026-01-30T18:08:23-fbe5dda4785f, bvh-mt  ,   320,    180,      20,        20,             0,           18,            7,   1,       1,   0, 0.009333, 0.005542, 0.014875,   1152.8  ,   1152.82 ,         0.069041,    0    ,    5.51697,   8635591,         0,         2, "Apple M1", "Darwin 25.2.0", "clang 17.0.0 (clang-1700.6.3.2)",          8, 2026-01-30T18:41:03, ok
2026-01-30T18:08:23-fbe5dda4785f, gpu     ,   320,    180,      20,        20,             0,           18,            0,   0,       0,   1, 0.008958, 0       , 0.008958,    432.594,    432.603,         0       ,  429.639,    5.87634,   1152000,         1,         0, "Apple M1", "Darwin 25.2.0", "clang 17.0.0 (clang-1700.6.3.2)",          8, 2026-01-30T18:41:03, ok
2026-01-30T18:08:23-fbe5dda4785f, gpu     ,   320,    180,      20,        20,             0,           18,            0,   0,       0,   1, 0.036458, 0       , 0.036458,    419.225,    419.262,         0       ,  414.807,    6.14197,   1152000,         0,         1, "Apple M1", "Darwin 25.2.0", "clang 17.0.0 (clang-1700.6.3.2)",          8, 2026-01-30T18:41:04, ok
2026-01-30T18:08:23-fbe5dda4785f, gpu     ,   320,    180,      20,        20,             0,           18,            0,   0,       0,   1, 0.033875, 0       , 0.033875,    420.125,    420.159,         0       ,  416.775,    6.14197,   1152000,         0,         2, "Apple M1", "Darwin 25.2.0", "clang 17.0.0 (clang-1700.6.3.2)",          8, 2026-01-30T18:41:04, ok
2026-01-30T18:08:23-fbe5dda4785f, original,   320,    180,      20,        20,             0,           18,            8,   0,       0,   0, 0.012917, 0       , 0.012917,   9148.28 ,   9148.29 ,         0       ,    0    ,    5.87634,   8636547,         1,         0, "Apple M1", "Darwin 25.2.0", "clang 17.0.0 (clang-1700.6.3.2)",          8, 2026-01-30T18:41:13, ok
2026-01-30T18:08:23-fbe5dda4785f, original,   320,    180,      20,        20,             0,           18,            8,   0,       0,   0, 0.008625, 0       , 0.008625,   9090.39 ,   9090.4  ,         0       ,    0    ,    5.78259,   8634092,         0,         1, "Apple M1", "Darwin 25.2.0", "clang 17.0.0 (clang-1700.6.3.2)",          8, 2026-01-30T18:41:22, ok
2026-01-30T18:08:23-fbe5dda4785f, original,   320,    180,      20,        20,             0,           18,            8,   0,       0,   0, 0.027167, 0       , 0.027167,   9075.33 ,   9075.36 ,         0       ,    0    ,    5.51697,   8624041,         0,         2, "Apple M1", "Darwin 25.2.0", "clang 17.0.0 (clang-1700.6.3.2)",          8, 2026-01-30T18:41:31, ok
2026-01-30T18:08:23-fbe5dda4785f, bvh     ,   320,    180,      20,        20,             0,           18,            8,   1,       0,   0, 0.009542, 0.018584, 0.028126,   3378.23 ,   3378.26 ,         0       ,    0    ,    5.51697,   8637457,         1,         0, "Apple M1", "Darwin 25.2.0", "clang 17.0.0 (clang-1700.6.3.2)",          8, 2026-01-30T18:41:35, ok
2026-01-30T18:08:23-fbe5dda4785f, bvh     ,   320,    180,      20,        20,             0,           18,            8,   1,       0,   0, 0.015375, 0.005208, 0.020583,   4238.68 ,   4238.7  ,         0       ,    0    ,    5.51697,   8632127,         0,         1, "Apple M1", "Darwin 25.2.0", "clang 17.0.0 (clang-1700.6.3.2)",          8, 2026-01-30T18:41:39, ok
2026-01-30T18:08:23-fbe5dda4785f, bvh     ,   320,    180,      20,        20,             0,           18,            8,   1,       0,   0, 0.00775 , 0.00525 , 0.013   ,   3736.02 ,   3736.04 ,         0       ,    0    ,    5.51697,   8636966,         0,         2, "Apple M1", "Darwin 25.2.0", "clang 17.0.0 (clang-1700.6.3.2)",          8, 2026-01-30T18:41:43, ok
2026-01-30T18:08:23-fbe5dda4785f, bvh-mt  ,   320,    180,      20,        20,             0,           18,            8,   1,       1,   0, 0.008375, 0.007583, 0.015958,   1094.55 ,   1094.57 ,         0.104625,    0    ,    5.51697,   8635071,         1,         0, "Apple M1", "Darwin 25.2.0", "clang 17.0.0 (clang-1700.6.3.2)",          8, 2026-01-30T18:41:44, ok
2026-01-30T18:08:23-fbe5dda4785f, bvh-mt  ,   320,    180,      20,        20,             0,           18,            8,   1,       1,   0, 0.009708, 0.004958, 0.014666,   1177.89 ,   1177.91 ,         0.063625,    0    ,    5.51697,   8638381,         0,         1, "Apple M1", "Darwin 25.2.0", "clang 17.0.0 (clang-1700.6.3.2)",          8, 2026-01-30T18:41:45, ok
2026-01-30T18:08:23-fbe5dda4785f, bvh-mt  ,   320,    180,      20,        20,             0,           18,            8,   1,       1,   0, 0.011167, 0.006209, 0.017376,   1200.38 ,   1200.4  ,         0.093167,    0    ,    5.51697,   8643394,         0,         2, "Apple M1", "Darwin 25.2.0", "clang 17.0.0 (clang-1700.6.3.2)",          8, 2026-01-30T18:41:46, ok
2026-01-30T18:08:23-fbe5dda4785f, gpu     ,   320,    180,      20,        20,             0,           18,            0,   0,       0,   1, 0.010459, 0       , 0.010459,    425.71 ,    425.72 ,         0       ,  421.998,    5.87634,   1152000,         1,         0, "Apple M1", "Darwin 25.2.0", "clang 17.0.0 (clang-1700.6.3.2)",          8, 2026-01-30T18:41:47, ok
2026-01-30T18:08:23-fbe5dda4785f, gpu     ,   320,    180,      20,        20,             0,           18,            0,   0,       0,   1, 0.035833, 0       , 0.035833,    420.366,    420.402,         0       ,  416.106,    6.14197,   1152000,         0,         1, "Apple M1", "Darwin 25.2.0", "clang 17.0.0 (clang-1700.6.3.2)",          8, 2026-01-30T18:41:47, ok
2026-01-30T18:08:23-fbe5dda4785f, gpu     ,   320,    180,      20,        20,             0,           18,            0,   0,       0,   1, 0.035458, 0       , 0.035458,    420.449,    420.485,         0       ,  416.366,    6.14197,   1152000,         0,         2, "Apple M1", "Darwin 25.2.0", "clang 17.0.0 (clang-1700.6.3.2)",          8, 2026-01-30T18:41:48, ok
2026-01-30T18:08:23-fbe5dda4785f, original,   320,    180,      20,        20,           100,          118,            1,   0,       0,   0, 0.100916, 0       , 0.100916,  18449.8  ,  18449.9  ,         0       ,    0    ,    5.61072,   9118033,         1,         0, "Apple M1", "Darwin 25.2.0", "clang 17.0.0 (clang-1700.6.3.2)",          8, 2026-01-30T18:42:06, ok
2026-01-30T18:08:23-fbe5dda4785f, original,   320,    180,      20,        20,           100,          118,            1,   0,       0,   0, 0.052458, 0       , 0.052458,  18375.2  ,  18375.3  ,         0       ,    0    ,    5.51697,   9098081,         0,         1, "Apple M1", "Darwin 25.2.0", "clang 17.0.0 (clang-1700.6.3.2)",          8, 2026-01-30T18:42:24, ok
2026-01-30T18:08:23-fbe5dda4785f, original,   320,    180,      20,        20,           100,          118,            1,   0,       0,   0, 0.0365  , 0       , 0.0365  ,  18444.7  ,  18444.8  ,         0       ,    0    ,    5.51697,   9107253,         0,         2, "Apple M1", "Darwin 25.2.0", "clang 17.0.0 (clang-1700.6.3.2)",          8, 2026-01-30T18:42:43, ok
2026-01-30T18:08:23-fbe5dda4785f, bvh     ,   320,    180,      20,        20,           100,          118,            1,   1,       0,   0, 0.033416, 0.052459, 0.085875,   6249.37 ,   6249.46 ,         0       ,    0    ,    5.51697,   9102580,         1,         0, "Apple M1", "Darwin 25.2.0", "clang 17.0.0 (clang-1700.6.3.2)",          8, 2026-01-30T18:42:49, ok
2026-01-30T18:08:23-fbe5dda4785f, bvh     ,   320,    180,      20,        20,           100,          118,            1,   1,       0,   0, 0.012292, 0.028875, 0.041167,   7445.85 ,   7445.9  ,         0       ,    0    ,    5.51697,   9109233,         0,         1, "Apple M1", "Darwin 25.2.0", "clang 17.0.0 (clang-1700.6.3.2)",          8, 2026-01-30T18:42:57, ok
2026-01-30T18:08:23-fbe5dda4785f, bvh     ,   320,    180,      20,        20,           100,          118,            1,   1,       0,   0, 0.028625, 0.042583, 0.071208,   5985.43 ,   5985.5  ,         0       ,    0    ,    5.51697,   9121133,         0,         2, "Apple M1", "Darwin 25.2.0", "clang 17.0.0 (clang-1700.6.3.2)",          8, 2026-01-30T18:43:03, ok
2026-01-30T18:08:23-fbe5dda4785f, bvh-mt  ,   320,    180,      20,        20,           100,          118,            1,   1,       1,   0, 0.018209, 0.038875, 0.057084,   6835.3  ,   6835.36 ,         0       ,    0    ,    5.51697,   9112695,         1,         0, "Apple M1", "Darwin 25.2.0", "clang 17.0.0 (clang-1700.6.3.2)",          8, 2026-01-30T18:43:09, ok
2026-01-30T18:08:23-fbe5dda4785f, bvh-mt  ,   320,    180,      20,        20,           100,          118,            1,   1,       1,   0, 0.039083, 0.038042, 0.077125,   6373.71 ,   6373.79 ,         0       ,    0    ,    5.51697,   9112344,         0,         1, "Apple M1", "Darwin 25.2.0", "clang 17.0.0 (clang-1700.6.3.2)",          8, 2026-01-30T18:43:16, ok
2026-01-30T18:08:23-fbe5dda4785f, bvh-mt  ,   320,    180,      20,        20,           100,          118,            1,   1,       1,   0, 0.013375, 0.037792, 0.051167,   6171.47 ,   6171.52 ,         0       ,    0    ,    5.51697,   9114389,         0,         2, "Apple M1", "Darwin 25.2.0", "clang 17.0.0 (clang-1700.6.3.2)",          8, 2026-01-30T18:43:22, ok
2026-01-30T18:08:23-fbe5dda4785f, gpu     ,   320,    180,      20,        20,           100,          118,            0,   0,       0,   1, 0.014125, 0       , 0.014125,    846.466,    846.48 ,         0       ,  842.625,    5.87634,   1152000,         1,         0, "Apple M1", "Darwin 25.2.0", "clang 17.0.0 (clang-1700.6.3.2)",          8, 2026-01-30T18:43:23, ok
2026-01-30T18:08:23-fbe5dda4785f, gpu     ,   320,    180,      20,        20,           100,          118,            0,   0,       0,   1, 0.058584, 0       , 0.058584,    831.135,    831.194,         0       ,  827.014,    6.14197,   1152000,         0,         1, "Apple M1", "Darwin 25.2.0", "clang 17.0.0 (clang-1700.6.3.2)",          8, 2026-01-30T18:43:24, ok
2026-01-30T18:08:23-fbe5dda4785f, gpu     ,   320,    180,      20,        20,           100,          118,            0,   0,       0,   1, 0.045458, 0       , 0.045458,    830.407,    830.452,         0       ,  826.375,    6.14197,   1152000,         0,         2, "Apple M1", "Darwin 25.2.0", "clang 17.0.0 (clang-1700.6.3.2)",          8, 2026-01-30T18:43:24, ok
2026-01-30T18:08:23-fbe5dda4785f, original,   320,    180,      20,        20,           100,          118,            2,   0,       0,   0, 0.063125, 0       , 0.063125,  18473.6  ,  18473.6  ,         0       ,    0    ,    5.61072,   9132761,         1,         0, "Apple M1", "Darwin 25.2.0", "clang 17.0.0 (clang-1700.6.3.2)",          8, 2026-01-30T18:43:43, ok
2026-01-30T18:08:23-fbe5dda4785f, original,   320,    180,      20,        20,           100,          118,            2,   0,       0,   0, 0.020125, 0       , 0.020125,  18396    ,  18396    ,         0       ,    0    ,    5.51697,   9135711,         0,         1, "Apple M1", "Darwin 25.2.0", "clang 17.0.0 (clang-1700.6.3.2)",          8, 2026-01-30T18:44:01, ok
2026-01-30T18:08:23-fbe5dda4785f, original,   320,    180,      20,        20,           100,          118,            2,   0,       0,   0, 0.018959, 0       , 0.018959,  18485.3  ,  18485.3  ,         0       ,    0    ,    5.51697,   9124450,         0,         2, "Apple M1", "Darwin 25.2.0", "clang 17.0.0 (clang-1700.6.3.2)",          8, 2026-01-30T18:44:20, ok
2026-01-30T18:08:23-fbe5dda4785f, bvh     ,   320,    180,      20,        20,           100,          118,            2,   1,       0,   0, 0.038708, 0.050875, 0.089583,   6905.85 ,   6905.94 ,         0       ,    0    ,    5.51697,   9114017,         1,         0, "Apple M1", "Darwin 25.2.0", "clang 17.0.0 (clang-1700.6.3.2)",          8, 2026-01-30T18:44:27, ok
2026-01-30T18:08:23-fbe5dda4785f, bvh     ,   320,    180,      20,        20,           100,          118,            2,   1,       0,   0, 0.021584, 0.041708, 0.063292,   6974.76 ,   6974.83 ,         0       ,    0    ,    5.51697,   9106919,         0,         1, "Apple M1", "Darwin 25.2.0", "clang 17.0.0 (clang-1700.6.3.2)",          8, 2026-01-30T18:44:34, ok
2026-01-30T18:08:23-fbe5dda4785f, bvh     ,   320,    180,      20,        20,           100,          118,            2,   1,       0,   0, 0.033334, 0.034834, 0.068168,   6993.7  ,   6993.77 ,         0       ,    0    ,    5.51697,   9123703,         0,         2, "Apple M1", "Darwin 25.2.0", "clang 17.0.0 (clang-1700.6.3.2)",          8, 2026-01-30T18:44:41, ok
2026-01-30T18:08:23-fbe5dda4785f, bvh-mt  ,   320,    180,      20,        20,           100,          118,            2,   1,       1,   0, 0.012834, 0.035   , 0.047834,   3512.44 ,   3512.49 ,         0.045791,    0    ,    5.51697,   9117486,         1,         0, "Apple M1", "Darwin 25.2.0", "clang 17.0.0 (clang-1700.6.3.2)",          8, 2026-01-30T18:44:44, ok
2026-01-30T18:08:23-fbe5dda4785f, bvh-mt  ,   320,    180,      20,        20,           100,          118,            2,   1,       1,   0, 0.022208, 0.045958, 0.068166,   3073.57 ,   3073.63 ,         0.023166,    0    ,    5.51697,   9103764,         0,         1, "Apple M1", "Darwin 25.2.0", "clang 17.0.0 (clang-1700.6.3.2)",          8, 2026-01-30T18:44:47, ok
2026-01-30T18:08:23-fbe5dda4785f, bvh-mt  ,   320,    180,      20,        20,           100,          118,            2,   1,       1,   0, 0.011291, 0.039375, 0.050666,   3070.32 ,   3070.37 ,         0.021584,    0    ,    5.51697,   9111648,         0,         2, "Apple M1", "Darwin 25.2.0", "clang 17.0.0 (clang-1700.6.3.2)",          8, 2026-01-30T18:44:50, ok
2026-01-30T18:08:23-fbe5dda4785f, gpu     ,   320,    180,      20,        20,           100,          118,            0,   0,       0,   1, 0.017834, 0       , 0.017834,    846.258,    846.276,         0       ,  842.029,    5.87634,   1152000,         1,         0, "Apple M1", "Darwin 25.2.0", "clang 17.0.0 (clang-1700.6.3.2)",          8, 2026-01-30T18:44:51, ok
2026-01-30T18:08:23-fbe5dda4785f, gpu     ,   320,    180,      20,        20,           100,          118,            0,   0,       0,   1, 0.069459, 0       , 0.069459,    829.898,    829.968,         0       ,  826.294,    6.14197,   1152000,         0,         1, "Apple M1", "Darwin 25.2.0", "clang 17.0.0 (clang-1700.6.3.2)",          8, 2026-01-30T18:44:52, ok
2026-01-30T18:08:23-fbe5dda4785f, gpu     ,   320,    180,      20,        20,           100,          118,            0,   0,       0,   1, 0.023292, 0       , 0.023292,    836.51 ,    836.533,         0       ,  833.498,    6.14197,   1152000,         0,         2, "Apple M1", "Darwin 25.2.0", "clang 17.0.0 (clang-1700.6.3.2)",          8, 2026-01-30T18:44:53, ok
2026-01-30T18:08:23-fbe5dda4785f, original,   320,    180,      20,        20,           100,          118,            3,   0,       0,   0, 0.0605  , 0       , 0.0605  ,  18454.3  ,  18454.4  ,         0       ,    0    ,    5.61072,   9115216,         1,         0, "Apple M1", "Darwin 25.2.0", "clang 17.0.0 (clang-1700.6.3.2)",          8, 2026-01-30T18:45:11, ok
2026-01-30T18:08:23-fbe5dda4785f, original,   320,    180,      20,        20,           100,          118,            3,   0,       0,   0, 0.047917, 0       , 0.047917,  18392.3  ,  18392.3  ,         0       ,    0    ,    5.78259,   9112154,         0,         1, "Apple M1", "Darwin 25.2.0", "clang 17.0.0 (clang-1700.6.3.2)",          8, 2026-01-30T18:45:30, ok
2026-01-30T18:08:23-fbe5dda4785f, original,   320,    180,      20,        20,           100,          118,            3,   0,       0,   0, 0.032625, 0       , 0.032625,  18356.4  ,  18356.4  ,         0       ,    0    ,    5.51697,   9102793,         0,         2, "Apple M1", "Darwin 25.2.0", "clang 17.0.0 (clang-1700.6.3.2)",          8, 2026-01-30T18:45:48, ok
2026-01-30T18:08:23-fbe5dda4785f, bvh     ,   320,    180,      20,        20,           100,          118,            3,   1,       0,   0, 0.047292, 0.053708, 0.101   ,   6915.41 ,   6915.51 ,         0       ,    0    ,    5.51697,   9112475,         1,         0, "Apple M1", "Darwin 25.2.0", "clang 17.0.0 (clang-1700.6.3.2)",          8, 2026-01-30T18:45:55, ok
2026-01-30T18:08:23-fbe5dda4785f, bvh     ,   320,    180,      20,        20,           100,          118,            3,   1,       0,   0, 0.033375, 0.040834, 0.074209,   6798.24 ,   6798.31 ,         0       ,    0    ,    5.51697,   9121315,         0,         1, "Apple M1", "Darwin 25.2.0", "clang 17.0.0 (clang-1700.6.3.2)",          8, 2026-01-30T18:46:02, ok
2026-01-30T18:08:23-fbe5dda4785f, bvh     ,   320,    180,      20,        20,           100,          118,            3,   1,       0,   0, 0.011833, 0.033541, 0.045374,   5477.65 ,   5477.7  ,         0       ,    0    ,    5.51697,   9116917,         0,         2, "Apple M1", "Darwin 25.2.0", "clang 17.0.0 (clang-1700.6.3.2)",          8, 2026-01-30T18:46:07, ok
2026-01-30T18:08:23-fbe5dda4785f, bvh-mt  ,   320,    180,      20,        20,           100,          118,            3,   1,       1,   0, 0.040459, 0.044042, 0.084501,   2823.94 ,   2824.02 ,         0.047083,    0    ,    5.51697,   9110002,         1,         0, "Apple M1", "Darwin 25.2.0", "clang 17.0.0 (clang-1700.6.3.2)",          8, 2026-01-30T18:46:10, ok
2026-01-30T18:08:23-fbe5dda4785f, bvh-mt  ,   320,    180,      20,        20,           100,          118,            3,   1,       1,   0, 0.01975 , 0.051084, 0.070834,   2773.95 ,   2774.03 ,         0.032833,    0    ,    5.51697,   9107160,         0,         1, "Apple M1", "Darwin 25.2.0", "clang 17.0.0 (clang-1700.6.3.2)",          8, 2026-01-30T18:46:13, ok
2026-01-30T18:08:23-fbe5dda4785f, bvh-mt  ,   320,    180,      20,        20,           100,          118,            3,   1,       1,   0, 0.0115  , 0.043   , 0.0545  ,   2602.67 ,   2602.73 ,         0.025792,    0    ,    5.51697,   9132105,         0,         2, "Apple M1", "Darwin 25.2.0", "clang 17.0.0 (clang-1700.6.3.2)",          8, 2026-01-30T18:46:15, ok
2026-01-30T18:08:23-fbe5dda4785f, gpu     ,   320,    180,      20,        20,           100,          118,            0,   0,       0,   1, 0.019167, 0       , 0.019167,    844.001,    844.02 ,         0       ,  840.912,    5.87634,   1152000,         1,         0, "Apple M1", "Darwin 25.2.0", "clang 17.0.0 (clang-1700.6.3.2)",          8, 2026-01-30T18:46:16, ok
2026-01-30T18:08:23-fbe5dda4785f, gpu     ,   320,    180,      20,        20,           100,          118,            0,   0,       0,   1, 0.066125, 0       , 0.066125,    833.176,    833.242,         0       ,  829.125,    6.14197,   1152000,         0,         1, "Apple M1", "Darwin 25.2.0", "clang 17.0.0 (clang-1700.6.3.2)",          8, 2026-01-30T18:46:17, ok
2026-01-30T18:08:23-fbe5dda4785f, gpu     ,   320,    180,      20,        20,           100,          118,            0,   0,       0,   1, 0.036375, 0       , 0.036375,    828.879,    828.915,         0       ,  825.298,    6.14197,   1152000,         0,         2, "Apple M1", "Darwin 25.2.0", "clang 17.0.0 (clang-1700.6.3.2)",          8, 2026-01-30T18:46:18, ok
2026-01-30T18:08:23-fbe5dda4785f, original,   320,    180,      20,        20,           100,          118,            4,   0,       0,   0, 0.061417, 0       , 0.061417,  18498.2  ,  18498.3  ,         0       ,    0    ,    5.61072,   9116754,         1,         0, "Apple M1", "Darwin 25.2.0", "clang 17.0.0 (clang-1700.6.3.2)",          8, 2026-01-30T18:46:36, ok
2026-01-30T18:08:23-fbe5dda4785f, original,   320,    180,      20,        20,           100,          118,            4,   0,       0,   0, 0.049792, 0       , 0.049792,  18409.1  ,  18409.1  ,         0       ,    0    ,    5.51697,   9108264,         0,         1, "Apple M1", "Darwin 25.2.0", "clang 17.0.0 (clang-1700.6.3.2)",          8, 2026-01-30T18:46:55, ok
2026-01-30T18:08:23-fbe5dda4785f, original,   320,    180,      20,        20,           100,          118,            4,   0,       0,   0, 0.037541, 0       , 0.037541,  18513.2  ,  18513.2  ,         0       ,    0    ,    5.51697,   9103739,         0,         2, "Apple M1", "Darwin 25.2.0", "clang 17.0.0 (clang-1700.6.3.2)",          8, 2026-01-30T18:47:13, ok
2026-01-30T18:08:23-fbe5dda4785f, bvh     ,   320,    180,      20,        20,           100,          118,            4,   1,       0,   0, 0.033875, 0.04925 , 0.083125,   6076.03 ,   6076.11 ,         0       ,    0    ,    5.51697,   9117227,         1,         0, "Apple M1", "Darwin 25.2.0", "clang 17.0.0 (clang-1700.6.3.2)",          8, 2026-01-30T18:47:19, ok
2026-01-30T18:08:23-fbe5dda4785f, bvh     ,   320,    180,      20,        20,           100,          118,            4,   1,       0,   0, 0.012125, 0.035083, 0.047208,   6176.62 ,   6176.67 ,         0       ,    0    ,    5.51697,   9113014,         0,         1, "Apple M1", "Darwin 25.2.0", "clang 17.0.0 (clang-1700.6.3.2)",          8, 2026-01-30T18:47:26, ok
2026-01-30T18:08:23-fbe5dda4785f, bvh     ,   320,    180,      20,        20,           100,          118,            4,   1,       0,   0, 0.048333, 0.052916, 0.101249,   6213.21 ,   6213.31 ,         0       ,    0    ,    5.51697,   9099024,         0,         2, "Apple M1", "Darwin 25.2.0", "clang 17.0.0 (clang-1700.6.3.2)",          8, 2026-01-30T18:47:32, ok
2026-01-30T18:08:23-fbe5dda4785f, bvh-mt  ,   320,    180,      20,        20,           100,          118,            4,   1,       1,   0, 0.013083, 0.033666, 0.046749,   2297.85 ,   2297.9  ,         0.055167,    0    ,    5.51697,   9121865,         1,         0, "Apple M1", "Darwin 25.2.0", "clang 17.0.0 (clang-1700.6.3.2)",          8, 2026-01-30T18:47:34, ok
2026-01-30T18:08:23-fbe5dda4785f, bvh-mt  ,   320,    180,      20,        20,           100,          118,            4,   1,       1,   0, 0.012417, 0.043917, 0.056334,   2163.77 ,   2163.82 ,         0.034416,    0    ,    5.51697,   9121577,         0,         1, "Apple M1", "Darwin 25.2.0", "clang 17.0.0 (clang-1700.6.3.2)",          8, 2026-01-30T18:47:36, ok
2026-01-30T18:08:23-fbe5dda4785f, bvh-mt  ,   320,    180,      20,        20,           100,          118,            4,   1,       1,   0, 0.021542, 0.040583, 0.062125,   1929.64 ,   1929.7  ,         0.044458,    0    ,    5.51697,   9114445,         0,         2, "Apple M1", "Darwin 25.2.0", "clang 17.0.0 (clang-1700.6.3.2)",          8, 2026-01-30T18:47:38, ok
2026-01-30T18:08:23-fbe5dda4785f, gpu     ,   320,    180,      20,        20,           100,          118,            0,   0,       0,   1, 0.011666, 0       , 0.011666,    848.293,    848.305,         0       ,  844.898,    5.87634,   1152000,         1,         0, "Apple M1", "Darwin 25.2.0", "clang 17.0.0 (clang-1700.6.3.2)",          8, 2026-01-30T18:47:39, ok
2026-01-30T18:08:23-fbe5dda4785f, gpu     ,   320,    180,      20,        20,           100,          118,            0,   0,       0,   1, 0.059667, 0       , 0.059667,    829.658,    829.718,         0       ,  826.002,    6.14197,   1152000,         0,         1, "Apple M1", "Darwin 25.2.0", "clang 17.0.0 (clang-1700.6.3.2)",          8, 2026-01-30T18:47:40, ok
2026-01-30T18:08:23-fbe5dda4785f, gpu     ,   320,    180,      20,        20,           100,          118,            0,   0,       0,   1, 0.057333, 0       , 0.057333,    832.65 ,    832.707,         0       ,  828.635,    6.14197,   1152000,         0,         2, "Apple M1", "Darwin 25.2.0", "clang 17.0.0 (clang-1700.6.3.2)",          8, 2026-01-30T18:47:41, ok
2026-01-30T18:08:23-fbe5dda4785f, original,   320,    180,      20,        20,           100,          118,            5,   0,       0,   0, 0.059583, 0       , 0.059583,  18468    ,  18468.1  ,         0       ,    0    ,    5.61072,   9121976,         1,         0, "Apple M1", "Darwin 25.2.0", "clang 17.0.0 (clang-1700.6.3.2)",          8, 2026-01-30T18:47:59, ok
2026-01-30T18:08:23-fbe5dda4785f, original,   320,    180,      20,        20,           100,          118,            5,   0,       0,   0, 0.03575 , 0       , 0.03575 ,  18505    ,  18505    ,         0       ,    0    ,    5.51697,   9113101,         0,         1, "Apple M1", "Darwin 25.2.0", "clang 17.0.0 (clang-1700.6.3.2)",          8, 2026-01-30T18:48:18, ok
2026-01-30T18:08:23-fbe5dda4785f, original,   320,    180,      20,        20,           100,          118,            5,   0,       0,   0, 0.0385  , 0       , 0.0385  ,  18415    ,  18415    ,         0       ,    0    ,    5.51697,   9104574,         0,         2, "Apple M1", "Darwin 25.2.0", "clang 17.0.0 (clang-1700.6.3.2)",          8, 2026-01-30T18:48:36, ok
2026-01-30T18:08:23-fbe5dda4785f, bvh     ,   320,    180,      20,        20,           100,          118,            5,   1,       0,   0, 0.045458, 0.069708, 0.115166,   6184.12 ,   6184.24 ,         0       ,    0    ,    5.51697,   9113339,         1,         0, "Apple M1", "Darwin 25.2.0", "clang 17.0.0 (clang-1700.6.3.2)",          8, 2026-01-30T18:48:42, ok
2026-01-30T18:08:23-fbe5dda4785f, bvh     ,   320,    180,      20,        20,           100,          118,            5,   1,       0,   0, 0.012708, 0.031791, 0.044499,   6948.5  ,   6948.54 ,         0       ,    0    ,    5.51697,   9118324,         0,         1, "Apple M1", "Darwin 25.2.0", "clang 17.0.0 (clang-1700.6.3.2)",          8, 2026-01-30T18:48:49, ok
2026-01-30T18:08:23-fbe5dda4785f, bvh     ,   320,    180,      20,        20,           100,          118,            5,   1,       0,   0, 0.01775 , 0.065   , 0.08275 ,   6859.32 ,   6859.4  ,         0       ,    0    ,    5.51697,   9102170,         0,         2, "Apple M1", "Darwin 25.2.0", "clang 17.0.0 (clang-1700.6.3.2)",          8, 2026-01-30T18:48:56, ok
2026-01-30T18:08:23-fbe5dda4785f, bvh-mt  ,   320,    180,      20,        20,           100,          118,            5,   1,       1,   0, 0.039708, 0.042583, 0.082291,   2013.62 ,   2013.7  ,         0.066667,    0    ,    5.51697,   9118032,         1,         0, "Apple M1", "Darwin 25.2.0", "clang 17.0.0 (clang-1700.6.3.2)",          8, 2026-01-30T18:48:58, ok
2026-01-30T18:08:23-fbe5dda4785f, bvh-mt  ,   320,    180,      20,        20,           100,          118,            5,   1,       1,   0, 0.013167, 0.038042, 0.051209,   2278.19 ,   2278.24 ,         0.041708,    0    ,    5.51697,   9118039,         0,         1, "Apple M1", "Darwin 25.2.0", "clang 17.0.0 (clang-1700.6.3.2)",          8, 2026-01-30T18:49:00, ok
2026-01-30T18:08:23-fbe5dda4785f, bvh-mt  ,   320,    180,      20,        20,           100,          118,            5,   1,       1,   0, 0.014583, 0.038292, 0.052875,   2548.99 ,   2549.04 ,         0.058291,    0    ,    5.51697,   9108676,         0,         2, "Apple M1", "Darwin 25.2.0", "clang 17.0.0 (clang-1700.6.3.2)",          8, 2026-01-30T18:49:03, ok
2026-01-30T18:08:23-fbe5dda4785f, gpu     ,   320,    180,      20,        20,           100,          118,            0,   0,       0,   1, 0.07575 , 0       , 0.07575 ,    846.348,    846.424,         0       ,  838.071,    5.89197,   1152000,         1,         0, "Apple M1", "Darwin 25.2.0", "clang 17.0.0 (clang-1700.6.3.2)",          8, 2026-01-30T18:49:04, ok
2026-01-30T18:08:23-fbe5dda4785f, gpu     ,   320,    180,      20,        20,           100,          118,            0,   0,       0,   1, 0.039333, 0       , 0.039333,    831.335,    831.374,         0       ,  827.376,    6.20447,   1152000,         0,         1, "Apple M1", "Darwin 25.2.0", "clang 17.0.0 (clang-1700.6.3.2)",          8, 2026-01-30T18:49:05, ok
2026-01-30T18:08:23-fbe5dda4785f, gpu     ,   320,    180,      20,        20,           100,          118,            0,   0,       0,   1, 0.061542, 0       , 0.061542,    833.91 ,    833.971,         0       ,  829.16 ,    6.20447,   1152000,         0,         2, "Apple M1", "Darwin 25.2.0", "clang 17.0.0 (clang-1700.6.3.2)",          8, 2026-01-30T18:49:05, ok
2026-01-30T18:08:23-fbe5dda4785f, original,   320,    180,      20,        20,           100,          118,            6,   0,       0,   0, 0.061167, 0       , 0.061167,  18662.2  ,  18662.2  ,         0       ,    0    ,    5.62634,   9117270,         1,         0, "Apple M1", "Darwin 25.2.0", "clang 17.0.0 (clang-1700.6.3.2)",          8, 2026-01-30T18:49:24, ok
2026-01-30T18:08:23-fbe5dda4785f, original,   320,    180,      20,        20,           100,          118,            6,   0,       0,   0, 0.047291, 0       , 0.047291,  18637.8  ,  18637.8  ,         0       ,    0    ,    5.53259,   9127338,         0,         1, "Apple M1", "Darwin 25.2.0", "clang 17.0.0 (clang-1700.6.3.2)",          8, 2026-01-30T18:49:43, ok
2026-01-30T18:08:23-fbe5dda4785f, original,   320,    180,      20,        20,           100,          118,            6,   0,       0,   0, 0.033584, 0       , 0.033584,  18391.2  ,  18391.2  ,         0       ,    0    ,    5.53259,   9114555,         0,         2, "Apple M1", "Darwin 25.2.0", "clang 17.0.0 (clang-1700.6.3.2)",          8, 2026-01-30T18:50:01, ok
2026-01-30T18:08:23-fbe5dda4785f, bvh     ,   320,    180,      20,        20,           100,          118,            6,   1,       0,   0, 0.05625 , 0.069375, 0.125625,   5932.73 ,   5932.86 ,         0       ,    0    ,    5.53259,   9110312,         1,         0, "Apple M1", "Darwin 25.2.0", "clang 17.0.0 (clang-1700.6.3.2)",          8, 2026-01-30T18:50:07, ok
2026-01-30T18:08:23-fbe5dda4785f, bvh     ,   320,    180,      20,        20,           100,          118,            6,   1,       0,   0, 0.019583, 0.03775 , 0.057333,   6560.69 ,   6560.75 ,         0       ,    0    ,    5.53259,   9112976,         0,         1, "Apple M1", "Darwin 25.2.0", "clang 17.0.0 (clang-1700.6.3.2)",          8, 2026-01-30T18:50:14, ok
2026-01-30T18:08:23-fbe5dda4785f, bvh     ,   320,    180,      20,        20,           100,          118,            6,   1,       0,   0, 0.046083, 0.052   , 0.098083,   5854.01 ,   5854.11 ,         0       ,    0    ,    5.53259,   9116522,         0,         2, "Apple M1", "Darwin 25.2.0", "clang 17.0.0 (clang-1700.6.3.2)",          8, 2026-01-30T18:50:20, ok
2026-01-30T18:08:23-fbe5dda4785f, bvh-mt  ,   320,    180,      20,        20,           100,          118,            6,   1,       1,   0, 0.012333, 0.042458, 0.054791,   2058.87 ,   2058.92 ,         0.075667,    0    ,    5.53259,   9113652,         1,         0, "Apple M1", "Darwin 25.2.0", "clang 17.0.0 (clang-1700.6.3.2)",          8, 2026-01-30T18:50:22, ok
2026-01-30T18:08:23-fbe5dda4785f, bvh-mt  ,   320,    180,      20,        20,           100,          118,            6,   1,       1,   0, 0.013583, 0.043792, 0.057375,   1856.45 ,   1856.51 ,         0.049917,    0    ,    5.53259,   9115558,         0,         1, "Apple M1", "Darwin 25.2.0", "clang 17.0.0 (clang-1700.6.3.2)",          8, 2026-01-30T18:50:23, ok
2026-01-30T18:08:23-fbe5dda4785f, bvh-mt  ,   320,    180,      20,        20,           100,          118,            6,   1,       1,   0, 0.011083, 0.03775 , 0.048833,   1829.64 ,   1829.69 ,         0.051541,    0    ,    5.53259,   9127121,         0,         2, "Apple M1", "Darwin 25.2.0", "clang 17.0.0 (clang-1700.6.3.2)",          8, 2026-01-30T18:50:25, ok
2026-01-30T18:08:23-fbe5dda4785f, gpu     ,   320,    180,      20,        20,           100,          118,            0,   0,       0,   1, 0.032791, 0       , 0.032791,    840.745,    840.778,         0       ,  837.752,    5.89197,   1152000,         1,         0, "Apple M1", "Darwin 25.2.0", "clang 17.0.0 (clang-1700.6.3.2)",          8, 2026-01-30T18:50:26, ok
2026-01-30T18:08:23-fbe5dda4785f, gpu     ,   320,    180,      20,        20,           100,          118,            0,   0,       0,   1, 0.058459, 0       , 0.058459,    833.817,    833.876,         0       ,  830.289,    6.15759,   1152000,         0,         1, "Apple M1", "Darwin 25.2.0", "clang 17.0.0 (clang-1700.6.3.2)",          8, 2026-01-30T18:50:27, ok
2026-01-30T18:08:23-fbe5dda4785f, gpu     ,   320,    180,      20,        20,           100,          118,            0,   0,       0,   1, 0.031583, 0       , 0.031583,    841.11 ,    841.142,         0       ,  838.21 ,    6.15759,   1152000,         0,         2, "Apple M1", "Darwin 25.2.0", "clang 17.0.0 (clang-1700.6.3.2)",          8, 2026-01-30T18:50:28, ok
2026-01-30T18:08:23-fbe5dda4785f, original,   320,    180,      20,        20,           100,          118,            7,   0,       0,   0, 0.061375, 0       , 0.061375,  18504.7  ,  18504.8  ,         0       ,    0    ,    5.62634,   9108766,         1,         0, "Apple M1", "Darwin 25.2.0", "clang 17.0.0 (clang-1700.6.3.2)",          8, 2026-01-30T18:50:46, ok
2026-01-30T18:08:23-fbe5dda4785f, original,   320,    180,      20,        20,           100,          118,            7,   0,       0,   0, 0.041083, 0       , 0.041083,  18410.4  ,  18410.5  ,         0       ,    0    ,    5.53259,   9115334,         0,         1, "Apple M1", "Darwin 25.2.0", "clang 17.0.0 (clang-1700.6.3.2)",          8, 2026-01-30T18:51:05, ok
2026-01-30T18:08:23-fbe5dda4785f, original,   320,    180,      20,        20,           100,          118,            7,   0,       0,   0, 0.033541, 0       , 0.033541,  18416.1  ,  18416.1  ,         0       ,    0    ,    5.53259,   9101838,         0,         2, "Apple M1", "Darwin 25.2.0", "clang 17.0.0 (clang-1700.6.3.2)",          8, 2026-01-30T18:51:23, ok
2026-01-30T18:08:23-fbe5dda4785f, bvh     ,   320,    180,      20,        20,           100,          118,            7,   1,       0,   0, 0.040416, 0.049167, 0.089583,   5734.38 ,   5734.47 ,         0       ,    0    ,    5.53259,   9118967,         1,         0, "Apple M1", "Darwin 25.2.0", "clang 17.0.0 (clang-1700.6.3.2)",          8, 2026-01-30T18:51:29, ok
2026-01-30T18:08:23-fbe5dda4785f, bvh     ,   320,    180,      20,        20,           100,          118,            7,   1,       0,   0, 0.013333, 0.035583, 0.048916,   6846.72 ,   6846.77 ,         0       ,    0    ,    5.53259,   9116259,         0,         1, "Apple M1", "Darwin 25.2.0", "clang 17.0.0 (clang-1700.6.3.2)",          8, 2026-01-30T18:51:36, ok
2026-01-30T18:08:23-fbe5dda4785f, bvh     ,   320,    180,      20,        20,           100,          118,            7,   1,       0,   0, 0.035   , 0.05    , 0.085   ,   5970.97 ,   5971.05 ,         0       ,    0    ,    5.53259,   9123825,         0,         2, "Apple M1", "Darwin 25.2.0", "clang 17.0.0 (clang-1700.6.3.2)",          8, 2026-01-30T18:51:42, ok
2026-01-30T18:08:23-fbe5dda4785f, bvh-mt  ,   320,    180,      20,        20,           100,          118,            7,   1,       1,   0, 0.01225 , 0.046   , 0.05825 ,   1849.33 ,   1849.39 ,         0.102375,    0    ,    5.53259,   9123063,         1,         0, "Apple M1", "Darwin 25.2.0", "clang 17.0.0 (clang-1700.6.3.2)",          8, 2026-01-30T18:51:44, ok
2026-01-30T18:08:23-fbe5dda4785f, bvh-mt  ,   320,    180,      20,        20,           100,          118,            7,   1,       1,   0, 0.019667, 0.038333, 0.058   ,   1769.44 ,   1769.5  ,         0.063208,    0    ,    5.53259,   9104538,         0,         1, "Apple M1", "Darwin 25.2.0", "clang 17.0.0 (clang-1700.6.3.2)",          8, 2026-01-30T18:51:45, ok
2026-01-30T18:08:23-fbe5dda4785f, bvh-mt  ,   320,    180,      20,        20,           100,          118,            7,   1,       1,   0, 0.015916, 0.046917, 0.062833,   1698.89 ,   1698.95 ,         0.090875,    0    ,    5.53259,   9120854,         0,         2, "Apple M1", "Darwin 25.2.0", "clang 17.0.0 (clang-1700.6.3.2)",          8, 2026-01-30T18:51:47, ok
2026-01-30T18:08:23-fbe5dda4785f, gpu     ,   320,    180,      20,        20,           100,          118,            0,   0,       0,   1, 0.0155  , 0       , 0.0155  ,    841.519,    841.534,         0       ,  837.944,    5.89197,   1152000,         1,         0, "Apple M1", "Darwin 25.2.0", "clang 17.0.0 (clang-1700.6.3.2)",          8, 2026-01-30T18:51:48, ok
2026-01-30T18:08:23-fbe5dda4785f, gpu     ,   320,    180,      20,        20,           100,          118,            0,   0,       0,   1, 0.062167, 0       , 0.062167,    836.698,    836.761,         0       ,  832.322,    6.15759,   1152000,         0,         1, "Apple M1", "Darwin 25.2.0", "clang 17.0.0 (clang-1700.6.3.2)",          8, 2026-01-30T18:51:49, ok
2026-01-30T18:08:23-fbe5dda4785f, gpu     ,   320,    180,      20,        20,           100,          118,            0,   0,       0,   1, 0.034333, 0       , 0.034333,    833.959,    833.994,         0       ,  830.788,    6.15759,   1152000,         0,         2, "Apple M1", "Darwin 25.2.0", "clang 17.0.0 (clang-1700.6.3.2)",          8, 2026-01-30T18:51:50, ok
2026-01-30T18:08:23-fbe5dda4785f, original,   320,    180,      20,        20,           100,          118,            8,   0,       0,   0, 0.036084, 0       , 0.036084,  18489.1  ,  18489.2  ,         0       ,    0    ,    5.62634,   9113588,         1,         0, "Apple M1", "Darwin 25.2.0", "clang 17.0.0 (clang-1700.6.3.2)",          8, 2026-01-30T18:52:08, ok
2026-01-30T18:08:23-fbe5dda4785f, original,   320,    180,      20,        20,           100,          118,            8,   0,       0,   0, 0.04175 , 0       , 0.04175 ,  18478.6  ,  18478.6  ,         0       ,    0    ,    5.53259,   9123199,         0,         1, "Apple M1", "Darwin 25.2.0", "clang 17.0.0 (clang-1700.6.3.2)",          8, 2026-01-30T18:52:26, ok
2026-01-30T18:08:23-fbe5dda4785f, original,   320,    180,      20,        20,           100,          118,            8,   0,       0,   0, 0.033125, 0       , 0.033125,  18417.1  ,  18417.2  ,         0       ,    0    ,    5.53259,   9105707,         0,         2, "Apple M1", "Darwin 25.2.0", "clang 17.0.0 (clang-1700.6.3.2)",          8, 2026-01-30T18:52:45, ok
2026-01-30T18:08:23-fbe5dda4785f, bvh     ,   320,    180,      20,        20,           100,          118,            8,   1,       0,   0, 0.038958, 0.056375, 0.095333,   6535.23 ,   6535.33 ,         0       ,    0    ,    5.53259,   9116320,         1,         0, "Apple M1", "Darwin 25.2.0", "clang 17.0.0 (clang-1700.6.3.2)",          8, 2026-01-30T18:52:51, ok
2026-01-30T18:08:23-fbe5dda4785f, bvh     ,   320,    180,      20,        20,           100,          118,            8,   1,       0,   0, 0.019334, 0.053333, 0.072667,   5887.38 ,   5887.45 ,         0       ,    0    ,    5.53259,   9113435,         0,         1, "Apple M1", "Darwin 25.2.0", "clang 17.0.0 (clang-1700.6.3.2)",          8, 2026-01-30T18:52:57, ok
2026-01-30T18:08:23-fbe5dda4785f, bvh     ,   320,    180,      20,        20,           100,          118,            8,   1,       0,   0, 0.030791, 0.038583, 0.069374,   6584.65 ,   6584.72 ,         0       ,    0    ,    5.53259,   9105926,         0,         2, "Apple M1", "Darwin 25.2.0", "clang 17.0.0 (clang-1700.6.3.2)",          8, 2026-01-30T18:53:04, ok
2026-01-30T18:08:23-fbe5dda4785f, bvh-mt  ,   320,    180,      20,        20,           100,          118,            8,   1,       1,   0, 0.01375 , 0.045208, 0.058958,   1584.32 ,   1584.38 ,         0.098292,    0    ,    5.53259,   9116663,         1,         0, "Apple M1", "Darwin 25.2.0", "clang 17.0.0 (clang-1700.6.3.2)",          8, 2026-01-30T18:53:06, ok
2026-01-30T18:08:23-fbe5dda4785f, bvh-mt  ,   320,    180,      20,        20,           100,          118,            8,   1,       1,   0, 0.021625, 0.040458, 0.062083,   1818.5  ,   1818.56 ,         0.077417,    0    ,    5.53259,   9110476,         0,         1, "Apple M1", "Darwin 25.2.0", "clang 17.0.0 (clang-1700.6.3.2)",          8, 2026-01-30T18:53:07, ok
2026-01-30T18:08:23-fbe5dda4785f, bvh-mt  ,   320,    180,      20,        20,           100,          118,            8,   1,       1,   0, 0.011792, 0.035125, 0.046917,   1560.44 ,   1560.49 ,         0.076   ,    0    ,    5.53259,   9121535,         0,         2, "Apple M1", "Darwin 25.2.0", "clang 17.0.0 (clang-1700.6.3.2)",          8, 2026-01-30T18:53:09, ok
2026-01-30T18:08:23-fbe5dda4785f, gpu     ,   320,    180,      20,        20,           100,          118,            0,   0,       0,   1, 0.012834, 0       , 0.012834,    843.106,    843.119,         0       ,  839.178,    5.89197,   1152000,         1,         0, "Apple M1", "Darwin 25.2.0", "clang 17.0.0 (clang-1700.6.3.2)",          8, 2026-01-30T18:53:10, ok
2026-01-30T18:08:23-fbe5dda4785f, gpu     ,   320,    180,      20,        20,           100,          118,            0,   0,       0,   1, 0.04875 , 0       , 0.04875 ,    833.854,    833.903,         0       ,  830.196,    6.15759,   1152000,         0,         1, "Apple M1", "Darwin 25.2.0", "clang 17.0.0 (clang-1700.6.3.2)",          8, 2026-01-30T18:53:11, ok
2026-01-30T18:08:23-fbe5dda4785f, gpu     ,   320,    180,      20,        20,           100,          118,            0,   0,       0,   1, 0.036167, 0       , 0.036167,    830.043,    830.079,         0       ,  826.916,    6.15759,   1152000,         0,         2, "Apple M1", "Darwin 25.2.0", "clang 17.0.0 (clang-1700.6.3.2)",          8, 2026-01-30T18:53:11, ok
2026-01-30T18:08:23-fbe5dda4785f, original,  1280,    720,      10,        10,             0,           18,            1,   0,       0,   0, 0.026167, 0       , 0.026167,  53547.9  ,  53548    ,         0       ,    0    ,    8.01697,  54316721,         1,         0, "Apple M1", "Darwin 25.2.0", "clang 17.0.0 (clang-1700.6.3.2)",          8, 2026-01-30T18:54:05, ok
2026-01-30T18:08:23-fbe5dda4785f, original,  1280,    720,      10,        10,             0,           18,            1,   0,       0,   0, 0.048583, 0       , 0.048583,  53539.9  ,  53539.9  ,         0       ,    0    ,    8.01697,  54325705,         0,         1, "Apple M1", "Darwin 25.2.0", "clang 17.0.0 (clang-1700.6.3.2)",          8, 2026-01-30T18:54:58, ok
2026-01-30T18:08:23-fbe5dda4785f, original,  1280,    720,      10,        10,             0,           18,            1,   0,       0,   0, 0.028375, 0       , 0.028375,  53631.7  ,  53631.7  ,         0       ,    0    ,    8.01697,  54327633,         0,         2, "Apple M1", "Darwin 25.2.0", "clang 17.0.0 (clang-1700.6.3.2)",          8, 2026-01-30T18:55:52, ok
2026-01-30T18:08:23-fbe5dda4785f, bvh     ,  1280,    720,      10,        10,             0,           18,            1,   1,       0,   0, 0.025417, 0.016   , 0.041417,  21475.6  ,  21475.7  ,         0       ,    0    ,    8.01697,  54315763,         1,         0, "Apple M1", "Darwin 25.2.0", "clang 17.0.0 (clang-1700.6.3.2)",          8, 2026-01-30T18:56:14, ok
2026-01-30T18:08:23-fbe5dda4785f, bvh     ,  1280,    720,      10,        10,             0,           18,            1,   1,       0,   0, 0.034791, 0.009   , 0.043791,  19395.3  ,  19395.4  ,         0       ,    0    ,    8.01697,  54314147,         0,         1, "Apple M1", "Darwin 25.2.0", "clang 17.0.0 (clang-1700.6.3.2)",          8, 2026-01-30T18:56:33, ok
2026-01-30T18:08:23-fbe5dda4785f, bvh     ,  1280,    720,      10,        10,             0,           18,            1,   1,       0,   0, 0.025041, 0.008792, 0.033833,  21129.2  ,  21129.3  ,         0       ,    0    ,    8.01697,  54323983,         0,         2, "Apple M1", "Darwin 25.2.0", "clang 17.0.0 (clang-1700.6.3.2)",          8, 2026-01-30T18:56:54, ok
2026-01-30T18:08:23-fbe5dda4785f, bvh-mt  ,  1280,    720,      10,        10,             0,           18,            1,   1,       1,   0, 0.038375, 0.010334, 0.048709,  22944.2  ,  22944.3  ,         0       ,    0    ,    8.01697,  54320813,         1,         0, "Apple M1", "Darwin 25.2.0", "clang 17.0.0 (clang-1700.6.3.2)",          8, 2026-01-30T18:57:17, ok
2026-01-30T18:08:23-fbe5dda4785f, bvh-mt  ,  1280,    720,      10,        10,             0,           18,            1,   1,       1,   0, 0.055542, 0.011584, 0.067126,  25738.1  ,  25738.1  ,         0       ,    0    ,    8.01697,  54307672,         0,         1, "Apple M1", "Darwin 25.2.0", "clang 17.0.0 (clang-1700.6.3.2)",          8, 2026-01-30T18:57:43, ok
2026-01-30T18:08:23-fbe5dda4785f, bvh-mt  ,  1280,    720,      10,        10,             0,           18,            1,   1,       1,   0, 0.028625, 0.009834, 0.038459,  20211.5  ,  20211.6  ,         0       ,    0    ,    8.01697,  54333304,         0,         2, "Apple M1", "Darwin 25.2.0", "clang 17.0.0 (clang-1700.6.3.2)",          8, 2026-01-30T18:58:03, ok
2026-01-30T18:08:23-fbe5dda4785f, gpu     ,  1280,    720,      10,        10,             0,           18,            0,   0,       0,   1, 0.028   , 0       , 0.028   ,   1674.97 ,   1675    ,         0       , 1671.58 ,    8.37634,   9216000,         1,         0, "Apple M1", "Darwin 25.2.0", "clang 17.0.0 (clang-1700.6.3.2)",          8, 2026-01-30T18:58:05, ok
2026-01-30T18:08:23-fbe5dda4785f, gpu     ,  1280,    720,      10,        10,             0,           18,            0,   0,       0,   1, 0.019791, 0       , 0.019791,   1668.82 ,   1668.84 ,         0       , 1664.68 ,    8.47009,   9216000,         0,         1, "Apple M1", "Darwin 25.2.0", "clang 17.0.0 (clang-1700.6.3.2)",          8, 2026-01-30T18:58:06, ok
2026-01-30T18:08:23-fbe5dda4785f, gpu     ,  1280,    720,      10,        10,             0,           18,            0,   0,       0,   1, 0.033792, 0       , 0.033792,   1667.51 ,   1667.54 ,         0       , 1663.32 ,    8.47009,   9216000,         0,         2, "Apple M1", "Darwin 25.2.0", "clang 17.0.0 (clang-1700.6.3.2)",          8, 2026-01-30T18:58:08, ok
2026-01-30T18:08:23-fbe5dda4785f, original,  1280,    720,      10,        10,             0,           18,            2,   0,       0,   0, 0.022584, 0       , 0.022584,  53536.4  ,  53536.4  ,         0       ,    0    ,    8.01697,  54311835,         1,         0, "Apple M1", "Darwin 25.2.0", "clang 17.0.0 (clang-1700.6.3.2)",          8, 2026-01-30T18:59:02, ok
2026-01-30T18:08:23-fbe5dda4785f, original,  1280,    720,      10,        10,             0,           18,            2,   0,       0,   0, 0.02725 , 0       , 0.02725 ,  53685    ,  53685    ,         0       ,    0    ,    8.01697,  54325512,         0,         1, "Apple M1", "Darwin 25.2.0", "clang 17.0.0 (clang-1700.6.3.2)",          8, 2026-01-30T18:59:55, ok
2026-01-30T18:08:23-fbe5dda4785f, original,  1280,    720,      10,        10,             0,           18,            2,   0,       0,   0, 0.025875, 0       , 0.025875,  53740.6  ,  53740.6  ,         0       ,    0    ,    8.01697,  54320231,         0,         2, "Apple M1", "Darwin 25.2.0", "clang 17.0.0 (clang-1700.6.3.2)",          8, 2026-01-30T19:00:49, ok
2026-01-30T18:08:23-fbe5dda4785f, bvh     ,  1280,    720,      10,        10,             0,           18,            2,   1,       0,   0, 0.028375, 0.02675 , 0.055125,  25964.7  ,  25964.7  ,         0       ,    0    ,    8.01697,  54324258,         1,         0, "Apple M1", "Darwin 25.2.0", "clang 17.0.0 (clang-1700.6.3.2)",          8, 2026-01-30T19:01:15, ok
2026-01-30T18:08:23-fbe5dda4785f, bvh     ,  1280,    720,      10,        10,             0,           18,            2,   1,       0,   0, 0.040958, 0.011208, 0.052166,  22814.1  ,  22814.2  ,         0       ,    0    ,    8.01697,  54331831,         0,         1, "Apple M1", "Darwin 25.2.0", "clang 17.0.0 (clang-1700.6.3.2)",          8, 2026-01-30T19:01:38, ok
2026-01-30T18:08:23-fbe5dda4785f, bvh     ,  1280,    720,      10,        10,             0,           18,            2,   1,       0,   0, 0.021625, 0.008375, 0.03    ,  21677.8  ,  21677.8  ,         0       ,    0    ,    8.01697,  54313343,         0,         2, "Apple M1", "Darwin 25.2.0", "clang 17.0.0 (clang-1700.6.3.2)",          8, 2026-01-30T19:01:59, ok
2026-01-30T18:08:23-fbe5dda4785f, bvh-mt  ,  1280,    720,      10,        10,             0,           18,            2,   1,       1,   0, 0.037417, 0.011084, 0.048501,  10800.2  ,  10800.2  ,         0.047458,    0    ,    8.01697,  54342437,         1,         0, "Apple M1", "Darwin 25.2.0", "clang 17.0.0 (clang-1700.6.3.2)",          8, 2026-01-30T19:02:10, ok
2026-01-30T18:08:23-fbe5dda4785f, bvh-mt  ,  1280,    720,      10,        10,             0,           18,            2,   1,       1,   0, 0.008292, 0.01225 , 0.020542,  12598.1  ,  12598.1  ,         0.020083,    0    ,    8.01697,  54323769,         0,         1, "Apple M1", "Darwin 25.2.0", "clang 17.0.0 (clang-1700.6.3.2)",          8, 2026-01-30T19:02:23, ok
2026-01-30T18:08:23-fbe5dda4785f, bvh-mt  ,  1280,    720,      10,        10,             0,           18,            2,   1,       1,   0, 0.034875, 0.011583, 0.046458,  12119.5  ,  12119.6  ,         0.027917,    0    ,    8.01697,  54330309,         0,         2, "Apple M1", "Darwin 25.2.0", "clang 17.0.0 (clang-1700.6.3.2)",          8, 2026-01-30T19:02:35, ok
2026-01-30T18:08:23-fbe5dda4785f, gpu     ,  1280,    720,      10,        10,             0,           18,            0,   0,       0,   1, 0.009917, 0       , 0.009917,   1680.35 ,   1680.36 ,         0       , 1673.93 ,    8.37634,   9216000,         1,         0, "Apple M1", "Darwin 25.2.0", "clang 17.0.0 (clang-1700.6.3.2)",          8, 2026-01-30T19:02:37, ok
2026-01-30T18:08:23-fbe5dda4785f, gpu     ,  1280,    720,      10,        10,             0,           18,            0,   0,       0,   1, 0.03875 , 0       , 0.03875 ,   1667.53 ,   1667.57 ,         0       , 1662.97 ,    8.47009,   9216000,         0,         1, "Apple M1", "Darwin 25.2.0", "clang 17.0.0 (clang-1700.6.3.2)",          8, 2026-01-30T19:02:38, ok
2026-01-30T18:08:23-fbe5dda4785f, gpu     ,  1280,    720,      10,        10,             0,           18,            0,   0,       0,   1, 0.033625, 0       , 0.033625,   1666.63 ,   1666.67 ,         0       , 1661.98 ,    8.47009,   9216000,         0,         2, "Apple M1", "Darwin 25.2.0", "clang 17.0.0 (clang-1700.6.3.2)",          8, 2026-01-30T19:02:40, ok
2026-01-30T18:08:23-fbe5dda4785f, original,  1280,    720,      10,        10,             0,           18,            3,   0,       0,   0, 0.0345  , 0       , 0.0345  ,  53586.5  ,  53586.5  ,         0       ,    0    ,    8.01697,  54336953,         1,         0, "Apple M1", "Darwin 25.2.0", "clang 17.0.0 (clang-1700.6.3.2)",          8, 2026-01-30T19:03:34, ok
2026-01-30T18:08:23-fbe5dda4785f, original,  1280,    720,      10,        10,             0,           18,            3,   0,       0,   0, 0.031667, 0       , 0.031667,  53741.9  ,  53742    ,         0       ,    0    ,    8.01697,  54328587,         0,         1, "Apple M1", "Darwin 25.2.0", "clang 17.0.0 (clang-1700.6.3.2)",          8, 2026-01-30T19:04:27, ok
2026-01-30T18:08:23-fbe5dda4785f, original,  1280,    720,      10,        10,             0,           18,            3,   0,       0,   0, 0.025583, 0       , 0.025583,  53552.7  ,  53552.7  ,         0       ,    0    ,    8.01697,  54310326,         0,         2, "Apple M1", "Darwin 25.2.0", "clang 17.0.0 (clang-1700.6.3.2)",          8, 2026-01-30T19:05:21, ok
2026-01-30T18:08:23-fbe5dda4785f, bvh     ,  1280,    720,      10,        10,             0,           18,            3,   1,       0,   0, 0.025375, 0.019583, 0.044958,  19656.7  ,  19656.8  ,         0       ,    0    ,    8.01697,  54337769,         1,         0, "Apple M1", "Darwin 25.2.0", "clang 17.0.0 (clang-1700.6.3.2)",          8, 2026-01-30T19:05:41, ok
2026-01-30T18:08:23-fbe5dda4785f, bvh     ,  1280,    720,      10,        10,             0,           18,            3,   1,       0,   0, 0.032084, 0.009084, 0.041168,  22600.2  ,  22600.2  ,         0       ,    0    ,    8.01697,  54335443,         0,         1, "Apple M1", "Darwin 25.2.0", "clang 17.0.0 (clang-1700.6.3.2)",          8, 2026-01-30T19:06:03, ok
2026-01-30T18:08:23-fbe5dda4785f, bvh     ,  1280,    720,      10,        10,             0,           18,            3,   1,       0,   0, 0.0235  , 0.008917, 0.032417,  21206.9  ,  21206.9  ,         0       ,    0    ,    8.01697,  54332574,         0,         2, "Apple M1", "Darwin 25.2.0", "clang 17.0.0 (clang-1700.6.3.2)",          8, 2026-01-30T19:06:24, ok
2026-01-30T18:08:23-fbe5dda4785f, bvh-mt  ,  1280,    720,      10,        10,             0,           18,            3,   1,       1,   0, 0.009042, 0.004541, 0.013583,   8526.05 ,   8526.06 ,         0.042875,    0    ,    8.01697,  54337876,         1,         0, "Apple M1", "Darwin 25.2.0", "clang 17.0.0 (clang-1700.6.3.2)",          8, 2026-01-30T19:06:33, ok
2026-01-30T18:08:23-fbe5dda4785f, bvh-mt  ,  1280,    720,      10,        10,             0,           18,            3,   1,       1,   0, 0.030042, 0.012958, 0.043   ,   9041.01 ,   9041.05 ,         0.030333,    0    ,    8.01697,  54305246,         0,         1, "Apple M1", "Darwin 25.2.0", "clang 17.0.0 (clang-1700.6.3.2)",          8, 2026-01-30T19:06:42, ok
2026-01-30T18:08:23-fbe5dda4785f, bvh-mt  ,  1280,    720,      10,        10,             0,           18,            3,   1,       1,   0, 0.008167, 0.005208, 0.013375,   9747.37 ,   9747.38 ,         0.028792,    0    ,    8.01697,  54315646,         0,         2, "Apple M1", "Darwin 25.2.0", "clang 17.0.0 (clang-1700.6.3.2)",          8, 2026-01-30T19:06:52, ok
2026-01-30T18:08:23-fbe5dda4785f, gpu     ,  1280,    720,      10,        10,             0,           18,            0,   0,       0,   1, 0.030083, 0       , 0.030083,   1681.64 ,   1681.67 ,         0       , 1672.93 ,    8.37634,   9216000,         1,         0, "Apple M1", "Darwin 25.2.0", "clang 17.0.0 (clang-1700.6.3.2)",          8, 2026-01-30T19:06:53, ok
2026-01-30T18:08:23-fbe5dda4785f, gpu     ,  1280,    720,      10,        10,             0,           18,            0,   0,       0,   1, 0.035125, 0       , 0.035125,   1668    ,   1668.04 ,         0       , 1663.05 ,    8.47009,   9216000,         0,         1, "Apple M1", "Darwin 25.2.0", "clang 17.0.0 (clang-1700.6.3.2)",          8, 2026-01-30T19:06:55, ok
2026-01-30T18:08:23-fbe5dda4785f, gpu     ,  1280,    720,      10,        10,             0,           18,            0,   0,       0,   1, 0.033541, 0       , 0.033541,   1666.86 ,   1666.89 ,         0       , 1661.85 ,    8.47009,   9216000,         0,         2, "Apple M1", "Darwin 25.2.0", "clang 17.0.0 (clang-1700.6.3.2)",          8, 2026-01-30T19:06:57, ok
2026-01-30T18:08:23-fbe5dda4785f, original,  1280,    720,      10,        10,             0,           18,            4,   0,       0,   0, 0.034542, 0       , 0.034542,  53649.2  ,  53649.2  ,         0       ,    0    ,    8.01697,  54326284,         1,         0, "Apple M1", "Darwin 25.2.0", "clang 17.0.0 (clang-1700.6.3.2)",          8, 2026-01-30T19:07:50, ok
2026-01-30T18:08:23-fbe5dda4785f, original,  1280,    720,      10,        10,             0,           18,            4,   0,       0,   0, 0.032667, 0       , 0.032667,  53732.5  ,  53732.6  ,         0       ,    0    ,    8.01697,  54318662,         0,         1, "Apple M1", "Darwin 25.2.0", "clang 17.0.0 (clang-1700.6.3.2)",          8, 2026-01-30T19:08:44, ok
2026-01-30T18:08:23-fbe5dda4785f, original,  1280,    720,      10,        10,             0,           18,            4,   0,       0,   0, 0.021667, 0       , 0.021667,  53517.1  ,  53517.1  ,         0       ,    0    ,    8.01697,  54329195,         0,         2, "Apple M1", "Darwin 25.2.0", "clang 17.0.0 (clang-1700.6.3.2)",          8, 2026-01-30T19:09:38, ok
2026-01-30T18:08:23-fbe5dda4785f, bvh     ,  1280,    720,      10,        10,             0,           18,            4,   1,       0,   0, 0.03325 , 0.033916, 0.067166,  20601.7  ,  20601.8  ,         0       ,    0    ,    8.01697,  54334836,         1,         0, "Apple M1", "Darwin 25.2.0", "clang 17.0.0 (clang-1700.6.3.2)",          8, 2026-01-30T19:09:58, ok
2026-01-30T18:08:23-fbe5dda4785f, bvh     ,  1280,    720,      10,        10,             0,           18,            4,   1,       0,   0, 0.043959, 0.008292, 0.052251,  20508.7  ,  20508.8  ,         0       ,    0    ,    8.01697,  54336448,         0,         1, "Apple M1", "Darwin 25.2.0", "clang 17.0.0 (clang-1700.6.3.2)",          8, 2026-01-30T19:10:19, ok
2026-01-30T18:08:23-fbe5dda4785f, bvh     ,  1280,    720,      10,        10,             0,           18,            4,   1,       0,   0, 0.031667, 0.010541, 0.042208,  20452.6  ,  20452.7  ,         0       ,    0    ,    8.01697,  54305646,         0,         2, "Apple M1", "Darwin 25.2.0", "clang 17.0.0 (clang-1700.6.3.2)",          8, 2026-01-30T19:10:39, ok
2026-01-30T18:08:23-fbe5dda4785f, bvh-mt  ,  1280,    720,      10,        10,             0,           18,            4,   1,       1,   0, 0.026166, 0.00925 , 0.035416,   7585.69 ,   7585.72 ,         0.060292,    0    ,    8.01697,  54334230,         1,         0, "Apple M1", "Darwin 25.2.0", "clang 17.0.0 (clang-1700.6.3.2)",          8, 2026-01-30T19:10:47, ok
2026-01-30T18:08:23-fbe5dda4785f, bvh-mt  ,  1280,    720,      10,        10,             0,           18,            4,   1,       1,   0, 0.0095  , 0.006334, 0.015834,   7766.11 ,   7766.13 ,         0.038041,    0    ,    8.01697,  54334413,         0,         1, "Apple M1", "Darwin 25.2.0", "clang 17.0.0 (clang-1700.6.3.2)",          8, 2026-01-30T19:10:55, ok
2026-01-30T18:08:23-fbe5dda4785f, bvh-mt  ,  1280,    720,      10,        10,             0,           18,            4,   1,       1,   0, 0.014125, 0.008209, 0.022334,   9373.84 ,   9373.86 ,         0.05025 ,    0    ,    8.01697,  54335465,         0,         2, "Apple M1", "Darwin 25.2.0", "clang 17.0.0 (clang-1700.6.3.2)",          8, 2026-01-30T19:11:04, ok
2026-01-30T18:08:23-fbe5dda4785f, gpu     ,  1280,    720,      10,        10,             0,           18,            0,   0,       0,   1, 0.012584, 0       , 0.012584,   1684.34 ,   1684.35 ,         0       , 1677.5  ,    8.37634,   9216000,         1,         0, "Apple M1", "Darwin 25.2.0", "clang 17.0.0 (clang-1700.6.3.2)",          8, 2026-01-30T19:11:06, ok
2026-01-30T18:08:23-fbe5dda4785f, gpu     ,  1280,    720,      10,        10,             0,           18,            0,   0,       0,   1, 0.037291, 0       , 0.037291,   1671.54 ,   1671.58 ,         0       , 1667.12 ,    8.47009,   9216000,         0,         1, "Apple M1", "Darwin 25.2.0", "clang 17.0.0 (clang-1700.6.3.2)",          8, 2026-01-30T19:11:07, ok
2026-01-30T18:08:23-fbe5dda4785f, gpu     ,  1280,    720,      10,        10,             0,           18,            0,   0,       0,   1, 0.032625, 0       , 0.032625,   1666.52 ,   1666.55 ,         0       , 1662.08 ,    8.51697,   9216000,         0,         2, "Apple M1", "Darwin 25.2.0", "clang 17.0.0 (clang-1700.6.3.2)",          8, 2026-01-30T19:11:09, ok
2026-01-30T18:08:23-fbe5dda4785f, original,  1280,    720,      10,        10,             0,           18,            5,   0,       0,   0, 0.034375, 0       , 0.034375,  53673.2  ,  53673.2  ,         0       ,    0    ,    8.01697,  54320297,         1,         0, "Apple M1", "Darwin 25.2.0", "clang 17.0.0 (clang-1700.6.3.2)",          8, 2026-01-30T19:12:03, ok
2026-01-30T18:08:23-fbe5dda4785f, original,  1280,    720,      10,        10,             0,           18,            5,   0,       0,   0, 0.0365  , 0       , 0.0365  ,  53516.2  ,  53516.2  ,         0       ,    0    ,    8.01697,  54324800,         0,         1, "Apple M1", "Darwin 25.2.0", "clang 17.0.0 (clang-1700.6.3.2)",          8, 2026-01-30T19:12:56, ok
2026-01-30T18:08:23-fbe5dda4785f, original,  1280,    720,      10,        10,             0,           18,            5,   0,       0,   0, 0.02425 , 0       , 0.02425 ,  53510.5  ,  53510.5  ,         0       ,    0    ,    8.01697,  54328368,         0,         2, "Apple M1", "Darwin 25.2.0", "clang 17.0.0 (clang-1700.6.3.2)",          8, 2026-01-30T19:13:50, ok
2026-01-30T18:08:23-fbe5dda4785f, bvh     ,  1280,    720,      10,        10,             0,           18,            5,   1,       0,   0, 0.032208, 0.023   , 0.055208,  21619.3  ,  21619.4  ,         0       ,    0    ,    8.01697,  54327166,         1,         0, "Apple M1", "Darwin 25.2.0", "clang 17.0.0 (clang-1700.6.3.2)",          8, 2026-01-30T19:14:11, ok
2026-01-30T18:08:23-fbe5dda4785f, bvh     ,  1280,    720,      10,        10,             0,           18,            5,   1,       0,   0, 0.034541, 0.00825 , 0.042791,  22642.9  ,  22642.9  ,         0       ,    0    ,    8.01697,  54309863,         0,         1, "Apple M1", "Darwin 25.2.0", "clang 17.0.0 (clang-1700.6.3.2)",          8, 2026-01-30T19:14:34, ok
2026-01-30T18:08:23-fbe5dda4785f, bvh     ,  1280,    720,      10,        10,             0,           18,            5,   1,       0,   0, 0.02325 , 0.008167, 0.031417,  21493.9  ,  21493.9  ,         0       ,    0    ,    8.01697,  54312817,         0,         2, "Apple M1", "Darwin 25.2.0", "clang 17.0.0 (clang-1700.6.3.2)",          8, 2026-01-30T19:14:55, ok
2026-01-30T18:08:23-fbe5dda4785f, bvh-mt  ,  1280,    720,      10,        10,             0,           18,            5,   1,       1,   0, 0.028125, 0.010708, 0.038833,   8361.08 ,   8361.12 ,         0.076792,    0    ,    8.01697,  54318852,         1,         0, "Apple M1", "Darwin 25.2.0", "clang 17.0.0 (clang-1700.6.3.2)",          8, 2026-01-30T19:15:04, ok
2026-01-30T18:08:23-fbe5dda4785f, bvh-mt  ,  1280,    720,      10,        10,             0,           18,            5,   1,       1,   0, 0.01025 , 0.006583, 0.016833,   7720.81 ,   7720.82 ,         0.047208,    0    ,    8.01697,  54307903,         0,         1, "Apple M1", "Darwin 25.2.0", "clang 17.0.0 (clang-1700.6.3.2)",          8, 2026-01-30T19:15:12, ok
2026-01-30T18:08:23-fbe5dda4785f, bvh-mt  ,  1280,    720,      10,        10,             0,           18,            5,   1,       1,   0, 0.025792, 0.014834, 0.040626,   9104.37 ,   9104.41 ,         0.056333,    0    ,    8.01697,  54325652,         0,         2, "Apple M1", "Darwin 25.2.0", "clang 17.0.0 (clang-1700.6.3.2)",          8, 2026-01-30T19:15:21, ok
2026-01-30T18:08:23-fbe5dda4785f, gpu     ,  1280,    720,      10,        10,             0,           18,            0,   0,       0,   1, 0.008833, 0       , 0.008833,   1683.09 ,   1683.1  ,         0       , 1675.74 ,    8.37634,   9216000,         1,         0, "Apple M1", "Darwin 25.2.0", "clang 17.0.0 (clang-1700.6.3.2)",          8, 2026-01-30T19:15:22, ok
2026-01-30T18:08:23-fbe5dda4785f, gpu     ,  1280,    720,      10,        10,             0,           18,            0,   0,       0,   1, 0.035458, 0       , 0.035458,   1665.95 ,   1665.98 ,         0       , 1661.31 ,    8.47009,   9216000,         0,         1, "Apple M1", "Darwin 25.2.0", "clang 17.0.0 (clang-1700.6.3.2)",          8, 2026-01-30T19:15:24, ok
2026-01-30T18:08:23-fbe5dda4785f, gpu     ,  1280,    720,      10,        10,             0,           18,            0,   0,       0,   1, 0.034542, 0       , 0.034542,   1665.74 ,   1665.77 ,         0       , 1661.29 ,    8.47009,   9216000,         0,         2, "Apple M1", "Darwin 25.2.0", "clang 17.0.0 (clang-1700.6.3.2)",          8, 2026-01-30T19:15:26, ok
2026-01-30T18:08:23-fbe5dda4785f, original,  1280,    720,      10,        10,             0,           18,            6,   0,       0,   0, 0.034541, 0       , 0.034541,  53682.3  ,  53682.4  ,         0       ,    0    ,    8.01697,  54316954,         1,         0, "Apple M1", "Darwin 25.2.0", "clang 17.0.0 (clang-1700.6.3.2)",          8, 2026-01-30T19:16:19, ok
2026-01-30T18:08:23-fbe5dda4785f, original,  1280,    720,      10,        10,             0,           18,            6,   0,       0,   0, 0.042042, 0       , 0.042042,  53521.5  ,  53521.5  ,         0       ,    0    ,    8.01697,  54314622,         0,         1, "Apple M1", "Darwin 25.2.0", "clang 17.0.0 (clang-1700.6.3.2)",          8, 2026-01-30T19:17:13, ok
2026-01-30T18:08:23-fbe5dda4785f, original,  1280,    720,      10,        10,             0,           18,            6,   0,       0,   0, 0.023667, 0       , 0.023667,  53544    ,  53544    ,         0       ,    0    ,    8.01697,  54324535,         0,         2, "Apple M1", "Darwin 25.2.0", "clang 17.0.0 (clang-1700.6.3.2)",          8, 2026-01-30T19:18:06, ok
2026-01-30T18:08:23-fbe5dda4785f, bvh     ,  1280,    720,      10,        10,             0,           18,            6,   1,       0,   0, 0.033375, 0.028458, 0.061833,  21841.4  ,  21841.5  ,         0       ,    0    ,    8.01697,  54311211,         1,         0, "Apple M1", "Darwin 25.2.0", "clang 17.0.0 (clang-1700.6.3.2)",          8, 2026-01-30T19:18:28, ok
2026-01-30T18:08:23-fbe5dda4785f, bvh     ,  1280,    720,      10,        10,             0,           18,            6,   1,       0,   0, 0.048875, 0.011458, 0.060333,  22098.6  ,  22098.6  ,         0       ,    0    ,    8.01697,  54315520,         0,         1, "Apple M1", "Darwin 25.2.0", "clang 17.0.0 (clang-1700.6.3.2)",          8, 2026-01-30T19:18:50, ok
2026-01-30T18:08:23-fbe5dda4785f, bvh     ,  1280,    720,      10,        10,             0,           18,            6,   1,       0,   0, 0.026542, 0.010417, 0.036959,  21182    ,  21182    ,         0       ,    0    ,    8.01697,  54315074,         0,         2, "Apple M1", "Darwin 25.2.0", "clang 17.0.0 (clang-1700.6.3.2)",          8, 2026-01-30T19:19:12, ok
2026-01-30T18:08:23-fbe5dda4785f, bvh-mt  ,  1280,    720,      10,        10,             0,           18,            6,   1,       1,   0, 0.0385  , 0.011375, 0.049875,   7047.62 ,   7047.67 ,         0.098166,    0    ,    8.01697,  54325911,         1,         0, "Apple M1", "Darwin 25.2.0", "clang 17.0.0 (clang-1700.6.3.2)",          8, 2026-01-30T19:19:19, ok
2026-01-30T18:08:23-fbe5dda4785f, bvh-mt  ,  1280,    720,      10,        10,             0,           18,            6,   1,       1,   0, 0.007916, 0.011917, 0.019833,   7248.57 ,   7248.59 ,         0.048625,    0    ,    8.01697,  54338574,         0,         1, "Apple M1", "Darwin 25.2.0", "clang 17.0.0 (clang-1700.6.3.2)",          8, 2026-01-30T19:19:26, ok
2026-01-30T18:08:23-fbe5dda4785f, bvh-mt  ,  1280,    720,      10,        10,             0,           18,            6,   1,       1,   0, 0.020541, 0.010583, 0.031124,   7100.47 ,   7100.5  ,         0.050375,    0    ,    8.01697,  54329249,         0,         2, "Apple M1", "Darwin 25.2.0", "clang 17.0.0 (clang-1700.6.3.2)",          8, 2026-01-30T19:19:33, ok
2026-01-30T18:08:23-fbe5dda4785f, gpu     ,  1280,    720,      10,        10,             0,           18,            0,   0,       0,   1, 0.008583, 0       , 0.008583,   1681.35 ,   1681.36 ,         0       , 1678.8  ,    8.37634,   9216000,         1,         0, "Apple M1", "Darwin 25.2.0", "clang 17.0.0 (clang-1700.6.3.2)",          8, 2026-01-30T19:19:35, ok
2026-01-30T18:08:23-fbe5dda4785f, gpu     ,  1280,    720,      10,        10,             0,           18,            0,   0,       0,   1, 0.01825 , 0       , 0.01825 ,   1668.36 ,   1668.37 ,         0       , 1664.88 ,    8.37634,   9216000,         0,         1, "Apple M1", "Darwin 25.2.0", "clang 17.0.0 (clang-1700.6.3.2)",          8, 2026-01-30T19:19:36, ok
2026-01-30T18:08:23-fbe5dda4785f, gpu     ,  1280,    720,      10,        10,             0,           18,            0,   0,       0,   1, 0.03725 , 0       , 0.03725 ,   1666.41 ,   1666.45 ,         0       , 1661.77 ,    8.47009,   9216000,         0,         2, "Apple M1", "Darwin 25.2.0", "clang 17.0.0 (clang-1700.6.3.2)",          8, 2026-01-30T19:19:38, ok
2026-01-30T18:08:23-fbe5dda4785f, original,  1280,    720,      10,        10,             0,           18,            7,   0,       0,   0, 0.034625, 0       , 0.034625,  53710.8  ,  53710.8  ,         0       ,    0    ,    8.01697,  54329869,         1,         0, "Apple M1", "Darwin 25.2.0", "clang 17.0.0 (clang-1700.6.3.2)",          8, 2026-01-30T19:20:32, ok
2026-01-30T18:08:23-fbe5dda4785f, original,  1280,    720,      10,        10,             0,           18,            7,   0,       0,   0, 0.029792, 0       , 0.029792,  53553    ,  53553.1  ,         0       ,    0    ,    8.01697,  54328986,         0,         1, "Apple M1", "Darwin 25.2.0", "clang 17.0.0 (clang-1700.6.3.2)",          8, 2026-01-30T19:21:25, ok
2026-01-30T18:08:23-fbe5dda4785f, original,  1280,    720,      10,        10,             0,           18,            7,   0,       0,   0, 0.027959, 0       , 0.027959,  53554.3  ,  53554.3  ,         0       ,    0    ,    8.01697,  54333482,         0,         2, "Apple M1", "Darwin 25.2.0", "clang 17.0.0 (clang-1700.6.3.2)",          8, 2026-01-30T19:22:19, ok
2026-01-30T18:08:23-fbe5dda4785f, bvh     ,  1280,    720,      10,        10,             0,           18,            7,   1,       0,   0, 0.026584, 0.021583, 0.048167,  24078.1  ,  24078.1  ,         0       ,    0    ,    8.01697,  54328074,         1,         0, "Apple M1", "Darwin 25.2.0", "clang 17.0.0 (clang-1700.6.3.2)",          8, 2026-01-30T19:22:43, ok
2026-01-30T18:08:23-fbe5dda4785f, bvh     ,  1280,    720,      10,        10,             0,           18,            7,   1,       0,   0, 0.031583, 0.008083, 0.039666,  20621.7  ,  20621.8  ,         0       ,    0    ,    8.01697,  54318216,         0,         1, "Apple M1", "Darwin 25.2.0", "clang 17.0.0 (clang-1700.6.3.2)",          8, 2026-01-30T19:23:03, ok
2026-01-30T18:08:23-fbe5dda4785f, bvh     ,  1280,    720,      10,        10,             0,           18,            7,   1,       0,   0, 0.017917, 0.009125, 0.027042,  22240.8  ,  22240.9  ,         0       ,    0    ,    8.01697,  54322520,         0,         2, "Apple M1", "Darwin 25.2.0", "clang 17.0.0 (clang-1700.6.3.2)",          8, 2026-01-30T19:23:26, ok
2026-01-30T18:08:23-fbe5dda4785f, bvh-mt  ,  1280,    720,      10,        10,             0,           18,            7,   1,       1,   0, 0.025666, 0.010042, 0.035708,   6905.4  ,   6905.44 ,         0.085667,    0    ,    8.01697,  54320997,         1,         0, "Apple M1", "Darwin 25.2.0", "clang 17.0.0 (clang-1700.6.3.2)",          8, 2026-01-30T19:23:33, ok
2026-01-30T18:08:23-fbe5dda4785f, bvh-mt  ,  1280,    720,      10,        10,             0,           18,            7,   1,       1,   0, 0.008084, 0.00575 , 0.013834,   6768.76 ,   6768.77 ,         0.070042,    0    ,    8.01697,  54327554,         0,         1, "Apple M1", "Darwin 25.2.0", "clang 17.0.0 (clang-1700.6.3.2)",          8, 2026-01-30T19:23:39, ok
2026-01-30T18:08:23-fbe5dda4785f, bvh-mt  ,  1280,    720,      10,        10,             0,           18,            7,   1,       1,   0, 0.023166, 0.012833, 0.035999,   7769.06 ,   7769.09 ,         0.066375,    0    ,    8.01697,  54329216,         0,         2, "Apple M1", "Darwin 25.2.0", "clang 17.0.0 (clang-1700.6.3.2)",          8, 2026-01-30T19:23:47, ok
2026-01-30T18:08:23-fbe5dda4785f, gpu     ,  1280,    720,      10,        10,             0,           18,            0,   0,       0,   1, 0.010208, 0       , 0.010208,   1682.42 ,   1682.43 ,         0       , 1678.71 ,    8.37634,   9216000,         1,         0, "Apple M1", "Darwin 25.2.0", "clang 17.0.0 (clang-1700.6.3.2)",          8, 2026-01-30T19:23:49, ok
2026-01-30T18:08:23-fbe5dda4785f, gpu     ,  1280,    720,      10,        10,             0,           18,            0,   0,       0,   1, 0.037042, 0       , 0.037042,   1669.74 ,   1669.78 ,         0       , 1665.03 ,    8.47009,   9216000,         0,         1, "Apple M1", "Darwin 25.2.0", "clang 17.0.0 (clang-1700.6.3.2)",          8, 2026-01-30T19:23:51, ok
2026-01-30T18:08:23-fbe5dda4785f, gpu     ,  1280,    720,      10,        10,             0,           18,            0,   0,       0,   1, 0.033625, 0       , 0.033625,   1667.67 ,   1667.7  ,         0       , 1662.38 ,    8.47009,   9216000,         0,         2, "Apple M1", "Darwin 25.2.0", "clang 17.0.0 (clang-1700.6.3.2)",          8, 2026-01-30T19:23:52, ok
2026-01-30T18:08:23-fbe5dda4785f, original,  1280,    720,      10,        10,             0,           18,            8,   0,       0,   0, 0.027583, 0       , 0.027583,  53930.4  ,  53930.4  ,         0       ,    0    ,    8.01697,  54316053,         1,         0, "Apple M1", "Darwin 25.2.0", "clang 17.0.0 (clang-1700.6.3.2)",          8, 2026-01-30T19:24:46, ok
2026-01-30T18:08:23-fbe5dda4785f, original,  1280,    720,      10,        10,             0,           18,            8,   0,       0,   0, 0.031375, 0       , 0.031375,  53628.8  ,  53628.9  ,         0       ,    0    ,    8.01697,  54338981,         0,         1, "Apple M1", "Darwin 25.2.0", "clang 17.0.0 (clang-1700.6.3.2)",          8, 2026-01-30T19:25:40, ok
2026-01-30T18:08:23-fbe5dda4785f, original,  1280,    720,      10,        10,             0,           18,            8,   0,       0,   0, 0.02875 , 0       , 0.02875 ,  53636.2  ,  53636.2  ,         0       ,    0    ,    8.01697,  54327292,         0,         2, "Apple M1", "Darwin 25.2.0", "clang 17.0.0 (clang-1700.6.3.2)",          8, 2026-01-30T19:26:33, ok
2026-01-30T18:08:23-fbe5dda4785f, bvh     ,  1280,    720,      10,        10,             0,           18,            8,   1,       0,   0, 0.033791, 0.019584, 0.053375,  20150.3  ,  20150.3  ,         0       ,    0    ,    8.01697,  54323858,         1,         0, "Apple M1", "Darwin 25.2.0", "clang 17.0.0 (clang-1700.6.3.2)",          8, 2026-01-30T19:26:54, ok
2026-01-30T18:08:23-fbe5dda4785f, bvh     ,  1280,    720,      10,        10,             0,           18,            8,   1,       0,   0, 0.032209, 0.01025 , 0.042459,  19252.9  ,  19252.9  ,         0       ,    0    ,    8.01697,  54328580,         0,         1, "Apple M1", "Darwin 25.2.0", "clang 17.0.0 (clang-1700.6.3.2)",          8, 2026-01-30T19:27:13, ok
2026-01-30T18:08:23-fbe5dda4785f, bvh     ,  1280,    720,      10,        10,             0,           18,            8,   1,       0,   0, 0.029791, 0.014083, 0.043874,  21521.1  ,  21521.1  ,         0       ,    0    ,    8.01697,  54322285,         0,         2, "Apple M1", "Darwin 25.2.0", "clang 17.0.0 (clang-1700.6.3.2)",          8, 2026-01-30T19:27:34, ok
2026-01-30T18:08:23-fbe5dda4785f, bvh-mt  ,  1280,    720,      10,        10,             0,           18,            8,   1,       1,   0, 0.028125, 0.009708, 0.037833,   6337.29 ,   6337.32 ,         0.1155  ,    0    ,    8.01697,  54307439,         1,         0, "Apple M1", "Darwin 25.2.0", "clang 17.0.0 (clang-1700.6.3.2)",          8, 2026-01-30T19:27:41, ok
2026-01-30T18:08:23-fbe5dda4785f, bvh-mt  ,  1280,    720,      10,        10,             0,           18,            8,   1,       1,   0, 0.008875, 0.013291, 0.022166,   6382.25 ,   6382.27 ,         0.064291,    0    ,    8.01697,  54321458,         0,         1, "Apple M1", "Darwin 25.2.0", "clang 17.0.0 (clang-1700.6.3.2)",          8, 2026-01-30T19:27:47, ok
2026-01-30T18:08:23-fbe5dda4785f, bvh-mt  ,  1280,    720,      10,        10,             0,           18,            8,   1,       1,   0, 0.030959, 0.0165  , 0.047459,   7009.98 ,   7010.03 ,         0.073291,    0    ,    8.01697,  54320018,         0,         2, "Apple M1", "Darwin 25.2.0", "clang 17.0.0 (clang-1700.6.3.2)",          8, 2026-01-30T19:27:54, ok
2026-01-30T18:08:23-fbe5dda4785f, gpu     ,  1280,    720,      10,        10,             0,           18,            0,   0,       0,   1, 0.008916, 0       , 0.008916,   1690.6  ,   1690.6  ,         0       , 1679.87 ,    8.37634,   9216000,         1,         0, "Apple M1", "Darwin 25.2.0", "clang 17.0.0 (clang-1700.6.3.2)",          8, 2026-01-30T19:27:56, ok
2026-01-30T18:08:23-fbe5dda4785f, gpu     ,  1280,    720,      10,        10,             0,           18,            0,   0,       0,   1, 0.079833, 0       , 0.079833,   1668.33 ,   1668.41 ,         0       , 1663.26 ,    8.47009,   9216000,         0,         1, "Apple M1", "Darwin 25.2.0", "clang 17.0.0 (clang-1700.6.3.2)",          8, 2026-01-30T19:27:57, ok
2026-01-30T18:08:23-fbe5dda4785f, gpu     ,  1280,    720,      10,        10,             0,           18,            0,   0,       0,   1, 0.033125, 0       , 0.033125,   1666.3  ,   1666.34 ,         0       , 1662.03 ,    8.47009,   9216000,         0,         2, "Apple M1", "Darwin 25.2.0", "clang 17.0.0 (clang-1700.6.3.2)",          8, 2026-01-30T19:27:59, ok
2026-01-30T18:08:23-fbe5dda4785f, original,  1280,    720,      10,        10,           100,          118,            1,   0,       0,   0, 0.084917, 0       , 0.084917, 107013    , 107013    ,         0       ,    0    ,    8.01697,  55463602,         1,         0, "Apple M1", "Darwin 25.2.0", "clang 17.0.0 (clang-1700.6.3.2)",          8, 2026-01-30T19:29:46, ok
2026-01-30T18:08:23-fbe5dda4785f, original,  1280,    720,      10,        10,           100,          118,            1,   0,       0,   0, 0.053458, 0       , 0.053458, 106998    , 106998    ,         0       ,    0    ,    8.01697,  55464911,         0,         1, "Apple M1", "Darwin 25.2.0", "clang 17.0.0 (clang-1700.6.3.2)",          8, 2026-01-30T19:31:33, ok
2026-01-30T18:08:23-fbe5dda4785f, original,  1280,    720,      10,        10,           100,          118,            1,   0,       0,   0, 0.706708, 0       , 0.706708, 108566    , 108566    ,         0       ,    0    ,    8.01697,  55457769,         0,         2, "Apple M1", "Darwin 25.2.0", "clang 17.0.0 (clang-1700.6.3.2)",          8, 2026-01-30T19:33:22, ok
2026-01-30T18:08:23-fbe5dda4785f, bvh     ,  1280,    720,      10,        10,           100,          118,            1,   1,       0,   0, 0.05125 , 0.063208, 0.114458,  37349.5  ,  37349.6  ,         0       ,    0    ,    8.01697,  55463412,         1,         0, "Apple M1", "Darwin 25.2.0", "clang 17.0.0 (clang-1700.6.3.2)",          8, 2026-01-30T19:33:59, ok
2026-01-30T18:08:23-fbe5dda4785f, bvh     ,  1280,    720,      10,        10,           100,          118,            1,   1,       0,   0, 0.048291, 0.041917, 0.090208,  31742.2  ,  31742.3  ,         0       ,    0    ,    8.01697,  55469789,         0,         1, "Apple M1", "Darwin 25.2.0", "clang 17.0.0 (clang-1700.6.3.2)",          8, 2026-01-30T19:34:31, ok
2026-01-30T18:08:23-fbe5dda4785f, bvh     ,  1280,    720,      10,        10,           100,          118,            1,   1,       0,   0, 0.034791, 0.043917, 0.078708,  31967.8  ,  31967.9  ,         0       ,    0    ,    8.01697,  55457190,         0,         2, "Apple M1", "Darwin 25.2.0", "clang 17.0.0 (clang-1700.6.3.2)",          8, 2026-01-30T19:35:03, ok
2026-01-30T18:08:23-fbe5dda4785f, bvh-mt  ,  1280,    720,      10,        10,           100,          118,            1,   1,       1,   0, 0.037917, 0.0395  , 0.077417,  29134.9  ,  29134.9  ,         0       ,    0    ,    8.01697,  55462618,         1,         0, "Apple M1", "Darwin 25.2.0", "clang 17.0.0 (clang-1700.6.3.2)",          8, 2026-01-30T19:35:32, ok
2026-01-30T18:08:23-fbe5dda4785f, bvh-mt  ,  1280,    720,      10,        10,           100,          118,            1,   1,       1,   0, 0.354417, 0.050791, 0.405208,  37449.9  ,  37450.3  ,         0       ,    0    ,    8.01697,  55444312,         0,         1, "Apple M1", "Darwin 25.2.0", "clang 17.0.0 (clang-1700.6.3.2)",          8, 2026-01-30T19:36:09, ok
2026-01-30T18:08:23-fbe5dda4785f, bvh-mt  ,  1280,    720,      10,        10,           100,          118,            1,   1,       1,   0, 0.031416, 0.037625, 0.069041,  38112.8  ,  38112.8  ,         0       ,    0    ,    8.01697,  55473557,         0,         2, "Apple M1", "Darwin 25.2.0", "clang 17.0.0 (clang-1700.6.3.2)",          8, 2026-01-30T19:36:47, ok
2026-01-30T18:08:23-fbe5dda4785f, gpu     ,  1280,    720,      10,        10,           100,          118,            0,   0,       0,   1, 0.03675 , 0       , 0.03675 ,   3309.71 ,   3309.75 ,         0       , 3292.3  ,    8.37634,   9216000,         1,         0, "Apple M1", "Darwin 25.2.0", "clang 17.0.0 (clang-1700.6.3.2)",          8, 2026-01-30T19:36:51, ok
2026-01-30T18:08:23-fbe5dda4785f, gpu     ,  1280,    720,      10,        10,           100,          118,            0,   0,       0,   1, 0.047292, 0       , 0.047292,   3282.53 ,   3282.57 ,         0       , 3277.83 ,    8.47009,   9216000,         0,         1, "Apple M1", "Darwin 25.2.0", "clang 17.0.0 (clang-1700.6.3.2)",          8, 2026-01-30T19:36:54, ok
2026-01-30T18:08:23-fbe5dda4785f, gpu     ,  1280,    720,      10,        10,           100,          118,            0,   0,       0,   1, 0.058791, 0       , 0.058791,   3282.48 ,   3282.54 ,         0       , 3277.55 ,    8.47009,   9216000,         0,         2, "Apple M1", "Darwin 25.2.0", "clang 17.0.0 (clang-1700.6.3.2)",          8, 2026-01-30T19:36:57, ok
2026-01-30T18:08:23-fbe5dda4785f, original,  1280,    720,      10,        10,           100,          118,            2,   0,       0,   0, 0.064375, 0       , 0.064375, 106647    , 106647    ,         0       ,    0    ,    8.01697,  55470733,         1,         0, "Apple M1", "Darwin 25.2.0", "clang 17.0.0 (clang-1700.6.3.2)",          8, 2026-01-30T19:38:44, ok
2026-01-30T18:08:23-fbe5dda4785f, original,  1280,    720,      10,        10,           100,          118,            2,   0,       0,   0, 0.052209, 0       , 0.052209, 106491    , 106491    ,         0       ,    0    ,    8.01697,  55445953,         0,         1, "Apple M1", "Darwin 25.2.0", "clang 17.0.0 (clang-1700.6.3.2)",          8, 2026-01-30T19:40:30, ok
2026-01-30T18:08:23-fbe5dda4785f, original,  1280,    720,      10,        10,           100,          118,            2,   0,       0,   0, 0.046084, 0       , 0.046084, 106474    , 106474    ,         0       ,    0    ,    8.01697,  55469915,         0,         2, "Apple M1", "Darwin 25.2.0", "clang 17.0.0 (clang-1700.6.3.2)",          8, 2026-01-30T19:42:17, ok
2026-01-30T18:08:23-fbe5dda4785f, bvh     ,  1280,    720,      10,        10,           100,          118,            2,   1,       0,   0, 0.047   , 0.056708, 0.103708,  39829.4  ,  39829.5  ,         0       ,    0    ,    8.01697,  55454913,         1,         0, "Apple M1", "Darwin 25.2.0", "clang 17.0.0 (clang-1700.6.3.2)",          8, 2026-01-30T19:42:57, ok
2026-01-30T18:08:23-fbe5dda4785f, bvh     ,  1280,    720,      10,        10,           100,          118,            2,   1,       0,   0, 0.056792, 0.045125, 0.101917,  38139.9  ,  38140    ,         0       ,    0    ,    8.01697,  55470711,         0,         1, "Apple M1", "Darwin 25.2.0", "clang 17.0.0 (clang-1700.6.3.2)",          8, 2026-01-30T19:43:35, ok
2026-01-30T18:08:23-fbe5dda4785f, bvh     ,  1280,    720,      10,        10,           100,          118,            2,   1,       0,   0, 0.029334, 0.038708, 0.068042,  37592.8  ,  37592.9  ,         0       ,    0    ,    8.01697,  55455932,         0,         2, "Apple M1", "Darwin 25.2.0", "clang 17.0.0 (clang-1700.6.3.2)",          8, 2026-01-30T19:44:13, ok
2026-01-30T18:08:23-fbe5dda4785f, bvh-mt  ,  1280,    720,      10,        10,           100,          118,            2,   1,       1,   0, 0.035792, 0.04325 , 0.079042,  16692.3  ,  16692.4  ,         0.042125,    0    ,    8.01697,  55449190,         1,         0, "Apple M1", "Darwin 25.2.0", "clang 17.0.0 (clang-1700.6.3.2)",          8, 2026-01-30T19:44:29, ok
2026-01-30T18:08:23-fbe5dda4785f, bvh-mt  ,  1280,    720,      10,        10,           100,          118,            2,   1,       1,   0, 0.035541, 0.055542, 0.091083,  16733.8  ,  16733.9  ,         0.021417,    0    ,    8.01697,  55479338,         0,         1, "Apple M1", "Darwin 25.2.0", "clang 17.0.0 (clang-1700.6.3.2)",          8, 2026-01-30T19:44:46, ok
2026-01-30T18:08:23-fbe5dda4785f, bvh-mt  ,  1280,    720,      10,        10,           100,          118,            2,   1,       1,   0, 0.012   , 0.046291, 0.058291,  18034    ,  18034    ,         0.019166,    0    ,    8.01697,  55467252,         0,         2, "Apple M1", "Darwin 25.2.0", "clang 17.0.0 (clang-1700.6.3.2)",          8, 2026-01-30T19:45:04, ok
2026-01-30T18:08:23-fbe5dda4785f, gpu     ,  1280,    720,      10,        10,           100,          118,            0,   0,       0,   1, 0.037292, 0       , 0.037292,   3301.36 ,   3301.39 ,         0       , 3293.45 ,    8.37634,   9216000,         1,         0, "Apple M1", "Darwin 25.2.0", "clang 17.0.0 (clang-1700.6.3.2)",          8, 2026-01-30T19:45:07, ok
2026-01-30T18:08:23-fbe5dda4785f, gpu     ,  1280,    720,      10,        10,           100,          118,            0,   0,       0,   1, 0.045875, 0       , 0.045875,   3278.33 ,   3278.38 ,         0       , 3274.73 ,    8.51697,   9216000,         0,         1, "Apple M1", "Darwin 25.2.0", "clang 17.0.0 (clang-1700.6.3.2)",          8, 2026-01-30T19:45:11, ok
2026-01-30T18:08:23-fbe5dda4785f, gpu     ,  1280,    720,      10,        10,           100,          118,            0,   0,       0,   1, 0.028   , 0       , 0.028   ,   3283.39 ,   3283.42 ,         0       , 3280.64 ,    8.48572,   9216000,         0,         2, "Apple M1", "Darwin 25.2.0", "clang 17.0.0 (clang-1700.6.3.2)",          8, 2026-01-30T19:45:14, ok
2026-01-30T18:08:23-fbe5dda4785f, original,  1280,    720,      10,        10,           100,          118,            3,   0,       0,   0, 0.044459, 0       , 0.044459, 106861    , 106861    ,         0       ,    0    ,    8.01697,  55457570,         1,         0, "Apple M1", "Darwin 25.2.0", "clang 17.0.0 (clang-1700.6.3.2)",          8, 2026-01-30T19:47:01, ok
2026-01-30T18:08:23-fbe5dda4785f, original,  1280,    720,      10,        10,           100,          118,            3,   0,       0,   0, 0.049167, 0       , 0.049167, 106695    , 106695    ,         0       ,    0    ,    8.01697,  55449639,         0,         1, "Apple M1", "Darwin 25.2.0", "clang 17.0.0 (clang-1700.6.3.2)",          8, 2026-01-30T19:48:47, ok
2026-01-30T18:08:23-fbe5dda4785f, original,  1280,    720,      10,        10,           100,          118,            3,   0,       0,   0, 0.030625, 0       , 0.030625, 106534    , 106534    ,         0       ,    0    ,    8.01697,  55457015,         0,         2, "Apple M1", "Darwin 25.2.0", "clang 17.0.0 (clang-1700.6.3.2)",          8, 2026-01-30T19:50:34, ok
2026-01-30T18:08:23-fbe5dda4785f, bvh     ,  1280,    720,      10,        10,           100,          118,            3,   1,       0,   0, 0.033541, 0.050917, 0.084458,  33783    ,  33783.1  ,         0       ,    0    ,    8.01697,  55466451,         1,         0, "Apple M1", "Darwin 25.2.0", "clang 17.0.0 (clang-1700.6.3.2)",          8, 2026-01-30T19:51:08, ok
2026-01-30T18:08:23-fbe5dda4785f, bvh     ,  1280,    720,      10,        10,           100,          118,            3,   1,       0,   0, 0.053708, 0.042292, 0.096   ,  36590.8  ,  36590.9  ,         0       ,    0    ,    8.01697,  55444379,         0,         1, "Apple M1", "Darwin 25.2.0", "clang 17.0.0 (clang-1700.6.3.2)",          8, 2026-01-30T19:51:44, ok
2026-01-30T18:08:23-fbe5dda4785f, bvh     ,  1280,    720,      10,        10,           100,          118,            3,   1,       0,   0, 0.036542, 0.041791, 0.078333,  34559.7  ,  34559.8  ,         0       ,    0    ,    8.01697,  55468927,         0,         2, "Apple M1", "Darwin 25.2.0", "clang 17.0.0 (clang-1700.6.3.2)",          8, 2026-01-30T19:52:19, ok
2026-01-30T18:08:23-fbe5dda4785f, bvh-mt  ,  1280,    720,      10,        10,           100,          118,            3,   1,       1,   0, 0.031208, 0.04725 , 0.078458,  14395.9  ,  14396    ,         0.042166,    0    ,    8.01697,  55466077,         1,         0, "Apple M1", "Darwin 25.2.0", "clang 17.0.0 (clang-1700.6.3.2)",          8, 2026-01-30T19:52:33, ok
2026-01-30T18:08:23-fbe5dda4785f, bvh-mt  ,  1280,    720,      10,        10,           100,          118,            3,   1,       1,   0, 0.039292, 0.04475 , 0.084042,  18282.5  ,  18282.6  ,         0.033083,    0    ,    8.01697,  55453989,         0,         1, "Apple M1", "Darwin 25.2.0", "clang 17.0.0 (clang-1700.6.3.2)",          8, 2026-01-30T19:52:52, ok
2026-01-30T18:08:23-fbe5dda4785f, bvh-mt  ,  1280,    720,      10,        10,           100,          118,            3,   1,       1,   0, 0.038875, 0.047375, 0.08625 ,  16767.1  ,  16767.1  ,         0.026333,    0    ,    8.01697,  55454893,         0,         2, "Apple M1", "Darwin 25.2.0", "clang 17.0.0 (clang-1700.6.3.2)",          8, 2026-01-30T19:53:08, ok
2026-01-30T18:08:23-fbe5dda4785f, gpu     ,  1280,    720,      10,        10,           100,          118,            0,   0,       0,   1, 0.034042, 0       , 0.034042,   3307.93 ,   3307.96 ,         0       , 3290.86 ,    8.37634,   9216000,         1,         0, "Apple M1", "Darwin 25.2.0", "clang 17.0.0 (clang-1700.6.3.2)",          8, 2026-01-30T19:53:12, ok
2026-01-30T18:08:23-fbe5dda4785f, gpu     ,  1280,    720,      10,        10,           100,          118,            0,   0,       0,   1, 0.056792, 0       , 0.056792,   3287.88 ,   3287.94 ,         0       , 3283.96 ,    8.47009,   9216000,         0,         1, "Apple M1", "Darwin 25.2.0", "clang 17.0.0 (clang-1700.6.3.2)",          8, 2026-01-30T19:53:15, ok
2026-01-30T18:08:23-fbe5dda4785f, gpu     ,  1280,    720,      10,        10,           100,          118,            0,   0,       0,   1, 0.02725 , 0       , 0.02725 ,   3285.31 ,   3285.33 ,         0       , 3281.68 ,    8.47009,   9216000,         0,         2, "Apple M1", "Darwin 25.2.0", "clang 17.0.0 (clang-1700.6.3.2)",          8, 2026-01-30T19:53:18, ok
2026-01-30T18:08:23-fbe5dda4785f, original,  1280,    720,      10,        10,           100,          118,            4,   0,       0,   0, 0.059834, 0       , 0.059834, 106961    , 106961    ,         0       ,    0    ,    8.01697,  55456303,         1,         0, "Apple M1", "Darwin 25.2.0", "clang 17.0.0 (clang-1700.6.3.2)",          8, 2026-01-30T19:55:05, ok
2026-01-30T18:08:23-fbe5dda4785f, original,  1280,    720,      10,        10,           100,          118,            4,   0,       0,   0, 0.036583, 0       , 0.036583, 106581    , 106581    ,         0       ,    0    ,    8.01697,  55467003,         0,         1, "Apple M1", "Darwin 25.2.0", "clang 17.0.0 (clang-1700.6.3.2)",          8, 2026-01-30T19:56:52, ok
2026-01-30T18:08:23-fbe5dda4785f, original,  1280,    720,      10,        10,           100,          118,            4,   0,       0,   0, 0.03025 , 0       , 0.03025 , 106737    , 106737    ,         0       ,    0    ,    8.01697,  55487708,         0,         2, "Apple M1", "Darwin 25.2.0", "clang 17.0.0 (clang-1700.6.3.2)",          8, 2026-01-30T19:58:39, ok
2026-01-30T18:08:23-fbe5dda4785f, bvh     ,  1280,    720,      10,        10,           100,          118,            4,   1,       0,   0, 0.086958, 0.092875, 0.179833,  33120.2  ,  33120.4  ,         0       ,    0    ,    8.01697,  55458613,         1,         0, "Apple M1", "Darwin 25.2.0", "clang 17.0.0 (clang-1700.6.3.2)",          8, 2026-01-30T19:59:12, ok
2026-01-30T18:08:23-fbe5dda4785f, bvh     ,  1280,    720,      10,        10,           100,          118,            4,   1,       0,   0, 0.043041, 0.043375, 0.086416,  36410.6  ,  36410.6  ,         0       ,    0    ,    8.01697,  55461401,         0,         1, "Apple M1", "Darwin 25.2.0", "clang 17.0.0 (clang-1700.6.3.2)",          8, 2026-01-30T19:59:48, ok
2026-01-30T18:08:23-fbe5dda4785f, bvh     ,  1280,    720,      10,        10,           100,          118,            4,   1,       0,   0, 0.045333, 0.046   , 0.091333,  38329.4  ,  38329.5  ,         0       ,    0    ,    8.01697,  55473012,         0,         2, "Apple M1", "Darwin 25.2.0", "clang 17.0.0 (clang-1700.6.3.2)",          8, 2026-01-30T20:00:26, ok
2026-01-30T18:08:23-fbe5dda4785f, bvh-mt  ,  1280,    720,      10,        10,           100,          118,            4,   1,       1,   0, 0.041333, 0.044667, 0.086   ,  12838.3  ,  12838.4  ,         0.070125,    0    ,    8.01697,  55477792,         1,         0, "Apple M1", "Darwin 25.2.0", "clang 17.0.0 (clang-1700.6.3.2)",          8, 2026-01-30T20:00:39, ok
2026-01-30T18:08:23-fbe5dda4785f, bvh-mt  ,  1280,    720,      10,        10,           100,          118,            4,   1,       1,   0, 0.037583, 0.049583, 0.087166,  13304.6  ,  13304.7  ,         0.037333,    0    ,    8.01697,  55459937,         0,         1, "Apple M1", "Darwin 25.2.0", "clang 17.0.0 (clang-1700.6.3.2)",          8, 2026-01-30T20:00:53, ok
2026-01-30T18:08:23-fbe5dda4785f, bvh-mt  ,  1280,    720,      10,        10,           100,          118,            4,   1,       1,   0, 0.0305  , 0.039458, 0.069958,  11885    ,  11885.1  ,         0.035   ,    0    ,    8.01697,  55453343,         0,         2, "Apple M1", "Darwin 25.2.0", "clang 17.0.0 (clang-1700.6.3.2)",          8, 2026-01-30T20:01:04, ok
2026-01-30T18:08:23-fbe5dda4785f, gpu     ,  1280,    720,      10,        10,           100,          118,            0,   0,       0,   1, 0.030583, 0       , 0.030583,   3312.27 ,   3312.3  ,         0       , 3296.58 ,    8.37634,   9216000,         1,         0, "Apple M1", "Darwin 25.2.0", "clang 17.0.0 (clang-1700.6.3.2)",          8, 2026-01-30T20:01:08, ok
2026-01-30T18:08:23-fbe5dda4785f, gpu     ,  1280,    720,      10,        10,           100,          118,            0,   0,       0,   1, 0.060375, 0       , 0.060375,   3291.76 ,   3291.82 ,         0       , 3286.06 ,    8.47009,   9216000,         0,         1, "Apple M1", "Darwin 25.2.0", "clang 17.0.0 (clang-1700.6.3.2)",          8, 2026-01-30T20:01:11, ok
2026-01-30T18:08:23-fbe5dda4785f, gpu     ,  1280,    720,      10,        10,           100,          118,            0,   0,       0,   1, 0.074166, 0       , 0.074166,   3374.57 ,   3374.64 ,         0       , 3368.69 ,    8.47009,   9216000,         0,         2, "Apple M1", "Darwin 25.2.0", "clang 17.0.0 (clang-1700.6.3.2)",          8, 2026-01-30T20:01:14, ok
2026-01-30T18:08:23-fbe5dda4785f, original,  1280,    720,      10,        10,           100,          118,            5,   0,       0,   0, 0.067333, 0       , 0.067333, 108394    , 108394    ,         0       ,    0    ,    8.01697,  55447588,         1,         0, "Apple M1", "Darwin 25.2.0", "clang 17.0.0 (clang-1700.6.3.2)",          8, 2026-01-30T20:03:03, ok
2026-01-30T18:08:23-fbe5dda4785f, original,  1280,    720,      10,        10,           100,          118,            5,   0,       0,   0, 0.057666, 0       , 0.057666, 106687    , 106687    ,         0       ,    0    ,    8.01697,  55457688,         0,         1, "Apple M1", "Darwin 25.2.0", "clang 17.0.0 (clang-1700.6.3.2)",          8, 2026-01-30T20:04:49, ok
2026-01-30T18:08:23-fbe5dda4785f, original,  1280,    720,      10,        10,           100,          118,            5,   0,       0,   0, 0.05425 , 0       , 0.05425 , 106727    , 106727    ,         0       ,    0    ,    8.01697,  55473699,         0,         2, "Apple M1", "Darwin 25.2.0", "clang 17.0.0 (clang-1700.6.3.2)",          8, 2026-01-30T20:06:36, ok
2026-01-30T18:08:23-fbe5dda4785f, bvh     ,  1280,    720,      10,        10,           100,          118,            5,   1,       0,   0, 0.047625, 0.647625, 0.69525 ,  35381.3  ,  35382    ,         0       ,    0    ,    8.01697,  55459486,         1,         0, "Apple M1", "Darwin 25.2.0", "clang 17.0.0 (clang-1700.6.3.2)",          8, 2026-01-30T20:07:12, ok
2026-01-30T18:08:23-fbe5dda4785f, bvh     ,  1280,    720,      10,        10,           100,          118,            5,   1,       0,   0, 0.047416, 0.044167, 0.091583,  37987.5  ,  37987.6  ,         0       ,    0    ,    8.01697,  55451009,         0,         1, "Apple M1", "Darwin 25.2.0", "clang 17.0.0 (clang-1700.6.3.2)",          8, 2026-01-30T20:07:50, ok
2026-01-30T18:08:23-fbe5dda4785f, bvh     ,  1280,    720,      10,        10,           100,          118,            5,   1,       0,   0, 0.043167, 0.041708, 0.084875,  29918.7  ,  29918.8  ,         0       ,    0    ,    8.01697,  55456065,         0,         2, "Apple M1", "Darwin 25.2.0", "clang 17.0.0 (clang-1700.6.3.2)",          8, 2026-01-30T20:08:20, ok
2026-01-30T18:08:23-fbe5dda4785f, bvh-mt  ,  1280,    720,      10,        10,           100,          118,            5,   1,       1,   0, 0.045833, 0.05025 , 0.096083,   9895.98 ,   9896.08 ,         0.073416,    0    ,    8.01697,  55471329,         1,         0, "Apple M1", "Darwin 25.2.0", "clang 17.0.0 (clang-1700.6.3.2)",          8, 2026-01-30T20:08:29, ok
2026-01-30T18:08:23-fbe5dda4785f, bvh-mt  ,  1280,    720,      10,        10,           100,          118,            5,   1,       1,   0, 0.020875, 0.04375 , 0.064625,  13147.4  ,  13147.4  ,         0.042125,    0    ,    8.01697,  55486167,         0,         1, "Apple M1", "Darwin 25.2.0", "clang 17.0.0 (clang-1700.6.3.2)",          8, 2026-01-30T20:08:43, ok
2026-01-30T18:08:23-fbe5dda4785f, bvh-mt  ,  1280,    720,      10,        10,           100,          118,            5,   1,       1,   0, 0.013708, 0.04625 , 0.059958,  12645.7  ,  12645.8  ,         0.054375,    0    ,    8.01697,  55451246,         0,         2, "Apple M1", "Darwin 25.2.0", "clang 17.0.0 (clang-1700.6.3.2)",          8, 2026-01-30T20:08:55, ok
2026-01-30T18:08:23-fbe5dda4785f, gpu     ,  1280,    720,      10,        10,           100,          118,            0,   0,       0,   1, 0.031209, 0       , 0.031209,   3309.01 ,   3309.04 ,         0       , 3292.49 ,    8.42322,   9216000,         1,         0, "Apple M1", "Darwin 25.2.0", "clang 17.0.0 (clang-1700.6.3.2)",          8, 2026-01-30T20:08:59, ok
2026-01-30T18:08:23-fbe5dda4785f, gpu     ,  1280,    720,      10,        10,           100,          118,            0,   0,       0,   1, 0.066459, 0       , 0.066459,   3292.9  ,   3292.96 ,         0       , 3287.83 ,    8.48572,   9216000,         0,         1, "Apple M1", "Darwin 25.2.0", "clang 17.0.0 (clang-1700.6.3.2)",          8, 2026-01-30T20:09:02, ok
2026-01-30T18:08:23-fbe5dda4785f, gpu     ,  1280,    720,      10,        10,           100,          118,            0,   0,       0,   1, 0.059   , 0       , 0.059   ,   3287.57 ,   3287.62 ,         0       , 3283.02 ,    8.51697,   9216000,         0,         2, "Apple M1", "Darwin 25.2.0", "clang 17.0.0 (clang-1700.6.3.2)",          8, 2026-01-30T20:09:05, ok
2026-01-30T18:08:23-fbe5dda4785f, original,  1280,    720,      10,        10,           100,          118,            6,   0,       0,   0, 0.039792, 0       , 0.039792, 107305    , 107305    ,         0       ,    0    ,    8.00134,  55480859,         1,         0, "Apple M1", "Darwin 25.2.0", "clang 17.0.0 (clang-1700.6.3.2)",          8, 2026-01-30T20:10:52, ok
2026-01-30T18:08:23-fbe5dda4785f, original,  1280,    720,      10,        10,           100,          118,            6,   0,       0,   0, 0.051875, 0       , 0.051875, 106637    , 106637    ,         0       ,    0    ,    8.00134,  55460832,         0,         1, "Apple M1", "Darwin 25.2.0", "clang 17.0.0 (clang-1700.6.3.2)",          8, 2026-01-30T20:12:39, ok
2026-01-30T18:08:23-fbe5dda4785f, original,  1280,    720,      10,        10,           100,          118,            6,   0,       0,   0, 0.032375, 0       , 0.032375, 106579    , 106579    ,         0       ,    0    ,    8.00134,  55487995,         0,         2, "Apple M1", "Darwin 25.2.0", "clang 17.0.0 (clang-1700.6.3.2)",          8, 2026-01-30T20:14:26, ok
2026-01-30T18:08:23-fbe5dda4785f, bvh     ,  1280,    720,      10,        10,           100,          118,            6,   1,       0,   0, 0.039958, 0.054917, 0.094875,  33708.8  ,  33708.9  ,         0       ,    0    ,    8.00134,  55464842,         1,         0, "Apple M1", "Darwin 25.2.0", "clang 17.0.0 (clang-1700.6.3.2)",          8, 2026-01-30T20:14:59, ok
2026-01-30T18:08:23-fbe5dda4785f, bvh     ,  1280,    720,      10,        10,           100,          118,            6,   1,       0,   0, 0.044375, 0.036333, 0.080708,  36670.2  ,  36670.2  ,         0       ,    0    ,    8.00134,  55465315,         0,         1, "Apple M1", "Darwin 25.2.0", "clang 17.0.0 (clang-1700.6.3.2)",          8, 2026-01-30T20:15:36, ok
2026-01-30T18:08:23-fbe5dda4785f, bvh     ,  1280,    720,      10,        10,           100,          118,            6,   1,       0,   0, 0.042917, 0.046666, 0.089583,  34535.1  ,  34535.2  ,         0       ,    0    ,    8.00134,  55454684,         0,         2, "Apple M1", "Darwin 25.2.0", "clang 17.0.0 (clang-1700.6.3.2)",          8, 2026-01-30T20:16:11, ok
2026-01-30T18:08:23-fbe5dda4785f, bvh-mt  ,  1280,    720,      10,        10,           100,          118,            6,   1,       1,   0, 0.036375, 0.047375, 0.08375 ,  10249.5  ,  10249.6  ,         0.092541,    0    ,    8.00134,  55464523,         1,         0, "Apple M1", "Darwin 25.2.0", "clang 17.0.0 (clang-1700.6.3.2)",          8, 2026-01-30T20:16:21, ok
2026-01-30T18:08:23-fbe5dda4785f, bvh-mt  ,  1280,    720,      10,        10,           100,          118,            6,   1,       1,   0, 0.012125, 0.047833, 0.059958,   9719.06 ,   9719.12 ,         0.0605  ,    0    ,    8.00134,  55446642,         0,         1, "Apple M1", "Darwin 25.2.0", "clang 17.0.0 (clang-1700.6.3.2)",          8, 2026-01-30T20:16:31, ok
2026-01-30T18:08:23-fbe5dda4785f, bvh-mt  ,  1280,    720,      10,        10,           100,          118,            6,   1,       1,   0, 0.032584, 0.056417, 0.089001,  10855.3  ,  10855.4  ,         0.063416,    0    ,    8.00134,  55457064,         0,         2, "Apple M1", "Darwin 25.2.0", "clang 17.0.0 (clang-1700.6.3.2)",          8, 2026-01-30T20:16:41, ok
2026-01-30T18:08:23-fbe5dda4785f, gpu     ,  1280,    720,      10,        10,           100,          118,            0,   0,       0,   1, 0.020084, 0       , 0.020084,   3303.9  ,   3303.92 ,         0       , 3294.8  ,    8.36072,   9216000,         1,         0, "Apple M1", "Darwin 25.2.0", "clang 17.0.0 (clang-1700.6.3.2)",          8, 2026-01-30T20:16:45, ok
2026-01-30T18:08:23-fbe5dda4785f, gpu     ,  1280,    720,      10,        10,           100,          118,            0,   0,       0,   1, 0.08025 , 0       , 0.08025 ,   3288.27 ,   3288.35 ,         0       , 3283.52 ,    8.45447,   9216000,         0,         1, "Apple M1", "Darwin 25.2.0", "clang 17.0.0 (clang-1700.6.3.2)",          8, 2026-01-30T20:16:48, ok
2026-01-30T18:08:23-fbe5dda4785f, gpu     ,  1280,    720,      10,        10,           100,          118,            0,   0,       0,   1, 0.05825 , 0       , 0.05825 ,   3284.71 ,   3284.77 ,         0       , 3279.99 ,    8.45447,   9216000,         0,         2, "Apple M1", "Darwin 25.2.0", "clang 17.0.0 (clang-1700.6.3.2)",          8, 2026-01-30T20:16:51, ok
2026-01-30T18:08:23-fbe5dda4785f, original,  1280,    720,      10,        10,           100,          118,            7,   0,       0,   0, 0.048333, 0       , 0.048333, 107008    , 107008    ,         0       ,    0    ,    8.00134,  55464784,         1,         0, "Apple M1", "Darwin 25.2.0", "clang 17.0.0 (clang-1700.6.3.2)",          8, 2026-01-30T20:18:38, ok
2026-01-30T18:08:23-fbe5dda4785f, original,  1280,    720,      10,        10,           100,          118,            7,   0,       0,   0, 0.05975 , 0       , 0.05975 , 106632    , 106632    ,         0       ,    0    ,    8.00134,  55454411,         0,         1, "Apple M1", "Darwin 25.2.0", "clang 17.0.0 (clang-1700.6.3.2)",          8, 2026-01-30T20:20:25, ok
2026-01-30T18:08:23-fbe5dda4785f, original,  1280,    720,      10,        10,           100,          118,            7,   0,       0,   0, 0.046125, 0       , 0.046125, 106972    , 106972    ,         0       ,    0    ,    8.00134,  55470467,         0,         2, "Apple M1", "Darwin 25.2.0", "clang 17.0.0 (clang-1700.6.3.2)",          8, 2026-01-30T20:22:12, ok
2026-01-30T18:08:23-fbe5dda4785f, bvh     ,  1280,    720,      10,        10,           100,          118,            7,   1,       0,   0, 0.040416, 0.550333, 0.590749,  36593.9  ,  36594.5  ,         0       ,    0    ,    8.00134,  55463252,         1,         0, "Apple M1", "Darwin 25.2.0", "clang 17.0.0 (clang-1700.6.3.2)",          8, 2026-01-30T20:22:49, ok
2026-01-30T18:08:23-fbe5dda4785f, bvh     ,  1280,    720,      10,        10,           100,          118,            7,   1,       0,   0, 0.038666, 0.036958, 0.075624,  34524.4  ,  34524.5  ,         0       ,    0    ,    8.00134,  55450094,         0,         1, "Apple M1", "Darwin 25.2.0", "clang 17.0.0 (clang-1700.6.3.2)",          8, 2026-01-30T20:23:23, ok
2026-01-30T18:08:23-fbe5dda4785f, bvh     ,  1280,    720,      10,        10,           100,          118,            7,   1,       0,   0, 0.032   , 0.050833, 0.082833,  30086.5  ,  30086.5  ,         0       ,    0    ,    8.00134,  55469329,         0,         2, "Apple M1", "Darwin 25.2.0", "clang 17.0.0 (clang-1700.6.3.2)",          8, 2026-01-30T20:23:53, ok
2026-01-30T18:08:23-fbe5dda4785f, bvh-mt  ,  1280,    720,      10,        10,           100,          118,            7,   1,       1,   0, 0.034292, 0.0335  , 0.067792,  11373.6  ,  11373.7  ,         0.075792,    0    ,    8.00134,  55454139,         1,         0, "Apple M1", "Darwin 25.2.0", "clang 17.0.0 (clang-1700.6.3.2)",          8, 2026-01-30T20:24:04, ok
2026-01-30T18:08:23-fbe5dda4785f, bvh-mt  ,  1280,    720,      10,        10,           100,          118,            7,   1,       1,   0, 0.04275 , 0.05425 , 0.097   ,  12187.1  ,  12187.2  ,         0.069167,    0    ,    8.00134,  55458220,         0,         1, "Apple M1", "Darwin 25.2.0", "clang 17.0.0 (clang-1700.6.3.2)",          8, 2026-01-30T20:24:17, ok
2026-01-30T18:08:23-fbe5dda4785f, bvh-mt  ,  1280,    720,      10,        10,           100,          118,            7,   1,       1,   0, 0.037792, 0.0455  , 0.083292,  10952.2  ,  10952.3  ,         0.072833,    0    ,    8.00134,  55444822,         0,         2, "Apple M1", "Darwin 25.2.0", "clang 17.0.0 (clang-1700.6.3.2)",          8, 2026-01-30T20:24:28, ok
2026-01-30T18:08:23-fbe5dda4785f, gpu     ,  1280,    720,      10,        10,           100,          118,            0,   0,       0,   1, 0.045416, 0       , 0.045416,   3321.71 ,   3321.76 ,         0       , 3298.9  ,    8.40759,   9216000,         1,         0, "Apple M1", "Darwin 25.2.0", "clang 17.0.0 (clang-1700.6.3.2)",          8, 2026-01-30T20:24:31, ok
2026-01-30T18:08:23-fbe5dda4785f, gpu     ,  1280,    720,      10,        10,           100,          118,            0,   0,       0,   1, 0.083208, 0       , 0.083208,   3293.96 ,   3294.05 ,         0       , 3290.26 ,    8.51697,   9216000,         0,         1, "Apple M1", "Darwin 25.2.0", "clang 17.0.0 (clang-1700.6.3.2)",          8, 2026-01-30T20:24:34, ok
2026-01-30T18:08:23-fbe5dda4785f, gpu     ,  1280,    720,      10,        10,           100,          118,            0,   0,       0,   1, 0.044792, 0       , 0.044792,   3291.83 ,   3291.87 ,         0       , 3286.06 ,    8.47009,   9216000,         0,         2, "Apple M1", "Darwin 25.2.0", "clang 17.0.0 (clang-1700.6.3.2)",          8, 2026-01-30T20:24:38, ok
2026-01-30T18:08:23-fbe5dda4785f, original,  1280,    720,      10,        10,           100,          118,            8,   0,       0,   0, 0.062458, 0       , 0.062458, 107496    , 107496    ,         0       ,    0    ,    8.00134,  55460231,         1,         0, "Apple M1", "Darwin 25.2.0", "clang 17.0.0 (clang-1700.6.3.2)",          8, 2026-01-30T20:26:25, ok
2026-01-30T18:08:23-fbe5dda4785f, original,  1280,    720,      10,        10,           100,          118,            8,   0,       0,   0, 0.058584, 0       , 0.058584, 106716    , 106716    ,         0       ,    0    ,    8.00134,  55477589,         0,         1, "Apple M1", "Darwin 25.2.0", "clang 17.0.0 (clang-1700.6.3.2)",          8, 2026-01-30T20:28:12, ok
2026-01-30T18:08:23-fbe5dda4785f, original,  1280,    720,      10,        10,           100,          118,            8,   0,       0,   0, 0.0485  , 0       , 0.0485  , 106787    , 106787    ,         0       ,    0    ,    8.00134,  55482518,         0,         2, "Apple M1", "Darwin 25.2.0", "clang 17.0.0 (clang-1700.6.3.2)",          8, 2026-01-30T20:29:59, ok
2026-01-30T18:08:23-fbe5dda4785f, bvh     ,  1280,    720,      10,        10,           100,          118,            8,   1,       0,   0, 0.038209, 0.058959, 0.097168,  37193.4  ,  37193.5  ,         0       ,    0    ,    8.00134,  55471054,         1,         0, "Apple M1", "Darwin 25.2.0", "clang 17.0.0 (clang-1700.6.3.2)",          8, 2026-01-30T20:30:36, ok
2026-01-30T18:08:23-fbe5dda4785f, bvh     ,  1280,    720,      10,        10,           100,          118,            8,   1,       0,   0, 0.03675 , 0.033667, 0.070417,  36324.1  ,  36324.1  ,         0       ,    0    ,    8.00134,  55460370,         0,         1, "Apple M1", "Darwin 25.2.0", "clang 17.0.0 (clang-1700.6.3.2)",          8, 2026-01-30T20:31:12, ok
2026-01-30T18:08:23-fbe5dda4785f, bvh     ,  1280,    720,      10,        10,           100,          118,            8,   1,       0,   0, 0.028542, 0.043875, 0.072417,  35170.3  ,  35170.3  ,         0       ,    0    ,    8.00134,  55476341,         0,         2, "Apple M1", "Darwin 25.2.0", "clang 17.0.0 (clang-1700.6.3.2)",          8, 2026-01-30T20:31:47, ok
2026-01-30T18:08:23-fbe5dda4785f, bvh-mt  ,  1280,    720,      10,        10,           100,          118,            8,   1,       1,   0, 0.040166, 0.046792, 0.086958,   9339.7  ,   9339.79 ,         0.08225 ,    0    ,    8.00134,  55468259,         1,         0, "Apple M1", "Darwin 25.2.0", "clang 17.0.0 (clang-1700.6.3.2)",          8, 2026-01-30T20:31:57, ok
2026-01-30T18:08:23-fbe5dda4785f, bvh-mt  ,  1280,    720,      10,        10,           100,          118,            8,   1,       1,   0, 0.029542, 0.044334, 0.073876,  11325.9  ,  11325.9  ,         0.08525 ,    0    ,    8.00134,  55454343,         0,         1, "Apple M1", "Darwin 25.2.0", "clang 17.0.0 (clang-1700.6.3.2)",          8, 2026-01-30T20:32:08, ok
2026-01-30T18:08:23-fbe5dda4785f, bvh-mt  ,  1280,    720,      10,        10,           100,          118,            8,   1,       1,   0, 0.016208, 0.044333, 0.060541,  11216.7  ,  11216.8  ,         0.079625,    0    ,    8.00134,  55459485,         0,         2, "Apple M1", "Darwin 25.2.0", "clang 17.0.0 (clang-1700.6.3.2)",          8, 2026-01-30T20:32:19, ok
2026-01-30T18:08:23-fbe5dda4785f, gpu     ,  1280,    720,      10,        10,           100,          118,            0,   0,       0,   1, 0.049959, 0       , 0.049959,   3308.32 ,   3308.37 ,         0       , 3300.67 ,    8.40759,   9216000,         1,         0, "Apple M1", "Darwin 25.2.0", "clang 17.0.0 (clang-1700.6.3.2)",          8, 2026-01-30T20:32:22, ok
2026-01-30T18:08:23-fbe5dda4785f, gpu     ,  1280,    720,      10,        10,           100,          118,            0,   0,       0,   1, 0.065083, 0       , 0.065083,   3282.53 ,   3282.59 ,         0       , 3278.63 ,    8.51697,   9216000,         0,         1, "Apple M1", "Darwin 25.2.0", "clang 17.0.0 (clang-1700.6.3.2)",          8, 2026-01-30T20:32:26, ok
2026-01-30T18:08:23-fbe5dda4785f, gpu     ,  1280,    720,      10,        10,           100,          118,            0,   0,       0,   1, 0.064375, 0       , 0.064375,   3289.97 ,   3290.03 ,         0       , 3285.7  ,    8.47009,   9216000,         0,         2, "Apple M1", "Darwin 25.2.0", "clang 17.0.0 (clang-1700.6.3.2)",          8, 2026-01-30T20:32:29, ok
2026-01-30T18:08:23-fbe5dda4785f, original,  1280,    720,      10,        20,             0,           18,            1,   0,       0,   0, 0.008375, 0       , 0.008375,  73694.4  ,  73694.4  ,         0       ,    0    ,    7.97009,  69136766,         1,         0, "Apple M1", "Darwin 25.2.0", "clang 17.0.0 (clang-1700.6.3.2)",          8, 2026-01-30T20:33:43, ok
2026-01-30T18:08:23-fbe5dda4785f, original,  1280,    720,      10,        20,             0,           18,            1,   0,       0,   0, 0.04625 , 0       , 0.04625 ,  72956    ,  72956    ,         0       ,    0    ,    7.97009,  69140817,         0,         1, "Apple M1", "Darwin 25.2.0", "clang 17.0.0 (clang-1700.6.3.2)",          8, 2026-01-30T20:34:56, ok
2026-01-30T18:08:23-fbe5dda4785f, original,  1280,    720,      10,        20,             0,           18,            1,   0,       0,   0, 0.026708, 0       , 0.026708,  72851.1  ,  72851.1  ,         0       ,    0    ,    7.97009,  69175099,         0,         2, "Apple M1", "Darwin 25.2.0", "clang 17.0.0 (clang-1700.6.3.2)",          8, 2026-01-30T20:36:09, ok
2026-01-30T18:08:23-fbe5dda4785f, bvh     ,  1280,    720,      10,        20,             0,           18,            1,   1,       0,   0, 0.024667, 0.509958, 0.534625,  30127.1  ,  30127.7  ,         0       ,    0    ,    7.97009,  69166162,         1,         0, "Apple M1", "Darwin 25.2.0", "clang 17.0.0 (clang-1700.6.3.2)",          8, 2026-01-30T20:36:39, ok
2026-01-30T18:08:23-fbe5dda4785f, bvh     ,  1280,    720,      10,        20,             0,           18,            1,   1,       0,   0, 0.041459, 0.010709, 0.052168,  29404.9  ,  29404.9  ,         0       ,    0    ,    7.97009,  69163806,         0,         1, "Apple M1", "Darwin 25.2.0", "clang 17.0.0 (clang-1700.6.3.2)",          8, 2026-01-30T20:37:08, ok
2026-01-30T18:08:23-fbe5dda4785f, bvh     ,  1280,    720,      10,        20,             0,           18,            1,   1,       0,   0, 0.023042, 0.007959, 0.031001,  30017    ,  30017    ,         0       ,    0    ,    7.97009,  69175096,         0,         2, "Apple M1", "Darwin 25.2.0", "clang 17.0.0 (clang-1700.6.3.2)",          8, 2026-01-30T20:37:38, ok
2026-01-30T18:08:23-fbe5dda4785f, bvh-mt  ,  1280,    720,      10,        20,             0,           18,            1,   1,       1,   0, 0.031709, 0.010375, 0.042084,  31112.9  ,  31112.9  ,         0       ,    0    ,    7.97009,  69177991,         1,         0, "Apple M1", "Darwin 25.2.0", "clang 17.0.0 (clang-1700.6.3.2)",          8, 2026-01-30T20:38:09, ok
2026-01-30T18:08:23-fbe5dda4785f, bvh-mt  ,  1280,    720,      10,        20,             0,           18,            1,   1,       1,   0, 0.02875 , 0.00775 , 0.0365  ,  27494.4  ,  27494.5  ,         0       ,    0    ,    7.97009,  69179788,         0,         1, "Apple M1", "Darwin 25.2.0", "clang 17.0.0 (clang-1700.6.3.2)",          8, 2026-01-30T20:38:37, ok
2026-01-30T18:08:23-fbe5dda4785f, bvh-mt  ,  1280,    720,      10,        20,             0,           18,            1,   1,       1,   0, 0.03075 , 0.011625, 0.042375,  26412.6  ,  26412.6  ,         0       ,    0    ,    7.97009,  69197557,         0,         2, "Apple M1", "Darwin 25.2.0", "clang 17.0.0 (clang-1700.6.3.2)",          8, 2026-01-30T20:39:03, ok
2026-01-30T18:08:23-fbe5dda4785f, gpu     ,  1280,    720,      10,        20,             0,           18,            0,   0,       0,   1, 0.029917, 0       , 0.029917,   3284.65 ,   3284.68 ,         0       , 3263.63 ,    8.36072,   9216000,         1,         0, "Apple M1", "Darwin 25.2.0", "clang 17.0.0 (clang-1700.6.3.2)",          8, 2026-01-30T20:39:06, ok
2026-01-30T18:08:23-fbe5dda4785f, gpu     ,  1280,    720,      10,        20,             0,           18,            0,   0,       0,   1, 0.018542, 0       , 0.018542,   3249.18 ,   3249.2  ,         0       , 3245.54 ,    8.36072,   9216000,         0,         1, "Apple M1", "Darwin 25.2.0", "clang 17.0.0 (clang-1700.6.3.2)",          8, 2026-01-30T20:39:10, ok
2026-01-30T18:08:23-fbe5dda4785f, gpu     ,  1280,    720,      10,        20,             0,           18,            0,   0,       0,   1, 0.03375 , 0       , 0.03375 ,   3256.62 ,   3256.66 ,         0       , 3251.75 ,    8.45447,   9216000,         0,         2, "Apple M1", "Darwin 25.2.0", "clang 17.0.0 (clang-1700.6.3.2)",          8, 2026-01-30T20:39:13, ok
2026-01-30T18:08:23-fbe5dda4785f, original,  1280,    720,      10,        20,             0,           18,            2,   0,       0,   0, 0.026875, 0       , 0.026875,  73009.2  ,  73009.2  ,         0       ,    0    ,    8.00134,  69177910,         1,         0, "Apple M1", "Darwin 25.2.0", "clang 17.0.0 (clang-1700.6.3.2)",          8, 2026-01-30T20:40:26, ok
2026-01-30T18:08:23-fbe5dda4785f, original,  1280,    720,      10,        20,             0,           18,            2,   0,       0,   0, 0.031792, 0       , 0.031792,  72778.3  ,  72778.3  ,         0       ,    0    ,    8.00134,  69159724,         0,         1, "Apple M1", "Darwin 25.2.0", "clang 17.0.0 (clang-1700.6.3.2)",          8, 2026-01-30T20:41:39, ok
2026-01-30T18:08:23-fbe5dda4785f, original,  1280,    720,      10,        20,             0,           18,            2,   0,       0,   0, 0.030208, 0       , 0.030208,  72755.9  ,  72755.9  ,         0       ,    0    ,    8.00134,  69165212,         0,         2, "Apple M1", "Darwin 25.2.0", "clang 17.0.0 (clang-1700.6.3.2)",          8, 2026-01-30T20:42:51, ok
2026-01-30T18:08:23-fbe5dda4785f, bvh     ,  1280,    720,      10,        20,             0,           18,            2,   1,       0,   0, 0.0315  , 0.025708, 0.057208,  28851.1  ,  28851.1  ,         0       ,    0    ,    8.00134,  69176699,         1,         0, "Apple M1", "Darwin 25.2.0", "clang 17.0.0 (clang-1700.6.3.2)",          8, 2026-01-30T20:43:20, ok
2026-01-30T18:08:23-fbe5dda4785f, bvh     ,  1280,    720,      10,        20,             0,           18,            2,   1,       0,   0, 0.04675 , 0.010333, 0.057083,  27955.2  ,  27955.3  ,         0       ,    0    ,    8.00134,  69154381,         0,         1, "Apple M1", "Darwin 25.2.0", "clang 17.0.0 (clang-1700.6.3.2)",          8, 2026-01-30T20:43:48, ok
2026-01-30T18:08:23-fbe5dda4785f, bvh     ,  1280,    720,      10,        20,             0,           18,            2,   1,       0,   0, 0.032708, 0.0095  , 0.042208,  27705.1  ,  27705.2  ,         0       ,    0    ,    8.00134,  69189612,         0,         2, "Apple M1", "Darwin 25.2.0", "clang 17.0.0 (clang-1700.6.3.2)",          8, 2026-01-30T20:44:16, ok
2026-01-30T18:08:23-fbe5dda4785f, bvh-mt  ,  1280,    720,      10,        20,             0,           18,            2,   1,       1,   0, 0.023625, 0.008583, 0.032208,  15615.2  ,  15615.2  ,         0.037333,    0    ,    8.00134,  69157919,         1,         0, "Apple M1", "Darwin 25.2.0", "clang 17.0.0 (clang-1700.6.3.2)",          8, 2026-01-30T20:44:32, ok
2026-01-30T18:08:23-fbe5dda4785f, bvh-mt  ,  1280,    720,      10,        20,             0,           18,            2,   1,       1,   0, 0.03475 , 0.014292, 0.049042,  15074.6  ,  15074.7  ,         0.023084,    0    ,    8.00134,  69146818,         0,         1, "Apple M1", "Darwin 25.2.0", "clang 17.0.0 (clang-1700.6.3.2)",          8, 2026-01-30T20:44:47, ok
2026-01-30T18:08:23-fbe5dda4785f, bvh-mt  ,  1280,    720,      10,        20,             0,           18,            2,   1,       1,   0, 0.012042, 0.007041, 0.019083,  17636.7  ,  17636.7  ,         0.030333,    0    ,    8.00134,  69183099,         0,         2, "Apple M1", "Darwin 25.2.0", "clang 17.0.0 (clang-1700.6.3.2)",          8, 2026-01-30T20:45:04, ok
2026-01-30T18:08:23-fbe5dda4785f, gpu     ,  1280,    720,      10,        20,             0,           18,            0,   0,       0,   1, 0.04175 , 0       , 0.04175 ,   3264.76 ,   3264.8  ,         0       , 3260.49 ,    8.36072,   9216000,         1,         0, "Apple M1", "Darwin 25.2.0", "clang 17.0.0 (clang-1700.6.3.2)",          8, 2026-01-30T20:45:08, ok
2026-01-30T18:08:23-fbe5dda4785f, gpu     ,  1280,    720,      10,        20,             0,           18,            0,   0,       0,   1, 0.040416, 0       , 0.040416,   3252.09 ,   3252.13 ,         0       , 3248.42 ,    8.45447,   9216000,         0,         1, "Apple M1", "Darwin 25.2.0", "clang 17.0.0 (clang-1700.6.3.2)",          8, 2026-01-30T20:45:11, ok
2026-01-30T18:08:23-fbe5dda4785f, gpu     ,  1280,    720,      10,        20,             0,           18,            0,   0,       0,   1, 0.006666, 0       , 0.006666,   3250.87 ,   3250.87 ,         0       , 3248.39 ,    8.45447,   9216000,         0,         2, "Apple M1", "Darwin 25.2.0", "clang 17.0.0 (clang-1700.6.3.2)",          8, 2026-01-30T20:45:14, ok
2026-01-30T18:08:23-fbe5dda4785f, original,  1280,    720,      10,        20,             0,           18,            3,   0,       0,   0, 0.034417, 0       , 0.034417,  72810.4  ,  72810.4  ,         0       ,    0    ,    8.00134,  69151649,         1,         0, "Apple M1", "Darwin 25.2.0", "clang 17.0.0 (clang-1700.6.3.2)",          8, 2026-01-30T20:46:27, ok
2026-01-30T18:08:23-fbe5dda4785f, original,  1280,    720,      10,        20,             0,           18,            3,   0,       0,   0, 0.041167, 0       , 0.041167,  72800    ,  72800.1  ,         0       ,    0    ,    8.00134,  69200549,         0,         1, "Apple M1", "Darwin 25.2.0", "clang 17.0.0 (clang-1700.6.3.2)",          8, 2026-01-30T20:47:40, ok
2026-01-30T18:08:23-fbe5dda4785f, original,  1280,    720,      10,        20,             0,           18,            3,   0,       0,   0, 0.026542, 0       , 0.026542,  72817    ,  72817    ,         0       ,    0    ,    8.00134,  69146434,         0,         2, "Apple M1", "Darwin 25.2.0", "clang 17.0.0 (clang-1700.6.3.2)",          8, 2026-01-30T20:48:53, ok
2026-01-30T18:08:23-fbe5dda4785f, bvh     ,  1280,    720,      10,        20,             0,           18,            3,   1,       0,   0, 0.025208, 0.02025 , 0.045458,  30605.4  ,  30605.5  ,         0       ,    0    ,    8.00134,  69178918,         1,         0, "Apple M1", "Darwin 25.2.0", "clang 17.0.0 (clang-1700.6.3.2)",          8, 2026-01-30T20:49:23, ok
2026-01-30T18:08:23-fbe5dda4785f, bvh     ,  1280,    720,      10,        20,             0,           18,            3,   1,       0,   0, 0.035292, 0.0095  , 0.044792,  28907.9  ,  28908    ,         0       ,    0    ,    8.00134,  69184858,         0,         1, "Apple M1", "Darwin 25.2.0", "clang 17.0.0 (clang-1700.6.3.2)",          8, 2026-01-30T20:49:52, ok
2026-01-30T18:08:23-fbe5dda4785f, bvh     ,  1280,    720,      10,        20,             0,           18,            3,   1,       0,   0, 0.026125, 0.009042, 0.035167,  27568.8  ,  27568.9  ,         0       ,    0    ,    8.00134,  69142436,         0,         2, "Apple M1", "Darwin 25.2.0", "clang 17.0.0 (clang-1700.6.3.2)",          8, 2026-01-30T20:50:20, ok
2026-01-30T18:08:23-fbe5dda4785f, bvh-mt  ,  1280,    720,      10,        20,             0,           18,            3,   1,       1,   0, 0.032459, 0.012666, 0.045125,  12493    ,  12493    ,         0.063042,    0    ,    8.00134,  69144291,         1,         0, "Apple M1", "Darwin 25.2.0", "clang 17.0.0 (clang-1700.6.3.2)",          8, 2026-01-30T20:50:32, ok
2026-01-30T18:08:23-fbe5dda4785f, bvh-mt  ,  1280,    720,      10,        20,             0,           18,            3,   1,       1,   0, 0.026542, 0.010458, 0.037   ,  12299.3  ,  12299.4  ,         0.029167,    0    ,    8.00134,  69185407,         0,         1, "Apple M1", "Darwin 25.2.0", "clang 17.0.0 (clang-1700.6.3.2)",          8, 2026-01-30T20:50:44, ok
2026-01-30T18:08:23-fbe5dda4785f, bvh-mt  ,  1280,    720,      10,        20,             0,           18,            3,   1,       1,   0, 0.02525 , 0.016292, 0.041542,  12795.2  ,  12795.2  ,         0.033208,    0    ,    8.00134,  69149615,         0,         2, "Apple M1", "Darwin 25.2.0", "clang 17.0.0 (clang-1700.6.3.2)",          8, 2026-01-30T20:50:57, ok
2026-01-30T18:08:23-fbe5dda4785f, gpu     ,  1280,    720,      10,        20,             0,           18,            0,   0,       0,   1, 0.018   , 0       , 0.018   ,   3273.04 ,   3273.06 ,         0       , 3264.12 ,    8.36072,   9216000,         1,         0, "Apple M1", "Darwin 25.2.0", "clang 17.0.0 (clang-1700.6.3.2)",          8, 2026-01-30T20:51:00, ok
2026-01-30T18:08:23-fbe5dda4785f, gpu     ,  1280,    720,      10,        20,             0,           18,            0,   0,       0,   1, 0.035875, 0       , 0.035875,   3252.75 ,   3252.79 ,         0       , 3248.28 ,    8.45447,   9216000,         0,         1, "Apple M1", "Darwin 25.2.0", "clang 17.0.0 (clang-1700.6.3.2)",          8, 2026-01-30T20:51:04, ok
2026-01-30T18:08:23-fbe5dda4785f, gpu     ,  1280,    720,      10,        20,             0,           18,            0,   0,       0,   1, 0.025833, 0       , 0.025833,   3250.27 ,   3250.3  ,         0       , 3245.58 ,    8.45447,   9216000,         0,         2, "Apple M1", "Darwin 25.2.0", "clang 17.0.0 (clang-1700.6.3.2)",          8, 2026-01-30T20:51:07, ok
2026-01-30T18:08:23-fbe5dda4785f, original,  1280,    720,      10,        20,             0,           18,            4,   0,       0,   0, 0.034667, 0       , 0.034667,  72785.1  ,  72785.1  ,         0       ,    0    ,    8.00134,  69139412,         1,         0, "Apple M1", "Darwin 25.2.0", "clang 17.0.0 (clang-1700.6.3.2)",          8, 2026-01-30T20:52:20, ok
2026-01-30T18:08:23-fbe5dda4785f, original,  1280,    720,      10,        20,             0,           18,            4,   0,       0,   0, 0.045875, 0       , 0.045875,  72948    ,  72948.1  ,         0       ,    0    ,    8.00134,  69148644,         0,         1, "Apple M1", "Darwin 25.2.0", "clang 17.0.0 (clang-1700.6.3.2)",          8, 2026-01-30T20:53:33, ok
2026-01-30T18:08:23-fbe5dda4785f, original,  1280,    720,      10,        20,             0,           18,            4,   0,       0,   0, 0.029708, 0       , 0.029708,  72852.2  ,  72852.2  ,         0       ,    0    ,    8.00134,  69165781,         0,         2, "Apple M1", "Darwin 25.2.0", "clang 17.0.0 (clang-1700.6.3.2)",          8, 2026-01-30T20:54:46, ok
2026-01-30T18:08:23-fbe5dda4785f, bvh     ,  1280,    720,      10,        20,             0,           18,            4,   1,       0,   0, 0.032917, 0.031208, 0.064125,  28864.8  ,  28864.9  ,         0       ,    0    ,    8.00134,  69143747,         1,         0, "Apple M1", "Darwin 25.2.0", "clang 17.0.0 (clang-1700.6.3.2)",          8, 2026-01-30T20:55:14, ok
2026-01-30T18:08:23-fbe5dda4785f, bvh     ,  1280,    720,      10,        20,             0,           18,            4,   1,       0,   0, 0.032666, 0.008959, 0.041625,  33120.7  ,  33120.8  ,         0       ,    0    ,    8.00134,  69153476,         0,         1, "Apple M1", "Darwin 25.2.0", "clang 17.0.0 (clang-1700.6.3.2)",          8, 2026-01-30T20:55:48, ok
2026-01-30T18:08:23-fbe5dda4785f, bvh     ,  1280,    720,      10,        20,             0,           18,            4,   1,       0,   0, 0.022709, 0.007708, 0.030417,  33875.9  ,  33875.9  ,         0       ,    0    ,    8.00134,  69187280,         0,         2, "Apple M1", "Darwin 25.2.0", "clang 17.0.0 (clang-1700.6.3.2)",          8, 2026-01-30T20:56:21, ok
2026-01-30T18:08:23-fbe5dda4785f, bvh-mt  ,  1280,    720,      10,        20,             0,           18,            4,   1,       1,   0, 0.03325 , 0.012167, 0.045417,  10858.4  ,  10858.5  ,         0.056458,    0    ,    8.00134,  69182617,         1,         0, "Apple M1", "Darwin 25.2.0", "clang 17.0.0 (clang-1700.6.3.2)",          8, 2026-01-30T20:56:32, ok
2026-01-30T18:08:23-fbe5dda4785f, bvh-mt  ,  1280,    720,      10,        20,             0,           18,            4,   1,       1,   0, 0.031833, 0.013875, 0.045708,  11758.9  ,  11758.9  ,         0.041375,    0    ,    8.00134,  69183095,         0,         1, "Apple M1", "Darwin 25.2.0", "clang 17.0.0 (clang-1700.6.3.2)",          8, 2026-01-30T20:56:44, ok
2026-01-30T18:08:23-fbe5dda4785f,bvh-mt,1280,720,10,20,0,18,4,1,1,0,0.029541,0.02025,0.049791,12964.2,12964.2,0.037667,0,8.00134,69180726,0,2,"Apple M1","Darwin 25.2.0","clang 17.0.0 (clang-1700.6.3.2)",8,2026-01-30T20:56:57,ok
2026-01-30T18:08:23-fbe5dda4785f,gpu,1280,720,10,20,0,18,0,0,0,1,0.02125,0,0.02125,3371.55,3371.57,0,3361.09,8.37634,9216000,1,0,"Apple M1","Darwin 25.2.0","clang 17.0.0 (clang-1700.6.3.2)",8,2026-01-30T20:57:00,ok
2026-01-30T18:08:23-fbe5dda4785f,gpu,1280,720,10,20,0,18,0,0,0,1,0.0185,0,0.0185,3314.05,3314.07,0,3310.79,8.37634,9216000,0,1,"Apple M1","Darwin 25.2.0","clang 17.0.0 (clang-1700.6.3.2)",8,2026-01-30T20:57:04,ok
2026-01-30T18:08:23-fbe5dda4785f,gpu,1280,720,10,20,0,18,0,0,0,1,0.0115,0,0.0115,3336.38,3336.4,0,3333.28,8.37634,9216000,0,2,"Apple M1","Darwin 25.2.0","clang 17.0.0 (clang-1700.6.3.2)",8,2026-01-30T20:57:07,ok
2026-01-30T18:08:23-fbe5dda4785f,original,1280,720,10,20,0,18,5,0,0,0,0.027042,0,0.027042,74889.7,74889.8,0,0,8.01697,69173975,1,0,"Apple M1","Darwin 25.2.0","clang 17.0.0 (clang-1700.6.3.2)",8,2026-01-30T20:58:22,ok
2026-01-30T18:08:23-fbe5dda4785f,original,1280,720,10,20,0,18,5,0,0,0,0.046042,0,0.046042,73082.9,73082.9,0,0,8.01697,69178571,0,1,"Apple M1","Darwin 25.2.0","clang 17.0.0 (clang-1700.6.3.2)",8,2026-01-30T20:59:35,ok
2026-01-30T18:08:23-fbe5dda4785f,original,1280,720,10,20,0,18,5,0,0,0,0.031541,0,0.031541,72867.3,72867.3,0,0,8.01697,69164401,0,2,"Apple M1","Darwin 25.2.0","clang 17.0.0 (clang-1700.6.3.2)",8,2026-01-30T21:00:48,ok
2026-01-30T18:08:23-fbe5dda4785f,bvh,1280,720,10,20,0,18,5,1,0,0,0.035208,0.026375,0.061583,27886,27886,0,0,8.01697,69184524,1,0,"Apple M1","Darwin 25.2.0","clang 17.0.0 (clang-1700.6.3.2)",8,2026-01-30T21:01:16,ok
2026-01-30T18:08:23-fbe5dda4785f,bvh,1280,720,10,20,0,18,5,1,0,0,0.034084,0.010917,0.045001,34172.2,34172.2,0,0,8.01697,69167906,0,1,"Apple M1","Darwin 25.2.0","clang 17.0.0 (clang-1700.6.3.2)",8,2026-01-30T21:01:50,ok
2026-01-30T18:08:23-fbe5dda4785f,bvh,1280,720,10,20,0,18,5,1,0,0,0.032375,0.012458,0.044833,30039.2,30039.3,0,0,8.01697,69158317,0,2,"Apple M1","Darwin 25.2.0","clang 17.0.0 (clang-1700.6.3.2)",8,2026-01-30T21:02:20,ok
2026-01-30T18:08:23-fbe5dda4785f,bvh-mt,1280,720,10,20,0,18,5,1,1,0,0.024208,0.007916,0.032124,9438.91,9438.94,0.056292,0,8.01697,69170205,1,0,"Apple M1","Darwin 25.2.0","clang 17.0.0 (clang-1700.6.3.2)",8,2026-01-30T21:02:29,ok
2026-01-30T18:08:23-fbe5dda4785f,bvh-mt,1280,720,10,20,0,18,5,1,1,0,0.009541,0.014667,0.024208,12240.3,12240.4,0.047209,0,8.01697,69141423,0,1,"Apple M1","Darwin 25.2.0","clang 17.0.0 (clang-1700.6.3.2)",8,2026-01-30T21:02:42,ok
2026-01-30T18:08:23-fbe5dda4785f,bvh-mt,1280,720,10,20,0,18,5,1,1,0,0.024709,0.01125,0.035959,11294.3,11294.4,0.05375,0,8.01697,69128189,0,2,"Apple M1","Darwin 25.2.0","clang 17.0.0 (clang-1700.6.3.2)",8,2026-01-30T21:02:53,ok
2026-01-30T18:08:23-fbe5dda4785f,gpu,1280,720,10,20,0,18,0,0,0,1,0.035084,0,0.035084,3274.49,3274.53,0,3266.63,8.37634,9216000,1,0,"Apple M1","Darwin 25.2.0","clang 17.0.0 (clang-1700.6.3.2)",8,2026-01-30T21:02:56,ok
2026-01-30T18:08:23-fbe5dda4785f,gpu,1280,720,10,20,0,18,0,0,0,1,0.038667,0,0.038667,3258.68,3258.72,0,3254.64,8.47009,9216000,0,1,"Apple M1","Darwin 25.2.0","clang 17.0.0 (clang-1700.6.3.2)",8,2026-01-30T21:03:00,ok
2026-01-30T18:08:23-fbe5dda4785f,gpu,1280,720,10,20,0,18,0,0,0,1,0.019708,0,0.019708,3255.21,3255.23,0,3251.69,8.47009,9216000,0,2,"Apple M1","Darwin 25.2.0","clang 17.0.0 (clang-1700.6.3.2)",8,2026-01-30T21:03:03,ok
2026-01-30T18:08:23-fbe5dda4785f,original,1280,720,10,20,0,18,6,0,0,0,0.019084,0,0.019084,73054.9,73054.9,0,0,8.01697,69201752,1,0,"Apple M1","Darwin 25.2.0","clang 17.0.0 (clang-1700.6.3.2)",8,2026-01-30T21:04:16,ok
2026-01-30T18:08:23-fbe5dda4785f,original,1280,720,10,20,0,18,6,0,0,0,0.0445,0,0.0445,72774.9,72774.9,0,0,8.01697,69152987,0,1,"Apple M1","Darwin 25.2.0","clang 17.0.0 (clang-1700.6.3.2)",8,2026-01-30T21:05:29,ok
2026-01-30T18:08:23-fbe5dda4785f,original,1280,720,10,20,0,18,6,0,0,0,0.029083,0,0.029083,72822.4,72822.5,0,0,8.01697,69153328,0,2,"Apple M1","Darwin 25.2.0","clang 17.0.0 (clang-1700.6.3.2)",8,2026-01-30T21:06:41,ok
2026-01-30T18:08:23-fbe5dda4785f,bvh,1280,720,10,20,0,18,6,1,0,0,0.031958,0.02325,0.055208,26405.5,26405.5,0,0,8.01697,69137939,1,0,"Apple M1","Darwin 25.2.0","clang 17.0.0 (clang-1700.6.3.2)",8,2026-01-30T21:07:08,ok
2026-01-30T18:08:23-fbe5dda4785f,bvh,1280,720,10,20,0,18,6,1,0,0,0.029459,0.008625,0.038084,32203.3,32203.3,0,0,8.01697,69158156,0,1,"Apple M1","Darwin 25.2.0","clang 17.0.0 (clang-1700.6.3.2)",8,2026-01-30T21:07:40,ok
2026-01-30T18:08:23-fbe5dda4785f,bvh,1280,720,10,20,0,18,6,1,0,0,0.027542,0.008041,0.035583,30945.7,30945.7,0,0,8.01697,69182656,0,2,"Apple M1","Darwin 25.2.0","clang 17.0.0 (clang-1700.6.3.2)",8,2026-01-30T21:08:11,ok
2026-01-30T18:08:23-fbe5dda4785f,bvh-mt,1280,720,10,20,0,18,6,1,1,0,0.021792,0.008875,0.030667,9777.94,9777.97,0.09525,0,8.01697,69123639,1,0,"Apple M1","Darwin 25.2.0","clang 17.0.0 (clang-1700.6.3.2)",8,2026-01-30T21:08:21,ok
2026-01-30T18:08:23-fbe5dda4785f,bvh-mt,1280,720,10,20,0,18,6,1,1,0,0.014458,0.012833,0.027291,10223.4,10223.5,0.046167,0,8.01697,69162128,0,1,"Apple M1","Darwin 25.2.0","clang 17.0.0 (clang-1700.6.3.2)",8,2026-01-30T21:08:31,ok
2026-01-30T18:08:23-fbe5dda4785f,bvh-mt,1280,720,10,20,0,18,6,1,1,0,0.01525,0.009708,0.024958,11400.4,11400.4,0.073125,0,8.01697,69160677,0,2,"Apple M1","Darwin 25.2.0","clang 17.0.0 (clang-1700.6.3.2)",8,2026-01-30T21:08:42,ok
2026-01-30T18:08:23-fbe5dda4785f,gpu,1280,720,10,20,0,18,0,0,0,1,0.023209,0,0.023209,3278.51,3278.53,0,3262.43,8.37634,9216000,1,0,"Apple M1","Darwin 25.2.0","clang 17.0.0 (clang-1700.6.3.2)",8,2026-01-30T21:08:46,ok
2026-01-30T18:08:23-fbe5dda4785f,gpu,1280,720,10,20,0,18,0,0,0,1,0.026834,0,0.026834,3258.62,3258.65,0,3253.83,8.47009,9216000,0,1,"Apple M1","Darwin 25.2.0","clang 17.0.0 (clang-1700.6.3.2)",8,2026-01-30T21:08:49,ok
2026-01-30T18:08:23-fbe5dda4785f,gpu,1280,720,10,20,0,18,0,0,0,1,0.033792,0,0.033792,3257.67,3257.71,0,3252.9,8.47009,9216000,0,2,"Apple M1","Darwin 25.2.0","clang 17.0.0 (clang-1700.6.3.2)",8,2026-01-30T21:08:52,ok
2026-01-30T18:08:23-fbe5dda4785f,original,1280,720,10,20,0,18,7,0,0,0,0.039959,0,0.039959,72855.1,72855.1,0,0,8.01697,69193228,1,0,"Apple M1","Darwin 25.2.0","clang 17.0.0 (clang-1700.6.3.2)",8,2026-01-30T21:10:05,ok
2026-01-30T18:08:23-fbe5dda4785f,original,1280,720,10,20,0,18,7,0,0,0,0.0475,0,0.0475,72913.3,72913.3,0,0,8.01697,69150305,0,1,"Apple M1","Darwin 25.2.0","clang 17.0.0 (clang-1700.6.3.2)",8,2026-01-30T21:11:18,ok
2026-01-30T18:08:23-fbe5dda4785f,original,1280,720,10,20,0,18,7,0,0,0,0.031292,0,0.031292,72892.6,72892.7,0,0,8.01697,69173084,0,2,"Apple M1","Darwin 25.2.0","clang 17.0.0 (clang-1700.6.3.2)",8,2026-01-30T21:12:31,ok
2026-01-30T18:08:23-fbe5dda4785f,bvh,1280,720,10,20,0,18,7,1,0,0,0.025583,0.609709,0.635292,28832.3,28832.9,0,0,8.01697,69156836,1,0,"Apple M1","Darwin 25.2.0","clang 17.0.0 (clang-1700.6.3.2)",8,2026-01-30T21:13:00,ok
2026-01-30T18:08:23-fbe5dda4785f,bvh,1280,720,10,20,0,18,7,1,0,0,0.028667,0.008083,0.03675,27574.6,27574.6,0,0,8.01697,69135785,0,1,"Apple M1","Darwin 25.2.0","clang 17.0.0 (clang-1700.6.3.2)",8,2026-01-30T21:13:27,ok
2026-01-30T18:08:23-fbe5dda4785f,bvh,1280,720,10,20,0,18,7,1,0,0,0.021583,0.007959,0.029542,27473.1,27473.2,0,0,8.01697,69147594,0,2,"Apple M1","Darwin 25.2.0","clang 17.0.0 (clang-1700.6.3.2)",8,2026-01-30T21:13:55,ok
2026-01-30T18:08:23-fbe5dda4785f,bvh-mt,1280,720,10,20,0,18,7,1,1,0,0.039042,0.012875,0.051917,10960.9,10961,0.112834,0,8.01697,69128937,1,0,"Apple M1","Darwin 25.2.0","clang 17.0.0 (clang-1700.6.3.2)",8,2026-01-30T21:14:06,ok
2026-01-30T18:08:23-fbe5dda4785f,bvh-mt,1280,720,10,20,0,18,7,1,1,0,0.035916,0.014542,0.050458,10390.9,10390.9,0.072833,0,8.01697,69150072,0,1,"Apple M1","Darwin 25.2.0","clang 17.0.0 (clang-1700.6.3.2)",8,2026-01-30T21:14:16,ok
2026-01-30T18:08:23-fbe5dda4785f,bvh-mt,1280,720,10,20,0,18,7,1,1,0,0.01225,0.007,0.01925,9711.31,9711.33,0.070041,0,8.01697,69189225,0,2,"Apple M1","Darwin 25.2.0","clang 17.0.0 (clang-1700.6.3.2)",8,2026-01-30T21:14:26,ok
2026-01-30T18:08:23-fbe5dda4785f,gpu,1280,720,10,20,0,18,0,0,0,1,0.012541,0,0.012541,3268.95,3268.97,0,3262.53,8.42322,9216000,1,0,"Apple M1","Darwin 25.2.0","clang 17.0.0 (clang-1700.6.3.2)",8,2026-01-30T21:14:29,ok
2026-01-30T18:08:23-fbe5dda4785f,gpu,1280,720,10,20,0,18,0,0,0,1,0.036292,0,0.036292,3260.33,3260.36,0,3255.97,8.48572,9216000,0,1,"Apple M1","Darwin 25.2.0","clang 17.0.0 (clang-1700.6.3.2)",8,2026-01-30T21:14:32,ok
2026-01-30T18:08:23-fbe5dda4785f,gpu,1280,720,10,20,0,18,0,0,0,1,0.019417,0,0.019417,3257.78,3257.8,0,3254.1,8.47009,9216000,0,2,"Apple M1","Darwin 25.2.0","clang 17.0.0 (clang-1700.6.3.2)",8,2026-01-30T21:14:36,ok
2026-01-30T18:08:23-fbe5dda4785f,original,1280,720,10,20,0,18,8,0,0,0,0.009917,0,0.009917,72812.1,72812.1,0,0,8.01697,69164930,1,0,"Apple M1","Darwin 25.2.0","clang 17.0.0 (clang-1700.6.3.2)",8,2026-01-30T21:15:48,ok
2026-01-30T18:08:23-fbe5dda4785f,original,1280,720,10,20,0,18,8,0,0,0,0.039708,0,0.039708,72850.3,72850.4,0,0,8.01697,69121965,0,1,"Apple M1","Darwin 25.2.0","clang 17.0.0 (clang-1700.6.3.2)",8,2026-01-30T21:17:01,ok
2026-01-30T18:08:23-fbe5dda4785f,original,1280,720,10,20,0,18,8,0,0,0,0.029125,0,0.029125,72795.8,72795.9,0,0,8.01697,69149307,0,2,"Apple M1","Darwin 25.2.0","clang 17.0.0 (clang-1700.6.3.2)",8,2026-01-30T21:18:14,ok
2026-01-30T18:08:23-fbe5dda4785f,bvh,1280,720,10,20,0,18,8,1,0,0,0.03725,0.03025,0.0675,29347.8,29347.9,0,0,8.01697,69181244,1,0,"Apple M1","Darwin 25.2.0","clang 17.0.0 (clang-1700.6.3.2)",8,2026-01-30T21:18:43,ok
2026-01-30T18:08:23-fbe5dda4785f,bvh,1280,720,10,20,0,18,8,1,0,0,0.029875,0.00875,0.038625,32187,32187.1,0,0,8.01697,69126668,0,1,"Apple M1","Darwin 25.2.0","clang 17.0.0 (clang-1700.6.3.2)",8,2026-01-30T21:19:16,ok
2026-01-30T18:08:23-fbe5dda4785f,bvh,1280,720,10,20,0,18,8,1,0,0,0.030625,0.009833,0.040458,27441.8,27441.8,0,0,8.01697,69166608,0,2,"Apple M1","Darwin 25.2.0","clang 17.0.0 (clang-1700.6.3.2)",8,2026-01-30T21:19:43,ok
2026-01-30T18:08:23-fbe5dda4785f,bvh-mt,1280,720,10,20,0,18,8,1,1,0,0.023958,0.009,0.032958,8379.36,8379.39,0.102625,0,8.01697,69176329,1,0,"Apple M1","Darwin 25.2.0","clang 17.0.0 (clang-1700.6.3.2)",8,2026-01-30T21:19:51,ok
2026-01-30T18:08:23-fbe5dda4785f,bvh-mt,1280,720,10,20,0,18,8,1,1,0,0.009708,0.005291,0.014999,8842.42,8842.44,0.078,0,8.01697,69194213,0,1,"Apple M1","Darwin 25.2.0","clang 17.0.0 (clang-1700.6.3.2)",8,2026-01-30T21:20:00,ok
2026-01-30T18:08:23-fbe5dda4785f,bvh-mt,1280,720,10,20,0,18,8,1,1,0,0.1525,0.014917,0.167417,10614.8,10614.9,0.077708,0,8.01697,69187690,0,2,"Apple M1","Darwin 25.2.0","clang 17.0.0 (clang-1700.6.3.2)",8,2026-01-30T21:20:11,ok
2026-01-30T18:08:23-fbe5dda4785f,gpu,1280,720,10,20,0,18,0,0,0,1,0.02925,0,0.02925,3268.08,3268.11,0,3264.94,8.37634,9216000,1,0,"Apple M1","Darwin 25.2.0","clang 17.0.0 (clang-1700.6.3.2)",8,2026-01-30T21:20:14,ok
2026-01-30T18:08:23-fbe5dda4785f,gpu,1280,720,10,20,0,18,0,0,0,1,0.028,0,0.028,3257.93,3257.96,0,3254.2,8.47009,9216000,0,1,"Apple M1","Darwin 25.2.0","clang 17.0.0 (clang-1700.6.3.2)",8,2026-01-30T21:20:17,ok
2026-01-30T18:08:23-fbe5dda4785f,gpu,1280,720,10,20,0,18,0,0,0,1,0.026,0,0.026,3259.11,3259.14,0,3254.94,8.47009,9216000,0,2,"Apple M1","Darwin 25.2.0","clang 17.0.0 (clang-1700.6.3.2)",8,2026-01-30T21:20:21,ok
2026-01-30T18:08:23-fbe5dda4785f,original,1280,720,10,20,100,118,1,0,0,0,0.125166,0,0.125166,147976,147976,0,0,8.01697,73037754,1,0,"Apple M1","Darwin 25.2.0","clang 17.0.0 (clang-1700.6.3.2)",8,2026-01-30T21:22:49,ok
2026-01-30T18:08:23-fbe5dda4785f,original,1280,720,10,20,100,118,1,0,0,0,0.056208,0,0.056208,147175,147175,0,0,8.01697,72985125,0,1,"Apple M1","Darwin 25.2.0","clang 17.0.0 (clang-1700.6.3.2)",8,2026-01-30T21:25:16,ok
2026-01-30T18:08:23-fbe5dda4785f,original,1280,720,10,20,100,118,1,0,0,0,0.045875,0,0.045875,147237,147237,0,0,8.01697,72979922,0,2,"Apple M1","Darwin 25.2.0","clang 17.0.0 (clang-1700.6.3.2)",8,2026-01-30T21:27:43,ok
2026-01-30T18:08:23-fbe5dda4785f,bvh,1280,720,10,20,100,118,1,1,0,0,0.046208,0.053625,0.099833,54781.2,54781.3,0,0,8.01697,73009842,1,0,"Apple M1","Darwin 25.2.0","clang 17.0.0 (clang-1700.6.3.2)",8,2026-01-30T21:28:38,ok
2026-01-30T18:08:23-fbe5dda4785f,bvh,1280,720,10,20,100,118,1,1,0,0,0.042167,0.049083,0.09125,44853.6,44853.7,0,0,8.01697,73006530,0,1,"Apple M1","Darwin 25.2.0","clang 17.0.0 (clang-1700.6.3.2)",8,2026-01-30T21:29:23,ok
2026-01-30T18:08:23-fbe5dda4785f,bvh,1280,720,10,20,100,118,1,1,0,0,0.040125,0.043791,0.083916,49969.6,49969.7,0,0,8.01697,73022212,0,2,"Apple M1","Darwin 25.2.0","clang 17.0.0 (clang-1700.6.3.2)",8,2026-01-30T21:30:13,ok
2026-01-30T18:08:23-fbe5dda4785f,bvh-mt,1280,720,10,20,100,118,1,1,1,0,0.0425,0.047125,0.089625,48706.3,48706.4,0,0,8.01697,72961537,1,0,"Apple M1","Darwin 25.2.0","clang 17.0.0 (clang-1700.6.3.2)",8,2026-01-30T21:31:01,ok
2026-01-30T18:08:23-fbe5dda4785f,bvh-mt,1280,720,10,20,100,118,1,1,1,0,0.075333,0.051083,0.126416,45807.9,45808.1,0,0,8.01697,73021716,0,1,"Apple M1","Darwin 25.2.0","clang 17.0.0 (clang-1700.6.3.2)",8,2026-01-30T21:31:47,ok
2026-01-30T18:08:23-fbe5dda4785f,bvh-mt,1280,720,10,20,100,118,1,1,1,0,0.031375,0.04025,0.071625,54682.3,54682.4,0,0,8.01697,73030371,0,2,"Apple M1","Darwin 25.2.0","clang 17.0.0 (clang-1700.6.3.2)",8,2026-01-30T21:32:42,ok
2026-01-30T18:08:23-fbe5dda4785f,gpu,1280,720,10,20,100,118,0,0,0,1,0.051917,0,0.051917,6491.86,6491.91,0,6480.53,8.37634,9216000,1,0,"Apple M1","Darwin 25.2.0","clang 17.0.0 (clang-1700.6.3.2)",8,2026-01-30T21:32:48,ok
2026-01-30T18:08:23-fbe5dda4785f,gpu,1280,720,10,20,100,118,0,0,0,1,0.05275,0,0.05275,6474.55,6474.61,0,6471.24,8.51697,9216000,0,1,"Apple M1","Darwin 25.2.0","clang 17.0.0 (clang-1700.6.3.2)",8,2026-01-30T21:32:55,ok
2026-01-30T18:08:23-fbe5dda4785f,gpu,1280,720,10,20,100,118,0,0,0,1,0.059583,0,0.059583,6479.94,6480,0,6474.31,8.43884,9216000,0,2,"Apple M1","Darwin 25.2.0","clang 17.0.0 (clang-1700.6.3.2)",8,2026-01-30T21:33:01,ok
2026-01-30T18:08:23-fbe5dda4785f,original,1280,720,10,20,100,118,2,0,0,0,0.075083,0,0.075083,147399,147399,0,0,7.98572,73005342,1,0,"Apple M1","Darwin 25.2.0","clang 17.0.0 (clang-1700.6.3.2)",8,2026-01-30T21:35:29,ok
2026-01-30T18:08:23-fbe5dda4785f,original,1280,720,10,20,100,118,2,0,0,0,0.047167,0,0.047167,147332,147332,0,0,7.98572,73004052,0,1,"Apple M1","Darwin 25.2.0","clang 17.0.0 (clang-1700.6.3.2)",8,2026-01-30T21:37:56,ok
2026-01-30T18:08:23-fbe5dda4785f,original,1280,720,10,20,100,118,2,0,0,0,0.047542,0,0.047542,147470,147470,0,0,7.98572,73007122,0,2,"Apple M1","Darwin 25.2.0","clang 17.0.0 (clang-1700.6.3.2)",8,2026-01-30T21:40:24,ok
2026-01-30T18:08:23-fbe5dda4785f,bvh,1280,720,10,20,100,118,2,1,0,0,0.040041,0.06725,0.107291,41277.3,41277.4,0,0,7.98572,73002139,1,0,"Apple M1","Darwin 25.2.0","clang 17.0.0 (clang-1700.6.3.2)",8,2026-01-30T21:41:05,ok
2026-01-30T18:08:23-fbe5dda4785f,bvh,1280,720,10,20,100,118,2,1,0,0,0.068875,0.042791,0.111666,49514.1,49514.2,0,0,7.98572,73032935,0,1,"Apple M1","Darwin 25.2.0","clang 17.0.0 (clang-1700.6.3.2)",8,2026-01-30T21:41:54,ok
2026-01-30T18:08:23-fbe5dda4785f,bvh,1280,720,10,20,100,118,2,1,0,0,0.040375,0.043667,0.084042,46914.3,46914.4,0,0,7.98572,73042707,0,2,"Apple M1","Darwin 25.2.0","clang 17.0.0 (clang-1700.6.3.2)",8,2026-01-30T21:42:41,ok
2026-01-30T18:08:23-fbe5dda4785f,bvh-mt,1280,720,10,20,100,118,2,1,1,0,0.048125,0.04625,0.094375,25929.1,25929.2,0.042917,0,7.98572,72999935,1,0,"Apple M1","Darwin 25.2.0","clang 17.0.0 (clang-1700.6.3.2)",8,2026-01-30T21:43:07,ok
2026-01-30T18:08:23-fbe5dda4785f,bvh-mt,1280,720,10,20,100,118,2,1,1,0,0.047042,0.05075,0.097792,23988.6,23988.7,0.031459,0,7.98572,73019148,0,1,"Apple M1","Darwin 25.2.0","clang 17.0.0 (clang-1700.6.3.2)",8,2026-01-30T21:43:31,ok
2026-01-30T18:08:23-fbe5dda4785f,bvh-mt,1280,720,10,20,100,118,2,1,1,0,0.043042,0.038208,0.08125,33208.6,33208.7,0.037959,0,7.98572,73021750,0,2,"Apple M1","Darwin 25.2.0","clang 17.0.0 (clang-1700.6.3.2)",8,2026-01-30T21:44:04,ok
2026-01-30T18:08:23-fbe5dda4785f,gpu,1280,720,10,20,100,118,0,0,0,1,0.034167,0,0.034167,6490.77,6490.81,0,6481.5,8.36072,9216000,1,0,"Apple M1","Darwin 25.2.0","clang 17.0.0 (clang-1700.6.3.2)",8,2026-01-30T21:44:11,ok
2026-01-30T18:08:23-fbe5dda4785f,gpu,1280,720,10,20,100,118,0,0,0,1,0.061417,0,0.061417,6475.87,6475.93,0,6472.33,8.47009,9216000,0,1,"Apple M1","Darwin 25.2.0","clang 17.0.0 (clang-1700.6.3.2)",8,2026-01-30T21:44:17,ok
2026-01-30T18:08:23-fbe5dda4785f,gpu,1280,720,10,20,100,118,0,0,0,1,0.015375,0,0.015375,6477.9,6477.92,0,6476.03,8.47009,9216000,0,2,"Apple M1","Darwin 25.2.0","clang 17.0.0 (clang-1700.6.3.2)",8,2026-01-30T21:44:24,ok
2026-01-30T18:08:23-fbe5dda4785f,original,1280,720,10,20,100,118,3,0,0,0,0.016833,0,0.016833,148282,148282,0,0,8.01697,73034663,1,0,"Apple M1","Darwin 25.2.0","clang 17.0.0 (clang-1700.6.3.2)",8,2026-01-30T21:46:52,ok
2026-01-30T18:08:23-fbe5dda4785f,original,1280,720,10,20,100,118,3,0,0,0,0.054292,0,0.054292,147314,147314,0,0,8.01697,72990600,0,1,"Apple M1","Darwin 25.2.0","clang 17.0.0 (clang-1700.6.3.2)",8,2026-01-30T21:49:19,ok
2026-01-30T18:08:23-fbe5dda4785f,original,1280,720,10,20,100,118,3,0,0,0,0.0475,0,0.0475,147342,147342,0,0,8.01697,73020330,0,2,"Apple M1","Darwin 25.2.0","clang 17.0.0 (clang-1700.6.3.2)",8,2026-01-30T21:51:47,ok
2026-01-30T18:08:23-fbe5dda4785f,bvh,1280,720,10,20,100,118,3,1,0,0,0.049834,0.055625,0.105459,44344.5,44344.6,0,0,8.01697,73046303,1,0,"Apple M1","Darwin 25.2.0","clang 17.0.0 (clang-1700.6.3.2)",8,2026-01-30T21:52:31,ok
2026-01-30T18:08:23-fbe5dda4785f,bvh,1280,720,10,20,100,118,3,1,0,0,0.038375,0.0455,0.083875,43468,43468.1,0,0,8.01697,73007105,0,1,"Apple M1","Darwin 25.2.0","clang 17.0.0 (clang-1700.6.3.2)",8,2026-01-30T21:53:15,ok
2026-01-30T18:08:23-fbe5dda4785f,bvh,1280,720,10,20,100,118,3,1,0,0,0.046459,0.049084,0.095543,47799.8,47799.9,0,0,8.01697,73017162,0,2,"Apple M1","Darwin 25.2.0","clang 17.0.0 (clang-1700.6.3.2)",8,2026-01-30T21:54:02,ok
2026-01-30T18:08:23-fbe5dda4785f,bvh-mt,1280,720,10,20,100,118,3,1,1,0,0.032875,0.038916,0.071791,24309.3,24309.4,0.040416,0,8.01697,73024403,1,0,"Apple M1","Darwin 25.2.0","clang 17.0.0 (clang-1700.6.3.2)",8,2026-01-30T21:54:27,ok
2026-01-30T18:08:23-fbe5dda4785f,bvh-mt,1280,720,10,20,100,118,3,1,1,0,0.046334,0.045334,0.091668,24040.1,24040.2,0.046958,0,8.01697,73029323,0,1,"Apple M1","Darwin 25.2.0","clang 17.0.0 (clang-1700.6.3.2)",8,2026-01-30T21:54:51,ok
2026-01-30T18:08:23-fbe5dda4785f,bvh-mt,1280,720,10,20,100,118,3,1,1,0,0.0425,0.050542,0.093042,21275.1,21275.2,0.033042,0,8.01697,72981306,0,2,"Apple M1","Darwin 25.2.0","clang 17.0.0 (clang-1700.6.3.2)",8,2026-01-30T21:55:12,ok
2026-01-30T18:08:23-fbe5dda4785f,gpu,1280,720,10,20,100,118,0,0,0,1,0.05375,0,0.05375,6496.21,6496.26,0,6476.77,8.37634,9216000,1,0,"Apple M1","Darwin 25.2.0","clang 17.0.0 (clang-1700.6.3.2)",8,2026-01-30T21:55:19,ok
2026-01-30T18:08:23-fbe5dda4785f,gpu,1280,720,10,20,100,118,0,0,0,1,0.046583,0,0.046583,6475.24,6475.29,0,6471.17,8.51697,9216000,0,1,"Apple M1","Darwin 25.2.0","clang 17.0.0 (clang-1700.6.3.2)",8,2026-01-30T21:55:25,ok
2026-01-30T18:08:23-fbe5dda4785f,gpu,1280,720,10,20,100,118,0,0,0,1,0.069625,0,0.069625,6476.58,6476.65,0,6471.49,8.47009,9216000,0,2,"Apple M1","Darwin 25.2.0","clang 17.0.0 (clang-1700.6.3.2)",8,2026-01-30T21:55:32,ok
2026-01-30T18:08:23-fbe5dda4785f,original,1280,720,10,20,100,118,4,0,0,0,0.069458,0,0.069458,148322,148322,0,0,8.01697,73012968,1,0,"Apple M1","Darwin 25.2.0","clang 17.0.0 (clang-1700.6.3.2)",8,2026-01-30T21:58:00,ok
2026-01-30T18:08:23-fbe5dda4785f,original,1280,720,10,20,100,118,4,0,0,0,0.041709,0,0.041709,147597,147597,0,0,8.01697,73019335,0,1,"Apple M1","Darwin 25.2.0","clang 17.0.0 (clang-1700.6.3.2)",8,2026-01-30T22:00:27,ok
2026-01-30T18:08:23-fbe5dda4785f,original,1280,720,10,20,100,118,4,0,0,0,0.044042,0,0.044042,147412,147412,0,0,8.01697,72947880,0,2,"Apple M1","Darwin 25.2.0","clang 17.0.0 (clang-1700.6.3.2)",8,2026-01-30T22:02:55,ok
2026-01-30T18:08:23-fbe5dda4785f,bvh,1280,720,10,20,100,118,4,1,0,0,0.035375,0.864875,0.90025,46379.4,46380.3,0,0,8.01697,72985682,1,0,"Apple M1","Darwin 25.2.0","clang 17.0.0 (clang-1700.6.3.2)",8,2026-01-30T22:03:41,ok
2026-01-30T18:08:23-fbe5dda4785f,bvh,1280,720,10,20,100,118,4,1,0,0,0.041334,0.043917,0.085251,52112.6,52112.7,0,0,8.01697,73016647,0,1,"Apple M1","Darwin 25.2.0","clang 17.0.0 (clang-1700.6.3.2)",8,2026-01-30T22:04:33,ok
2026-01-30T18:08:23-fbe5dda4785f,bvh,1280,720,10,20,100,118,4,1,0,0,0.045917,0.046833,0.09275,50682.6,50682.7,0,0,8.01697,73013827,0,2,"Apple M1","Darwin 25.2.0","clang 17.0.0 (clang-1700.6.3.2)",8,2026-01-30T22:05:24,ok
2026-01-30T18:08:23-fbe5dda4785f,bvh-mt,1280,720,10,20,100,118,4,1,1,0,0.050875,0.053292,0.104167,16242.9,16243,0.064125,0,8.01697,73002601,1,0,"Apple M1","Darwin 25.2.0","clang 17.0.0 (clang-1700.6.3.2)",8,2026-01-30T22:05:40,ok
2026-01-30T18:08:23-fbe5dda4785f,bvh-mt,1280,720,10,20,100,118,4,1,1,0,0.047334,0.05525,0.102584,16506,16506.1,0.043167,0,8.01697,73026239,0,1,"Apple M1","Darwin 25.2.0","clang 17.0.0 (clang-1700.6.3.2)",8,2026-01-30T22:05:57,ok
2026-01-30T18:08:23-fbe5dda4785f,bvh-mt,1280,720,10,20,100,118,4,1,1,0,0.025375,0.050875,0.07625,18782.6,18782.7,0.067375,0,8.01697,73012955,0,2,"Apple M1","Darwin 25.2.0","clang 17.0.0 (clang-1700.6.3.2)",8,2026-01-30T22:06:16,ok
2026-01-30T18:08:23-fbe5dda4785f,gpu,1280,720,10,20,100,118,0,0,0,1,0.041166,0,0.041166,6488.8,6488.84,0,6478.81,8.42322,9216000,1,0,"Apple M1","Darwin 25.2.0","clang 17.0.0 (clang-1700.6.3.2)",8,2026-01-30T22:06:22,ok
2026-01-30T18:08:23-fbe5dda4785f,gpu,1280,720,10,20,100,118,0,0,0,1,0.061333,0,0.061333,6481.78,6481.85,0,6475.99,8.37634,9216000,0,1,"Apple M1","Darwin 25.2.0","clang 17.0.0 (clang-1700.6.3.2)",8,2026-01-30T22:06:29,ok
2026-01-30T18:08:23-fbe5dda4785f,gpu,1280,720,10,20,100,118,0,0,0,1,0.071417,0,0.071417,6478.06,6478.13,0,6472.54,8.37634,9216000,0,2,"Apple M1","Darwin 25.2.0","clang 17.0.0 (clang-1700.6.3.2)",8,2026-01-30T22:06:35,ok
2026-01-30T18:08:23-fbe5dda4785f,original,1280,720,10,20,100,118,5,0,0,0,0.071208,0,0.071208,149100,149100,0,0,8.01697,73017149,1,0,"Apple M1","Darwin 25.2.0","clang 17.0.0 (clang-1700.6.3.2)",8,2026-01-30T22:09:04,ok
2026-01-30T18:08:23-fbe5dda4785f,original,1280,720,10,20,100,118,5,0,0,0,0.059583,0,0.059583,147854,147854,0,0,8.01697,72999823,0,1,"Apple M1","Darwin 25.2.0","clang 17.0.0 (clang-1700.6.3.2)",8,2026-01-30T22:11:32,ok
2026-01-30T18:08:23-fbe5dda4785f,original,1280,720,10,20,100,118,5,0,0,0,0.042708,0,0.042708,149230,149230,0,0,8.01697,73015525,0,2,"Apple M1","Darwin 25.2.0","clang 17.0.0 (clang-1700.6.3.2)",8,2026-01-30T22:14:01,ok
2026-01-30T18:08:23-fbe5dda4785f,bvh,1280,720,10,20,100,118,5,1,0,0,0.037917,0.718708,0.756625,54172.8,54173.6,0,0,8.01697,72978495,1,0,"Apple M1","Darwin 25.2.0","clang 17.0.0 (clang-1700.6.3.2)",8,2026-01-30T22:14:55,ok
2026-01-30T18:08:23-fbe5dda4785f,bvh,1280,720,10,20,100,118,5,1,0,0,0.052583,0.042417,0.095,50697.9,50698,0,0,8.01697,72980317,0,1,"Apple M1","Darwin 25.2.0","clang 17.0.0 (clang-1700.6.3.2)",8,2026-01-30T22:15:46,ok
2026-01-30T18:08:23-fbe5dda4785f,bvh,1280,720,10,20,100,118,5,1,0,0,0.040375,0.047125,0.0875,50052.2,50052.3,0,0,8.01697,73019702,0,2,"Apple M1","Darwin 25.2.0","clang 17.0.0 (clang-1700.6.3.2)",8,2026-01-30T22:16:36,ok
2026-01-30T18:08:23-fbe5dda4785f,bvh-mt,1280,720,10,20,100,118,5,1,1,0,0.062417,0.046625,0.109042,17361.5,17361.6,0.125083,0,8.01697,73015805,1,0,"Apple M1","Darwin 25.2.0","clang 17.0.0 (clang-1700.6.3.2)",8,2026-01-30T22:16:54,ok
2026-01-30T18:08:23-fbe5dda4785f,bvh-mt,1280,720,10,20,100,118,5,1,1,0,0.046916,0.045625,0.092541,18211.3,18211.4,0.0495,0,8.01697,73013740,0,1,"Apple M1","Darwin 25.2.0","clang 17.0.0 (clang-1700.6.3.2)",8,2026-01-30T22:17:12,ok
2026-01-30T18:08:23-fbe5dda4785f,bvh-mt,1280,720,10,20,100,118,5,1,1,0,0.033458,0.043375,0.076833,20944.2,20944.2,0.056083,0,8.01697,73023822,0,2,"Apple M1","Darwin 25.2.0","clang 17.0.0 (clang-1700.6.3.2)",8,2026-01-30T22:17:33,ok
2026-01-30T18:08:23-fbe5dda4785f,gpu,1280,720,10,20,100,118,0,0,0,1,0.048583,0,0.048583,6492.99,6493.04,0,6466.43,8.37634,9216000,1,0,"Apple M1","Darwin 25.2.0","clang 17.0.0 (clang-1700.6.3.2)",8,2026-01-30T22:17:39,ok
2026-01-30T18:08:23-fbe5dda4785f,gpu,1280,720,10,20,100,118,0,0,0,1,0.050042,0,0.050042,6456.32,6456.37,0,6452.21,8.53259,9216000,0,1,"Apple M1","Darwin 25.2.0","clang 17.0.0 (clang-1700.6.3.2)",8,2026-01-30T22:17:46,ok
2026-01-30T18:08:23-fbe5dda4785f,gpu,1280,720,10,20,100,118,0,0,0,1,0.022833,0,0.022833,6453.92,6453.94,0,6450.61,8.47009,9216000,0,2,"Apple M1","Darwin 25.2.0","clang 17.0.0 (clang-1700.6.3.2)",8,2026-01-30T22:17:52,ok
2026-01-30T18:08:23-fbe5dda4785f,original,1280,720,10,20,100,118,6,0,0,0,0.070916,0,0.070916,149298,149298,0,0,8.01697,73010947,1,0,"Apple M1","Darwin 25.2.0","clang 17.0.0 (clang-1700.6.3.2)",8,2026-01-30T22:20:21,ok
2026-01-30T18:08:23-fbe5dda4785f,original,1280,720,10,20,100,118,6,0,0,0,0.043791,0,0.043791,147204,147204,0,0,8.01697,72994269,0,1,"Apple M1","Darwin 25.2.0","clang 17.0.0 (clang-1700.6.3.2)",8,2026-01-30T22:22:49,ok
2026-01-30T18:08:23-fbe5dda4785f,original,1280,720,10,20,100,118,6,0,0,0,0.041875,0,0.041875,147561,147561,0,0,8.01697,73040514,0,2,"Apple M1","Darwin 25.2.0","clang 17.0.0 (clang-1700.6.3.2)",8,2026-01-30T22:25:16,ok
2026-01-30T18:08:23-fbe5dda4785f,bvh,1280,720,10,20,100,118,6,1,0,0,0.043,0.244167,0.287167,40289.6,40289.8,0,0,8.01697,73021060,1,0,"Apple M1","Darwin 25.2.0","clang 17.0.0 (clang-1700.6.3.2)",8,2026-01-30T22:25:57,ok
2026-01-30T18:08:23-fbe5dda4785f,bvh,1280,720,10,20,100,118,6,1,0,0,0.056125,0.041208,0.097333,54040.4,54040.5,0,0,8.01697,73025375,0,1,"Apple M1","Darwin 25.2.0","clang 17.0.0 (clang-1700.6.3.2)",8,2026-01-30T22:26:51,ok
2026-01-30T18:08:23-fbe5dda4785f,bvh,1280,720,10,20,100,118,6,1,0,0,0.04675,0.043583,0.090333,52136.6,52136.7,0,0,8.01697,72984047,0,2,"Apple M1","Darwin 25.2.0","clang 17.0.0 (clang-1700.6.3.2)",8,2026-01-30T22:27:43,ok
2026-01-30T18:08:23-fbe5dda4785f,bvh-mt,1280,720,10,20,100,118,6,1,1,0,0.045958,0.048875,0.094833,14108.4,14108.5,0.096042,0,8.01697,73006087,1,0,"Apple M1","Darwin 25.2.0","clang 17.0.0 (clang-1700.6.3.2)",8,2026-01-30T22:27:57,ok
2026-01-30T18:08:23-fbe5dda4785f,bvh-mt,1280,720,10,20,100,118,6,1,1,0,0.015958,0.055709,0.071667,15539.2,15539.3,0.058291,0,8.01697,72994284,0,1,"Apple M1","Darwin 25.2.0","clang 17.0.0 (clang-1700.6.3.2)",8,2026-01-30T22:28:12,ok
2026-01-30T18:08:23-fbe5dda4785f,bvh-mt,1280,720,10,20,100,118,6,1,1,0,0.036833,0.055917,0.09275,16983.9,16984,0.064709,0,8.01697,72969751,0,2,"Apple M1","Darwin 25.2.0","clang 17.0.0 (clang-1700.6.3.2)",8,2026-01-30T22:28:29,ok
2026-01-30T18:08:23-fbe5dda4785f,gpu,1280,720,10,20,100,118,0,0,0,1,0.025208,0,0.025208,6479.17,6479.19,0,6459.01,8.37634,9216000,1,0,"Apple M1","Darwin 25.2.0","clang 17.0.0 (clang-1700.6.3.2)",8,2026-01-30T22:28:36,ok
2026-01-30T18:08:23-fbe5dda4785f,gpu,1280,720,10,20,100,118,0,0,0,1,0.049291,0,0.049291,6455.56,6455.6,0,6450.55,8.47009,9216000,0,1,"Apple M1","Darwin 25.2.0","clang 17.0.0 (clang-1700.6.3.2)",8,2026-01-30T22:28:42,ok
2026-01-30T18:08:23-fbe5dda4785f,gpu,1280,720,10,20,100,118,0,0,0,1,0.073875,0,0.073875,6452.1,6452.18,0,6448.25,8.51697,9216000,0,2,"Apple M1","Darwin 25.2.0","clang 17.0.0 (clang-1700.6.3.2)",8,2026-01-30T22:28:49,ok
2026-01-30T18:08:23-fbe5dda4785f,original,1280,720,10,20,100,118,7,0,0,0,0.059875,0,0.059875,794165,794165,0,0,7.98572,73005960,1,0,"Apple M1","Darwin 25.2.0","clang 17.0.0 (clang-1700.6.3.2)",8,2026-01-30T22:42:03,ok
2026-01-30T18:08:23-fbe5dda4785f,original,1280,720,10,20,100,118,7,0,0,0,0.043208,0,0.043208,146864,146864,0,0,7.98572,72956008,0,1,"Apple M1","Darwin 25.2.0","clang 17.0.0 (clang-1700.6.3.2)",8,2026-01-30T22:44:30,ok
2026-01-30T18:08:23-fbe5dda4785f,original,1280,720,10,20,100,118,7,0,0,0,0.031958,0,0.031958,147845,147845,0,0,7.98572,73012489,0,2,"Apple M1","Darwin 25.2.0","clang 17.0.0 (clang-1700.6.3.2)",8,2026-01-30T22:46:58,ok
2026-01-30T18:08:23-fbe5dda4785f,bvh,1280,720,10,20,100,118,7,1,0,0,0.050375,0.210459,0.260834,52327.8,52328.1,0,0,7.98572,73044491,1,0,"Apple M1","Darwin 25.2.0","clang 17.0.0 (clang-1700.6.3.2)",8,2026-01-30T22:47:50,ok
2026-01-30T18:08:23-fbe5dda4785f,bvh,1280,720,10,20,100,118,7,1,0,0,0.074875,0.056834,0.131709,52807.4,52807.6,0,0,7.98572,73014690,0,1,"Apple M1","Darwin 25.2.0","clang 17.0.0 (clang-1700.6.3.2)",8,2026-01-30T22:48:43,ok
2026-01-30T18:08:23-fbe5dda4785f,bvh,1280,720,10,20,100,118,7,1,0,0,0.04025,0.048625,0.088875,51044.5,51044.6,0,0,7.98572,72986623,0,2,"Apple M1","Darwin 25.2.0","clang 17.0.0 (clang-1700.6.3.2)",8,2026-01-30T22:49:34,ok
2026-01-30T18:08:23-fbe5dda4785f,bvh-mt,1280,720,10,20,100,118,7,1,1,0,0.044917,0.057291,0.102208,12418.4,12418.5,0.106542,0,7.98572,73003927,1,0,"Apple M1","Darwin 25.2.0","clang 17.0.0 (clang-1700.6.3.2)",8,2026-01-30T22:49:46,ok
2026-01-30T18:08:23-fbe5dda4785f,bvh-mt,1280,720,10,20,100,118,7,1,1,0,0.021042,0.048625,0.069667,15370.1,15370.2,0.054292,0,7.98572,73024224,0,1,"Apple M1","Darwin 25.2.0","clang 17.0.0 (clang-1700.6.3.2)",8,2026-01-30T22:50:02,ok
2026-01-30T18:08:23-fbe5dda4785f,bvh-mt,1280,720,10,20,100,118,7,1,1,0,0.017,0.042,0.059,14646,14646.1,0.0875,0,7.98572,73032765,0,2,"Apple M1","Darwin 25.2.0","clang 17.0.0 (clang-1700.6.3.2)",8,2026-01-30T22:50:16,ok
2026-01-30T18:08:23-fbe5dda4785f,gpu,1280,720,10,20,100,118,0,0,0,1,0.023041,0,0.023041,6465.85,6465.87,0,6451.38,8.37634,9216000,1,0,"Apple M1","Darwin 25.2.0","clang 17.0.0 (clang-1700.6.3.2)",8,2026-01-30T22:50:23,ok
2026-01-30T18:08:23-fbe5dda4785f,gpu,1280,720,10,20,100,118,0,0,0,1,0.063666,0,0.063666,6444.44,6444.51,0,6439.58,8.47009,9216000,0,1,"Apple M1","Darwin 25.2.0","clang 17.0.0 (clang-1700.6.3.2)",8,2026-01-30T22:50:29,ok
2026-01-30T18:08:23-fbe5dda4785f,gpu,1280,720,10,20,100,118,0,0,0,1,0.0595,0,0.0595,6445.97,6446.03,0,6441.54,8.47009,9216000,0,2,"Apple M1","Darwin 25.2.0","clang 17.0.0 (clang-1700.6.3.2)",8,2026-01-30T22:50:36,ok
2026-01-30T18:08:23-fbe5dda4785f,original,1280,720,10,20,100,118,8,0,0,0,0.066083,0,0.066083,151053,151053,0,0,8.01697,73044636,1,0,"Apple M1","Darwin 25.2.0","clang 17.0.0 (clang-1700.6.3.2)",8,2026-01-30T22:53:07,ok
2026-01-30T18:08:23-fbe5dda4785f,original,1280,720,10,20,100,118,8,0,0,0,0.045292,0,0.045292,147151,147151,0,0,8.01697,73010531,0,1,"Apple M1","Darwin 25.2.0","clang 17.0.0 (clang-1700.6.3.2)",8,2026-01-30T22:55:34,ok
2026-01-30T18:08:23-fbe5dda4785f,original,1280,720,10,20,100,118,8,0,0,0,0.042084,0,0.042084,147141,147141,0,0,8.01697,73021991,0,2,"Apple M1","Darwin 25.2.0","clang 17.0.0 (clang-1700.6.3.2)",8,2026-01-30T22:58:01,ok
2026-01-30T18:08:23-fbe5dda4785f,bvh,1280,720,10,20,100,118,8,1,0,0,0.04575,0.856208,0.901958,50463.4,50464.3,0,0,8.01697,73018971,1,0,"Apple M1","Darwin 25.2.0","clang 17.0.0 (clang-1700.6.3.2)",8,2026-01-30T22:58:51,ok
2026-01-30T18:08:23-fbe5dda4785f,bvh,1280,720,10,20,100,118,8,1,0,0,0.050584,0.047584,0.098168,52979.5,52979.6,0,0,8.01697,73030516,0,1,"Apple M1","Darwin 25.2.0","clang 17.0.0 (clang-1700.6.3.2)",8,2026-01-30T22:59:44,ok
2026-01-30T18:08:23-fbe5dda4785f,bvh,1280,720,10,20,100,118,8,1,0,0,0.036875,0.052541,0.089416,44452.7,44452.8,0,0,8.01697,72988418,0,2,"Apple M1","Darwin 25.2.0","clang 17.0.0 (clang-1700.6.3.2)",8,2026-01-30T23:00:29,ok
2026-01-30T18:08:23-fbe5dda4785f,bvh-mt,1280,720,10,20,100,118,8,1,1,0,0.047084,0.049458,0.096542,13878,13878.1,0.126917,0,8.01697,73023815,1,0,"Apple M1","Darwin 25.2.0","clang 17.0.0 (clang-1700.6.3.2)",8,2026-01-30T23:00:43,ok
2026-01-30T18:08:23-fbe5dda4785f,bvh-mt,1280,720,10,20,100,118,8,1,1,0,0.026875,0.049834,0.076709,14539.8,14539.9,0.090125,0,8.01697,73026299,0,1,"Apple M1","Darwin 25.2.0","clang 17.0.0 (clang-1700.6.3.2)",8,2026-01-30T23:00:57,ok
2026-01-30T18:08:23-fbe5dda4785f,bvh-mt,1280,720,10,20,100,118,8,1,1,0,0.040625,0.049459,0.090084,15632,15632.1,0.077625,0,8.01697,73005928,0,2,"Apple M1","Darwin 25.2.0","clang 17.0.0 (clang-1700.6.3.2)",8,2026-01-30T23:01:13,ok
2026-01-30T18:08:23-fbe5dda4785f,gpu,1280,720,10,20,100,118,0,0,0,1,0.026916,0,0.026916,6477.52,6477.54,0,6465.1,8.37634,9216000,1,0,"Apple M1","Darwin 25.2.0","clang 17.0.0 (clang-1700.6.3.2)",8,2026-01-30T23:01:19,ok
2026-01-30T18:08:23-fbe5dda4785f,gpu,1280,720,10,20,100,118,0,0,0,1,0.068,0,0.068,6451.95,6452.02,0,6447.47,8.51697,9216000,0,1,"Apple M1","Darwin 25.2.0","clang 17.0.0 (clang-1700.6.3.2)",8,2026-01-30T23:01:26,ok
2026-01-30T18:08:23-fbe5dda4785f,gpu,1280,720,10,20,100,118,0,0,0,1,0.059417,0,0.059417,6451.23,6451.29,0,6446.35,8.47009,9216000,0,2,"Apple M1","Darwin 25.2.0","clang 17.0.0 (clang-1700.6.3.2)",8,2026-01-30T23:01:32,ok
2026-01-30T18:08:23-fbe5dda4785f,original,1280,720,20,10,0,18,1,0,0,0,0.033625,0,0.033625,107022,107022,0,0,8.01697,108638238,1,0,"Apple M1","Darwin 25.2.0","clang 17.0.0 (clang-1700.6.3.2)",8,2026-01-30T23:03:19,ok
2026-01-30T18:08:23-fbe5dda4785f,original,1280,720,20,10,0,18,1,0,0,0,0.039583,0,0.039583,108650,108650,0,0,8.01697,108658117,0,1,"Apple M1","Darwin 25.2.0","clang 17.0.0 (clang-1700.6.3.2)",8,2026-01-30T23:05:08,ok
2026-01-30T18:08:23-fbe5dda4785f,original,1280,720,20,10,0,18,1,0,0,0,0.093708,0,0.093708,107213,107213,0,0,8.01697,108664928,0,2,"Apple M1","Darwin 25.2.0","clang 17.0.0 (clang-1700.6.3.2)",8,2026-01-30T23:06:55,ok
2026-01-30T18:08:23-fbe5dda4785f,bvh,1280,720,20,10,0,18,1,1,0,0,0.0765,0.487666,0.564166,46767.1,46767.6,0,0,8.01697,108667259,1,0,"Apple M1","Darwin 25.2.0","clang 17.0.0 (clang-1700.6.3.2)",8,2026-01-30T23:07:42,ok
2026-01-30T18:08:23-fbe5dda4785f,bvh,1280,720,20,10,0,18,1,1,0,0,0.039458,0.016708,0.056166,44743.3,44743.3,0,0,8.01697,108674150,0,1,"Apple M1","Darwin 25.2.0","clang 17.0.0 (clang-1700.6.3.2)",8,2026-01-30T23:08:27,ok
2026-01-30T18:08:23-fbe5dda4785f,bvh,1280,720,20,10,0,18,1,1,0,0,0.019625,0.007792,0.027417,44070.7,44070.7,0,0,8.01697,108651746,0,2,"Apple M1","Darwin 25.2.0","clang 17.0.0 (clang-1700.6.3.2)",8,2026-01-30T23:09:11,ok
2026-01-30T18:08:23-fbe5dda4785f,bvh-mt,1280,720,20,10,0,18,1,1,1,0,0.03675,0.010458,0.047208,41353.9,41353.9,0,0,8.01697,108668603,1,0,"Apple M1","Darwin 25.2.0","clang 17.0.0 (clang-1700.6.3.2)",8,2026-01-30T23:09:52,ok
2026-01-30T18:08:23-fbe5dda4785f,bvh-mt,1280,720,20,10,0,18,1,1,1,0,0.042625,0.011958,0.054583,43495.1,43495.1,0,0,8.01697,108651381,0,1,"Apple M1","Darwin 25.2.0","clang 17.0.0 (clang-1700.6.3.2)",8,2026-01-30T23:10:36,ok
2026-01-30T18:08:23-fbe5dda4785f,bvh-mt,1280,720,20,10,0,18,1,1,1,0,0.0315,0.010375,0.041875,38890.8,38890.8,0,0,8.01697,108645325,0,2,"Apple M1","Darwin 25.2.0","clang 17.0.0 (clang-1700.6.3.2)",8,2026-01-30T23:11:15,ok
2026-01-30T18:08:23-fbe5dda4785f,gpu,1280,720,20,10,0,18,0,0,0,1,0.045083,0,0.045083,3348.44,3348.48,0,3336.19,8.42322,18432000,1,0,"Apple M1","Darwin 25.2.0","clang 17.0.0 (clang-1700.6.3.2)",8,2026-01-30T23:11:18,ok
2026-01-30T18:08:23-fbe5dda4785f,gpu,1280,720,20,10,0,18,0,0,0,1,0.020708,0,0.020708,3346.48,3346.51,0,3323.97,8.39197,18432000,0,1,"Apple M1","Darwin 25.2.0","clang 17.0.0 (clang-1700.6.3.2)",8,2026-01-30T23:11:21,ok
2026-01-30T18:08:23-fbe5dda4785f,gpu,1280,720,20,10,0,18,0,0,0,1,0.034,0,0.034,3330.32,3330.35,0,3324.61,8.47009,18432000,0,2,"Apple M1","Darwin 25.2.0","clang 17.0.0 (clang-1700.6.3.2)",8,2026-01-30T23:11:25,ok
2026-01-30T18:08:23-fbe5dda4785f,original,1280,720,20,10,0,18,2,0,0,0,0.030375,0,0.030375,106244,106244,0,0,8.01697,108670623,1,0,"Apple M1","Darwin 25.2.0","clang 17.0.0 (clang-1700.6.3.2)",8,2026-01-30T23:13:11,ok
2026-01-30T18:08:23-fbe5dda4785f,original,1280,720,20,10,0,18,2,0,0,0,0.040792,0,0.040792,106130,106130,0,0,8.01697,108648250,0,1,"Apple M1","Darwin 25.2.0","clang 17.0.0 (clang-1700.6.3.2)",8,2026-01-30T23:14:57,ok
2026-01-30T18:08:23-fbe5dda4785f,original,1280,720,20,10,0,18,2,0,0,0,0.063,0,0.063,106314,106314,0,0,8.01697,108637381,0,2,"Apple M1","Darwin 25.2.0","clang 17.0.0 (clang-1700.6.3.2)",8,2026-01-30T23:16:43,ok
2026-01-30T18:08:23-fbe5dda4785f,bvh,1280,720,20,10,0,18,2,1,0,0,0.029041,0.024042,0.053083,40112.1,40112.1,0,0,8.01697,108645064,1,0,"Apple M1","Darwin 25.2.0","clang 17.0.0 (clang-1700.6.3.2)",8,2026-01-30T23:17:23,ok
2026-01-30T18:08:23-fbe5dda4785f,bvh,1280,720,20,10,0,18,2,1,0,0,0.044583,0.015333,0.059916,51346.7,51346.8,0,0,8.01697,108651239,0,1,"Apple M1","Darwin 25.2.0","clang 17.0.0 (clang-1700.6.3.2)",8,2026-01-30T23:18:15,ok
2026-01-30T18:08:23-fbe5dda4785f,bvh,1280,720,20,10,0,18,2,1,0,0,0.02175,0.009291,0.031041,43550.1,43550.1,0,0,8.01697,108653043,0,2,"Apple M1","Darwin 25.2.0","clang 17.0.0 (clang-1700.6.3.2)",8,2026-01-30T23:18:58,ok
2026-01-30T18:08:23-fbe5dda4785f,bvh-mt,1280,720,20,10,0,18,2,1,1,0,0.034166,0.0115,0.045666,25298.4,25298.5,0.043833,0,8.01697,108651778,1,0,"Apple M1","Darwin 25.2.0","clang 17.0.0 (clang-1700.6.3.2)",8,2026-01-30T23:19:24,ok
2026-01-30T18:08:23-fbe5dda4785f,bvh-mt,1280,720,20,10,0,18,2,1,1,0,0.029834,0.013625,0.043459,23577.4,23577.5,0.02225,0,8.01697,108648486,0,1,"Apple M1","Darwin 25.2.0","clang 17.0.0 (clang-1700.6.3.2)",8,2026-01-30T23:19:47,ok
2026-01-30T18:08:23-fbe5dda4785f,bvh-mt,1280,720,20,10,0,18,2,1,1,0,0.024458,0.013,0.037458,24759.1,24759.2,0.026458,0,8.01697,108681051,0,2,"Apple M1","Darwin 25.2.0","clang 17.0.0 (clang-1700.6.3.2)",8,2026-01-30T23:20:12,ok
2026-01-30T18:08:23-fbe5dda4785f,gpu,1280,720,20,10,0,18,0,0,0,1,0.033166,0,0.033166,3348.56,3348.59,0,3339.77,8.42322,18432000,1,0,"Apple M1","Darwin 25.2.0","clang 17.0.0 (clang-1700.6.3.2)",8,2026-01-30T23:20:15,ok
2026-01-30T18:08:23-fbe5dda4785f,gpu,1280,720,20,10,0,18,0,0,0,1,0.036167,0,0.036167,3330.14,3330.17,0,3325.24,8.51697,18432000,0,1,"Apple M1","Darwin 25.2.0","clang 17.0.0 (clang-1700.6.3.2)",8,2026-01-30T23:20:19,ok
2026-01-30T18:08:23-fbe5dda4785f,gpu,1280,720,20,10,0,18,0,0,0,1,0.032792,0,0.032792,3327.66,3327.7,0,3322.94,8.53259,18432000,0,2,"Apple M1","Darwin 25.2.0","clang 17.0.0 (clang-1700.6.3.2)",8,2026-01-30T23:20:22,ok
2026-01-30T18:08:23-fbe5dda4785f,original,1280,720,20,10,0,18,3,0,0,0,0.027917,0,0.027917,106445,106445,0,0,7.98572,108628745,1,0,"Apple M1","Darwin 25.2.0","clang 17.0.0 (clang-1700.6.3.2)",8,2026-01-30T23:22:08,ok
2026-01-30T18:08:23-fbe5dda4785f,original,1280,720,20,10,0,18,3,0,0,0,0.041041,0,0.041041,106532,106532,0,0,7.98572,108645751,0,1,"Apple M1","Darwin 25.2.0","clang 17.0.0 (clang-1700.6.3.2)",8,2026-01-30T23:23:55,ok
2026-01-30T18:08:23-fbe5dda4785f,original,1280,720,20,10,0,18,3,0,0,0,0.025209,0,0.025209,106276,106276,0,0,7.98572,108650639,0,2,"Apple M1","Darwin 25.2.0","clang 17.0.0 (clang-1700.6.3.2)",8,2026-01-30T23:25:41,ok
2026-01-30T18:08:23-fbe5dda4785f,bvh,1280,720,20,10,0,18,3,1,0,0,0.033083,1.08,1.11308,43254.2,43255.3,0,0,7.98572,108650706,1,0,"Apple M1","Darwin 25.2.0","clang 17.0.0 (clang-1700.6.3.2)",8,2026-01-30T23:26:24,ok
2026-01-30T18:08:23-fbe5dda4785f,bvh,1280,720,20,10,0,18,3,1,0,0,0.042959,0.010375,0.053334,47584.4,47584.5,0,0,7.98572,108660480,0,1,"Apple M1","Darwin 25.2.0","clang 17.0.0 (clang-1700.6.3.2)",8,2026-01-30T23:27:12,ok
2026-01-30T18:08:23-fbe5dda4785f,bvh,1280,720,20,10,0,18,3,1,0,0,0.031,0.00975,0.04075,39689.6,39689.7,0,0,7.98572,108649505,0,2,"Apple M1","Darwin 25.2.0","clang 17.0.0 (clang-1700.6.3.2)",8,2026-01-30T23:27:52,ok
2026-01-30T18:08:23-fbe5dda4785f,bvh-mt,1280,720,20,10,0,18,3,1,1,0,0.033042,0.013541,0.046583,20218.8,20218.8,0.059542,0,7.98572,108656577,1,0,"Apple M1","Darwin 25.2.0","clang 17.0.0 (clang-1700.6.3.2)",8,2026-01-30T23:28:12,ok
2026-01-30T18:08:23-fbe5dda4785f,bvh-mt,1280,720,20,10,0,18,3,1,1,0,0.015,0.015042,0.030042,20674.2,20674.3,0.035292,0,7.98572,108686079,0,1,"Apple M1","Darwin 25.2.0","clang 17.0.0 (clang-1700.6.3.2)",8,2026-01-30T23:28:33,ok
2026-01-30T18:08:23-fbe5dda4785f,bvh-mt,1280,720,20,10,0,18,3,1,1,0,0.015416,0.0105,0.025916,19101.1,19101.1,0.03175,0,7.98572,108653459,0,2,"Apple M1","Darwin 25.2.0","clang 17.0.0 (clang-1700.6.3.2)",8,2026-01-30T23:28:52,ok
2026-01-30T18:08:23-fbe5dda4785f,gpu,1280,720,20,10,0,18,0,0,0,1,0.029,0,0.029,3360.1,3360.13,0,3336.86,8.36072,18432000,1,0,"Apple M1","Darwin 25.2.0","clang 17.0.0 (clang-1700.6.3.2)",8,2026-01-30T23:28:55,ok
2026-01-30T18:08:23-fbe5dda4785f,gpu,1280,720,20,10,0,18,0,0,0,1,0.038958,0,0.038958,3327.67,3327.71,0,3323.13,8.45447,18432000,0,1,"Apple M1","Darwin 25.2.0","clang 17.0.0 (clang-1700.6.3.2)",8,2026-01-30T23:28:58,ok
2026-01-30T18:08:23-fbe5dda4785f,gpu,1280,720,20,10,0,18,0,0,0,1,0.035667,0,0.035667,3326.85,3326.88,0,3322.83,8.50134,18432000,0,2,"Apple M1","Darwin 25.2.0","clang 17.0.0 (clang-1700.6.3.2)",8,2026-01-30T23:29:02,ok
2026-01-30T18:08:23-fbe5dda4785f,original,1280,720,20,10,0,18,4,0,0,0,0.029833,0,0.029833,106279,106279,0,0,8.00134,108655948,1,0,"Apple M1","Darwin 25.2.0","clang 17.0.0 (clang-1700.6.3.2)",8,2026-01-30T23:30:48,ok
2026-01-30T18:08:23-fbe5dda4785f,original,1280,720,20,10,0,18,4,0,0,0,0.040542,0,0.040542,106607,106608,0,0,8.00134,108661717,0,1,"Apple M1","Darwin 25.2.0","clang 17.0.0 (clang-1700.6.3.2)",8,2026-01-30T23:32:35,ok
2026-01-30T18:08:23-fbe5dda4785f,original,1280,720,20,10,0,18,4,0,0,0,0.032042,0,0.032042,106439,106440,0,0,8.00134,108643274,0,2,"Apple M1","Darwin 25.2.0","clang 17.0.0 (clang-1700.6.3.2)",8,2026-01-30T23:34:21,ok
2026-01-30T18:08:23-fbe5dda4785f,bvh,1280,720,20,10,0,18,4,1,0,0,0.032833,0.572125,0.604958,43543.7,43544.3,0,0,8.00134,108639993,1,0,"Apple M1","Darwin 25.2.0","clang 17.0.0 (clang-1700.6.3.2)",8,2026-01-30T23:35:05,ok
2026-01-30T18:08:23-fbe5dda4785f,bvh,1280,720,20,10,0,18,4,1,0,0,0.034916,0.008833,0.043749,46928.8,46928.8,0,0,8.00134,108628456,0,1,"Apple M1","Darwin 25.2.0","clang 17.0.0 (clang-1700.6.3.2)",8,2026-01-30T23:35:52,ok
2026-01-30T18:08:23-fbe5dda4785f,bvh,1280,720,20,10,0,18,4,1,0,0,0.021334,0.008542,0.029876,45588.1,45588.2,0,0,8.00134,108649472,0,2,"Apple M1","Darwin 25.2.0","clang 17.0.0 (clang-1700.6.3.2)",8,2026-01-30T23:36:37,ok
2026-01-30T18:08:23-fbe5dda4785f,bvh-mt,1280,720,20,10,0,18,4,1,1,0,0.035083,0.010583,0.045666,16995.1,16995.1,0.048625,0,8.00134,108641514,1,0,"Apple M1","Darwin 25.2.0","clang 17.0.0 (clang-1700.6.3.2)",8,2026-01-30T23:36:54,ok
2026-01-30T18:08:23-fbe5dda4785f,bvh-mt,1280,720,20,10,0,18,4,1,1,0,0.040291,0.02,0.060291,16512.1,16512.2,0.045292,0,8.00134,108653992,0,1,"Apple M1","Darwin 25.2.0","clang 17.0.0 (clang-1700.6.3.2)",8,2026-01-30T23:37:11,ok
2026-01-30T18:08:23-fbe5dda4785f,bvh-mt,1280,720,20,10,0,18,4,1,1,0,0.023083,0.014208,0.037291,18821.8,18821.8,0.037167,0,8.00134,108660287,0,2,"Apple M1","Darwin 25.2.0","clang 17.0.0 (clang-1700.6.3.2)",8,2026-01-30T23:37:29,ok
2026-01-30T18:08:23-fbe5dda4785f,gpu,1280,720,20,10,0,18,0,0,0,1,0.0185,0,0.0185,3356.69,3356.71,0,3338.31,8.36072,18432000,1,0,"Apple M1","Darwin 25.2.0","clang 17.0.0 (clang-1700.6.3.2)",8,2026-01-30T23:37:33,ok
2026-01-30T18:08:23-fbe5dda4785f,gpu,1280,720,20,10,0,18,0,0,0,1,0.038792,0,0.038792,3327.09,3327.13,0,3323.41,8.45447,18432000,0,1,"Apple M1","Darwin 25.2.0","clang 17.0.0 (clang-1700.6.3.2)",8,2026-01-30T23:37:36,ok
2026-01-30T18:08:23-fbe5dda4785f,gpu,1280,720,20,10,0,18,0,0,0,1,0.025709,0,0.025709,3329.1,3329.13,0,3324.98,8.45447,18432000,0,2,"Apple M1","Darwin 25.2.0","clang 17.0.0 (clang-1700.6.3.2)",8,2026-01-30T23:37:39,ok
2026-01-30T18:08:23-fbe5dda4785f,original,1280,720,20,10,0,18,5,0,0,0,0.027792,0,0.027792,106517,106517,0,0,8.00134,108661986,1,0,"Apple M1","Darwin 25.2.0","clang 17.0.0 (clang-1700.6.3.2)",8,2026-01-30T23:39:26,ok
2026-01-30T18:08:23-fbe5dda4785f,original,1280,720,20,10,0,18,5,0,0,0,0.039084,0,0.039084,106402,106402,0,0,8.00134,108669267,0,1,"Apple M1","Darwin 25.2.0","clang 17.0.0 (clang-1700.6.3.2)",8,2026-01-30T23:41:12,ok
2026-01-30T18:08:23-fbe5dda4785f,original,1280,720,20,10,0,18,5,0,0,0,0.027583,0,0.027583,106450,106450,0,0,8.00134,108641813,0,2,"Apple M1","Darwin 25.2.0","clang 17.0.0 (clang-1700.6.3.2)",8,2026-01-30T23:42:59,ok
2026-01-30T18:08:23-fbe5dda4785f,bvh,1280,720,20,10,0,18,5,1,0,0,0.02675,0.03175,0.0585,49863.3,49863.4,0,0,8.00134,108643004,1,0,"Apple M1","Darwin 25.2.0","clang 17.0.0 (clang-1700.6.3.2)",8,2026-01-30T23:43:49,ok
2026-01-30T18:08:23-fbe5dda4785f,bvh,1280,720,20,10,0,18,5,1,0,0,0.037792,0.013958,0.05175,42701,42701.1,0,0,8.00134,108634172,0,1,"Apple M1","Darwin 25.2.0","clang 17.0.0 (clang-1700.6.3.2)",8,2026-01-30T23:44:31,ok
2026-01-30T18:08:23-fbe5dda4785f,bvh,1280,720,20,10,0,18,5,1,0,0,0.0265,0.009458,0.035958,45316,45316,0,0,8.00134,108652192,0,2,"Apple M1","Darwin 25.2.0","clang 17.0.0 (clang-1700.6.3.2)",8,2026-01-30T23:45:17,ok
2026-01-30T18:08:23-fbe5dda4785f,bvh-mt,1280,720,20,10,0,18,5,1,1,0,0.033834,0.011666,0.0455,13526,13526.1,0.063625,0,8.00134,108652799,1,0,"Apple M1","Darwin 25.2.0","clang 17.0.0 (clang-1700.6.3.2)",8,2026-01-30T23:45:30,ok
2026-01-30T18:08:23-fbe5dda4785f,bvh-mt,1280,720,20,10,0,18,5,1,1,0,0.032708,0.016333,0.049041,16251,16251.1,0.056834,0,8.00134,108669010,0,1,"Apple M1","Darwin 25.2.0","clang 17.0.0 (clang-1700.6.3.2)",8,2026-01-30T23:45:47,ok
2026-01-30T18:08:23-fbe5dda4785f,bvh-mt,1280,720,20,10,0,18,5,1,1,0,0.026459,0.016,0.042459,18994.5,18994.5,0.064459,0,8.00134,108678440,0,2,"Apple M1","Darwin 25.2.0","clang 17.0.0 (clang-1700.6.3.2)",8,2026-01-30T23:46:06,ok
2026-01-30T18:08:23-fbe5dda4785f,gpu,1280,720,20,10,0,18,0,0,0,1,0.015333,0,0.015333,3355.83,3355.85,0,3340.2,8.37634,18432000,1,0,"Apple M1","Darwin 25.2.0","clang 17.0.0 (clang-1700.6.3.2)",8,2026-01-30T23:46:09,ok
2026-01-30T18:08:23-fbe5dda4785f,gpu,1280,720,20,10,0,18,0,0,0,1,0.034,0,0.034,3327.86,3327.89,0,3323.76,8.53259,18432000,0,1,"Apple M1","Darwin 25.2.0","clang 17.0.0 (clang-1700.6.3.2)",8,2026-01-30T23:46:12,ok
2026-01-30T18:08:23-fbe5dda4785f,gpu,1280,720,20,10,0,18,0,0,0,1,0.034583,0,0.034583,3328.44,3328.48,0,3323.52,8.51697,18432000,0,2,"Apple M1","Darwin 25.2.0","clang 17.0.0 (clang-1700.6.3.2)",8,2026-01-30T23:46:16,ok
2026-01-30T18:08:23-fbe5dda4785f,original,1280,720,20,10,0,18,6,0,0,0,0.03425,0,0.03425,106701,106701,0,0,8.00134,108667359,1,0,"Apple M1","Darwin 25.2.0","clang 17.0.0 (clang-1700.6.3.2)",8,2026-01-30T23:48:02,ok
2026-01-30T18:08:23-fbe5dda4785f,original,1280,720,20,10,0,18,6,0,0,0,0.040417,0,0.040417,106194,106194,0,0,8.00134,108654213,0,1,"Apple M1","Darwin 25.2.0","clang 17.0.0 (clang-1700.6.3.2)",8,2026-01-30T23:49:48,ok
2026-01-30T18:08:23-fbe5dda4785f,original,1280,720,20,10,0,18,6,0,0,0,0.026541,0,0.026541,106283,106283,0,0,8.00134,108644935,0,2,"Apple M1","Darwin 25.2.0","clang 17.0.0 (clang-1700.6.3.2)",8,2026-01-30T23:51:35,ok
2026-01-30T18:08:23-fbe5dda4785f,bvh,1280,720,20,10,0,18,6,1,0,0,0.036375,1.75487,1.79125,45525.8,45527.6,0,0,8.00134,108667123,1,0,"Apple M1","Darwin 25.2.0","clang 17.0.0 (clang-1700.6.3.2)",8,2026-01-30T23:52:20,ok
2026-01-30T18:08:23-fbe5dda4785f,bvh,1280,720,20,10,0,18,6,1,0,0,0.043375,0.010541,0.053916,39382.7,39382.8,0,0,8.00134,108672695,0,1,"Apple M1","Darwin 25.2.0","clang 17.0.0 (clang-1700.6.3.2)",8,2026-01-30T23:53:00,ok
2026-01-30T18:08:23-fbe5dda4785f,bvh,1280,720,20,10,0,18,6,1,0,0,0.028083,0.015292,0.043375,40568.1,40568.2,0,0,8.00134,108654844,0,2,"Apple M1","Darwin 25.2.0","clang 17.0.0 (clang-1700.6.3.2)",8,2026-01-30T23:53:40,ok
2026-01-30T18:08:23-fbe5dda4785f,bvh-mt,1280,720,20,10,0,18,6,1,1,0,0.034167,0.01325,0.047417,14616.3,14616.3,0.125167,0,8.00134,108639346,1,0,"Apple M1","Darwin 25.2.0","clang 17.0.0 (clang-1700.6.3.2)",8,2026-01-30T23:53:55,ok
2026-01-30T18:08:23-fbe5dda4785f,bvh-mt,1280,720,20,10,0,18,6,1,1,0,0.043708,0.015334,0.059042,15137.5,15137.5,0.084125,0,8.00134,108659701,0,1,"Apple M1","Darwin 25.2.0","clang 17.0.0 (clang-1700.6.3.2)",8,2026-01-30T23:54:10,ok
2026-01-30T18:08:23-fbe5dda4785f,bvh-mt,1280,720,20,10,0,18,6,1,1,0,0.0275,0.015,0.0425,16646.7,16646.8,0.076833,0,8.00134,108642025,0,2,"Apple M1","Darwin 25.2.0","clang 17.0.0 (clang-1700.6.3.2)",8,2026-01-30T23:54:27,ok
2026-01-30T18:08:23-fbe5dda4785f,gpu,1280,720,20,10,0,18,0,0,0,1,0.011167,0,0.011167,3359.21,3359.22,0,3340.14,8.37634,18432000,1,0,"Apple M1","Darwin 25.2.0","clang 17.0.0 (clang-1700.6.3.2)",8,2026-01-30T23:54:30,ok
2026-01-30T18:08:23-fbe5dda4785f,gpu,1280,720,20,10,0,18,0,0,0,1,0.039083,0,0.039083,3325.47,3325.51,0,3321.05,8.47009,18432000,0,1,"Apple M1","Darwin 25.2.0","clang 17.0.0 (clang-1700.6.3.2)",8,2026-01-30T23:54:33,ok
2026-01-30T18:08:23-fbe5dda4785f,gpu,1280,720,20,10,0,18,0,0,0,1,0.033542,0,0.033542,3328.2,3328.23,0,3323.79,8.47009,18432000,0,2,"Apple M1","Darwin 25.2.0","clang 17.0.0 (clang-1700.6.3.2)",8,2026-01-30T23:54:37,ok
2026-01-30T18:08:23-fbe5dda4785f,original,1280,720,20,10,0,18,7,0,0,0,0.034625,0,0.034625,106506,106506,0,0,8.01697,108661782,1,0,"Apple M1","Darwin 25.2.0","clang 17.0.0 (clang-1700.6.3.2)",8,2026-01-30T23:56:23,ok
2026-01-30T18:08:23-fbe5dda4785f,original,1280,720,20,10,0,18,7,0,0,0,0.041834,0,0.041834,106213,106213,0,0,8.01697,108665161,0,1,"Apple M1","Darwin 25.2.0","clang 17.0.0 (clang-1700.6.3.2)",8,2026-01-30T23:58:09,ok
2026-01-30T18:08:23-fbe5dda4785f,original,1280,720,20,10,0,18,7,0,0,0,0.031542,0,0.031542,106120,106120,0,0,8.01697,108657251,0,2,"Apple M1","Darwin 25.2.0","clang 17.0.0 (clang-1700.6.3.2)",8,2026-01-30T23:59:55,ok
2026-01-30T18:08:23-fbe5dda4785f,bvh,1280,720,20,10,0,18,7,1,0,0,0.032916,0.027292,0.060208,44314.1,44314.1,0,0,8.01697,108641515,1,0,"Apple M1","Darwin 25.2.0","clang 17.0.0 (clang-1700.6.3.2)",8,2026-01-31T00:00:40,ok
2026-01-30T18:08:23-fbe5dda4785f,bvh,1280,720,20,10,0,18,7,1,0,0,0.04025,0.011167,0.051417,43259.8,43259.8,0,0,8.01697,108626312,0,1,"Apple M1","Darwin 25.2.0","clang 17.0.0 (clang-1700.6.3.2)",8,2026-01-31T00:01:23,ok
2026-01-30T18:08:23-fbe5dda4785f,bvh,1280,720,20,10,0,18,7,1,0,0,0.024417,0.00975,0.034167,42780.6,42780.6,0,0,8.01697,108669029,0,2,"Apple M1","Darwin 25.2.0","clang 17.0.0 (clang-1700.6.3.2)",8,2026-01-31T00:02:06,ok
2026-01-30T18:08:23-fbe5dda4785f,bvh-mt,1280,720,20,10,0,18,7,1,1,0,0.032042,0.011333,0.043375,12936.9,12937,0.092458,0,8.01697,108649423,1,0,"Apple M1","Darwin 25.2.0","clang 17.0.0 (clang-1700.6.3.2)",8,2026-01-31T00:02:19,ok
2026-01-30T18:08:23-fbe5dda4785f,bvh-mt,1280,720,20,10,0,18,7,1,1,0,0.01325,0.01175,0.025,14782.5,14782.5,0.050208,0,8.01697,108631800,0,1,"Apple M1","Darwin 25.2.0","clang 17.0.0 (clang-1700.6.3.2)",8,2026-01-31T00:02:34,ok
2026-01-30T18:08:23-fbe5dda4785f,bvh-mt,1280,720,20,10,0,18,7,1,1,0,0.00975,0.006541,0.016291,14116.1,14116.2,0.065917,0,8.01697,108670820,0,2,"Apple M1","Darwin 25.2.0","clang 17.0.0 (clang-1700.6.3.2)",8,2026-01-31T00:02:48,ok
2026-01-30T18:08:23-fbe5dda4785f,gpu,1280,720,20,10,0,18,0,0,0,1,0.021084,0,0.021084,3347.18,3347.2,0,3338.54,8.37634,18432000,1,0,"Apple M1","Darwin 25.2.0","clang 17.0.0 (clang-1700.6.3.2)",8,2026-01-31T00:02:51,ok
2026-01-30T18:08:23-fbe5dda4785f,gpu,1280,720,20,10,0,18,0,0,0,1,0.020792,0,0.020792,3326.65,3326.67,0,3323.18,8.47009,18432000,0,1,"Apple M1","Darwin 25.2.0","clang 17.0.0 (clang-1700.6.3.2)",8,2026-01-31T00:02:54,ok
2026-01-30T18:08:23-fbe5dda4785f,gpu,1280,720,20,10,0,18,0,0,0,1,0.010208,0,0.010208,3325.39,3325.4,0,3322.58,8.47009,18432000,0,2,"Apple M1","Darwin 25.2.0","clang 17.0.0 (clang-1700.6.3.2)",8,2026-01-31T00:02:58,ok
2026-01-30T18:08:23-fbe5dda4785f,original,1280,720,20,10,0,18,8,0,0,0,0.021833,0,0.021833,106345,106345,0,0,8.01697,108642101,1,0,"Apple M1","Darwin 25.2.0","clang 17.0.0 (clang-1700.6.3.2)",8,2026-01-31T00:04:44,ok
2026-01-30T18:08:23-fbe5dda4785f,original,1280,720,20,10,0,18,8,0,0,0,0.04325,0,0.04325,106312,106312,0,0,8.01697,108664871,0,1,"Apple M1","Darwin 25.2.0","clang 17.0.0 (clang-1700.6.3.2)",8,2026-01-31T00:06:30,ok
2026-01-30T18:08:23-fbe5dda4785f,original,1280,720,20,10,0,18,8,0,0,0,0.032334,0,0.032334,106184,106184,0,0,8.01697,108671378,0,2,"Apple M1","Darwin 25.2.0","clang 17.0.0 (clang-1700.6.3.2)",8,2026-01-31T00:08:17,ok
2026-01-30T18:08:23-fbe5dda4785f,bvh,1280,720,20,10,0,18,8,1,0,0,0.03275,0.022709,0.055459,46342.6,46342.6,0,0,8.01697,108631342,1,0,"Apple M1","Darwin 25.2.0","clang 17.0.0 (clang-1700.6.3.2)",8,2026-01-31T00:09:03,ok
2026-01-30T18:08:23-fbe5dda4785f,bvh,1280,720,20,10,0,18,8,1,0,0,0.041792,0.011791,0.053583,42967.3,42967.4,0,0,8.01697,108647551,0,1,"Apple M1","Darwin 25.2.0","clang 17.0.0 (clang-1700.6.3.2)",8,2026-01-31T00:09:46,ok
2026-01-30T18:08:23-fbe5dda4785f,bvh,1280,720,20,10,0,18,8,1,0,0,0.020375,0.0085,0.028875,49704.7,49704.7,0,0,8.01697,108646858,0,2,"Apple M1","Darwin 25.2.0","clang 17.0.0 (clang-1700.6.3.2)",8,2026-01-31T00:10:36,ok
2026-01-30T18:08:23-fbe5dda4785f,bvh-mt,1280,720,20,10,0,18,8,1,1,0,0.034709,0.012291,0.047,12817.3,12817.3,0.116083,0,8.01697,108652631,1,0,"Apple M1","Darwin 25.2.0","clang 17.0.0 (clang-1700.6.3.2)",8,2026-01-31T00:10:48,ok
2026-01-30T18:08:23-fbe5dda4785f,bvh-mt,1280,720,20,10,0,18,8,1,1,0,0.041084,0.015625,0.056709,13285.5,13285.6,0.107833,0,8.01697,108641187,0,1,"Apple M1","Darwin 25.2.0","clang 17.0.0 (clang-1700.6.3.2)",8,2026-01-31T00:11:02,ok
2026-01-30T18:08:23-fbe5dda4785f,bvh-mt,1280,720,20,10,0,18,8,1,1,0,0.026042,0.014708,0.04075,13240.6,13240.7,0.066416,0,8.01697,108669786,0,2,"Apple M1","Darwin 25.2.0","clang 17.0.0 (clang-1700.6.3.2)",8,2026-01-31T00:11:15,ok
2026-01-30T18:08:23-fbe5dda4785f,gpu,1280,720,20,10,0,18,0,0,0,1,0.036666,0,0.036666,3342.53,3342.57,0,3336.65,8.37634,18432000,1,0,"Apple M1","Darwin 25.2.0","clang 17.0.0 (clang-1700.6.3.2)",8,2026-01-31T00:11:18,ok
2026-01-30T18:08:23-fbe5dda4785f,gpu,1280,720,20,10,0,18,0,0,0,1,0.034792,0,0.034792,3328.13,3328.16,0,3323.31,8.51697,18432000,0,1,"Apple M1","Darwin 25.2.0","clang 17.0.0 (clang-1700.6.3.2)",8,2026-01-31T00:11:22,ok
2026-01-30T18:08:23-fbe5dda4785f,gpu,1280,720,20,10,0,18,0,0,0,1,0.016209,0,0.016209,3326.6,3326.62,0,3323.62,8.51697,18432000,0,2,"Apple M1","Darwin 25.2.0","clang 17.0.0 (clang-1700.6.3.2)",8,2026-01-31T00:11:25,ok
2026-01-30T18:08:23-fbe5dda4785f,original,1280,720,20,10,100,118,1,0,0,0,0.074667,0,0.074667,215783,215783,0,0,8.01697,110945624,1,0,"Apple M1","Darwin 25.2.0","clang 17.0.0 (clang-1700.6.3.2)",8,2026-01-31T00:15:01,ok
2026-01-30T18:08:23-fbe5dda4785f,original,1280,720,20,10,100,118,1,0,0,0,0.057833,0,0.057833,212505,212505,0,0,8.01697,110926772,0,1,"Apple M1","Darwin 25.2.0","clang 17.0.0 (clang-1700.6.3.2)",8,2026-01-31T00:18:33,ok
2026-01-30T18:08:23-fbe5dda4785f,original,1280,720,20,10,100,118,1,0,0,0,0.034125,0,0.034125,211960,211960,0,0,8.01697,110932852,0,2,"Apple M1","Darwin 25.2.0","clang 17.0.0 (clang-1700.6.3.2)",8,2026-01-31T00:22:05,ok
2026-01-30T18:08:23-fbe5dda4785f,bvh,1280,720,20,10,100,118,1,1,0,0,0.04925,1.15504,1.20429,62649.2,62650.4,0,0,8.01697,110932614,1,0,"Apple M1","Darwin 25.2.0","clang 17.0.0 (clang-1700.6.3.2)",8,2026-01-31T00:23:08,ok
2026-01-30T18:08:23-fbe5dda4785f,bvh,1280,720,20,10,100,118,1,1,0,0,0.050417,0.042583,0.093,76417.5,76417.6,0,0,8.01697,110925640,0,1,"Apple M1","Darwin 25.2.0","clang 17.0.0 (clang-1700.6.3.2)",8,2026-01-31T00:24:24,ok
2026-01-30T18:08:23-fbe5dda4785f,bvh,1280,720,20,10,100,118,1,1,0,0,0.042417,0.042458,0.084875,63475.9,63476,0,0,8.01697,110928894,0,2,"Apple M1","Darwin 25.2.0","clang 17.0.0 (clang-1700.6.3.2)",8,2026-01-31T00:25:28,ok
2026-01-30T18:08:23-fbe5dda4785f,bvh-mt,1280,720,20,10,100,118,1,1,1,0,0.045417,0.040166,0.085583,76836.2,76836.3,0,0,8.01697,110932718,1,0,"Apple M1","Darwin 25.2.0","clang 17.0.0 (clang-1700.6.3.2)",8,2026-01-31T00:26:45,ok
2026-01-30T18:08:23-fbe5dda4785f,bvh-mt,1280,720,20,10,100,118,1,1,1,0,0.059,0.042708,0.101708,73640,73640.1,0,0,8.01697,110940823,0,1,"Apple M1","Darwin 25.2.0","clang 17.0.0 (clang-1700.6.3.2)",8,2026-01-31T00:27:58,ok
2026-01-30T18:08:23-fbe5dda4785f,bvh-mt,1280,720,20,10,100,118,1,1,1,0,0.030125,0.046958,0.077083,70826.8,70826.9,0,0,8.01697,110940253,0,2,"Apple M1","Darwin 25.2.0","clang 17.0.0 (clang-1700.6.3.2)",8,2026-01-31T00:29:09,ok
2026-01-30T18:08:23-fbe5dda4785f,gpu,1280,720,20,10,100,118,0,0,0,1,0.046458,0,0.046458,6584.19,6584.24,0,6563.22,8.37634,18432000,1,0,"Apple M1","Darwin 25.2.0","clang 17.0.0 (clang-1700.6.3.2)",8,2026-01-31T00:29:16,ok
2026-01-30T18:08:23-fbe5dda4785f,gpu,1280,720,20,10,100,118,0,0,0,1,0.049667,0,0.049667,6550.83,6550.88,0,6547.95,8.51697,18432000,0,1,"Apple M1","Darwin 25.2.0","clang 17.0.0 (clang-1700.6.3.2)",8,2026-01-31T00:29:22,ok
2026-01-30T18:08:23-fbe5dda4785f,gpu,1280,720,20,10,100,118,0,0,0,1,0.062333,0,0.062333,6553.91,6553.97,0,6549.25,8.47009,18432000,0,2,"Apple M1","Darwin 25.2.0","clang 17.0.0 (clang-1700.6.3.2)",8,2026-01-31T00:29:29,ok
2026-01-30T18:08:23-fbe5dda4785f,original,1280,720,20,10,100,118,2,0,0,0,0.056792,0,0.056792,213816,213816,0,0,8.01697,110927941,1,0,"Apple M1","Darwin 25.2.0","clang 17.0.0 (clang-1700.6.3.2)",8,2026-01-31T00:33:03,ok
2026-01-30T18:08:23-fbe5dda4785f,original,1280,720,20,10,100,118,2,0,0,0,0.050458,0,0.050458,211781,211781,0,0,8.01697,110910287,0,1,"Apple M1","Darwin 25.2.0","clang 17.0.0 (clang-1700.6.3.2)",8,2026-01-31T00:36:34,ok
2026-01-30T18:08:23-fbe5dda4785f,original,1280,720,20,10,100,118,2,0,0,0,0.036833,0,0.036833,211639,211639,0,0,8.01697,110935284,0,2,"Apple M1","Darwin 25.2.0","clang 17.0.0 (clang-1700.6.3.2)",8,2026-01-31T00:40:06,ok
2026-01-30T18:08:23-fbe5dda4785f,bvh,1280,720,20,10,100,118,2,1,0,0,0.03125,1.09587,1.12712,59394.4,59395.5,0,0,8.01697,110912488,1,0,"Apple M1","Darwin 25.2.0","clang 17.0.0 (clang-1700.6.3.2)",8,2026-01-31T00:41:05,ok
2026-01-30T18:08:23-fbe5dda4785f,bvh,1280,720,20,10,100,118,2,1,0,0,0.038084,0.032416,0.0705,78663,78663.1,0,0,8.01697,110917582,0,1,"Apple M1","Darwin 25.2.0","clang 17.0.0 (clang-1700.6.3.2)",8,2026-01-31T00:42:24,ok
2026-01-30T18:08:23-fbe5dda4785f,bvh,1280,720,20,10,100,118,2,1,0,0,0.041875,0.049958,0.091833,62653.3,62653.4,0,0,8.01697,110939582,0,2,"Apple M1","Darwin 25.2.0","clang 17.0.0 (clang-1700.6.3.2)",8,2026-01-31T00:43:27,ok
2026-01-30T18:08:23-fbe5dda4785f,bvh-mt,1280,720,20,10,100,118,2,1,1,0,0.03275,0.041333,0.074083,38082.1,38082.2,0.032875,0,8.01697,110933264,1,0,"Apple M1","Darwin 25.2.0","clang 17.0.0 (clang-1700.6.3.2)",8,2026-01-31T00:44:05,ok
2026-01-30T18:08:23-fbe5dda4785f,bvh-mt,1280,720,20,10,100,118,2,1,1,0,0.052209,0.044209,0.096418,36255.4,36255.5,0.026625,0,8.01697,110922801,0,1,"Apple M1","Darwin 25.2.0","clang 17.0.0 (clang-1700.6.3.2)",8,2026-01-31T00:44:41,ok
2026-01-30T18:08:23-fbe5dda4785f,bvh-mt,1280,720,20,10,100,118,2,1,1,0,0.038375,0.044209,0.082584,43235.6,43235.7,0.035625,0,8.01697,110914790,0,2,"Apple M1","Darwin 25.2.0","clang 17.0.0 (clang-1700.6.3.2)",8,2026-01-31T00:45:24,ok
2026-01-30T18:08:23-fbe5dda4785f,gpu,1280,720,20,10,100,118,0,0,0,1,0.043958,0,0.043958,6581,6581.05,0,6564.77,8.37634,18432000,1,0,"Apple M1","Darwin 25.2.0","clang 17.0.0 (clang-1700.6.3.2)",8,2026-01-31T00:45:31,ok
2026-01-30T18:08:23-fbe5dda4785f,gpu,1280,720,20,10,100,118,0,0,0,1,0.061042,0,0.061042,6554.59,6554.65,0,6551.19,8.51697,18432000,0,1,"Apple M1","Darwin 25.2.0","clang 17.0.0 (clang-1700.6.3.2)",8,2026-01-31T00:45:37,ok
2026-01-30T18:08:23-fbe5dda4785f,gpu,1280,720,20,10,100,118,0,0,0,1,0.032083,0,0.032083,6551.39,6551.42,0,6546.82,8.43884,18432000,0,2,"Apple M1","Darwin 25.2.0","clang 17.0.0 (clang-1700.6.3.2)",8,2026-01-31T00:45:44,ok
2026-01-30T18:08:23-fbe5dda4785f,original,1280,720,20,10,100,118,3,0,0,0,0.091708,0,0.091708,214272,214272,0,0,7.98572,110929208,1,0,"Apple M1","Darwin 25.2.0","clang 17.0.0 (clang-1700.6.3.2)",8,2026-01-31T00:49:18,ok
2026-01-30T18:08:23-fbe5dda4785f,original,1280,720,20,10,100,118,3,0,0,0,0.047709,0,0.047709,212282,212282,0,0,7.98572,110913326,0,1,"Apple M1","Darwin 25.2.0","clang 17.0.0 (clang-1700.6.3.2)",8,2026-01-31T00:52:51,ok
2026-01-30T18:08:23-fbe5dda4785f,original,1280,720,20,10,100,118,3,0,0,0,0.036458,0,0.036458,211873,211873,0,0,7.98572,110897484,0,2,"Apple M1","Darwin 25.2.0","clang 17.0.0 (clang-1700.6.3.2)",8,2026-01-31T00:56:22,ok
2026-01-30T18:08:23-fbe5dda4785f,bvh,1280,720,20,10,100,118,3,1,0,0,0.048125,0.819916,0.868041,63093.3,63094.2,0,0,7.98572,110951867,1,0,"Apple M1","Darwin 25.2.0","clang 17.0.0 (clang-1700.6.3.2)",8,2026-01-31T00:57:26,ok
2026-01-30T18:08:23-fbe5dda4785f,bvh,1280,720,20,10,100,118,3,1,0,0,0.055625,0.04875,0.104375,69920.3,69920.4,0,0,7.98572,110945505,0,1,"Apple M1","Darwin 25.2.0","clang 17.0.0 (clang-1700.6.3.2)",8,2026-01-31T00:58:35,ok
2026-01-30T18:08:23-fbe5dda4785f,bvh,1280,720,20,10,100,118,3,1,0,0,0.033125,0.048458,0.081583,67969.1,67969.2,0,0,7.98572,110959760,0,2,"Apple M1","Darwin 25.2.0","clang 17.0.0 (clang-1700.6.3.2)",8,2026-01-31T00:59:43,ok
2026-01-30T18:08:23-fbe5dda4785f,bvh-mt,1280,720,20,10,100,118,3,1,1,0,0.050708,0.043542,0.09425,28101.3,28101.4,0.06825,0,7.98572,110920517,1,0,"Apple M1","Darwin 25.2.0","clang 17.0.0 (clang-1700.6.3.2)",8,2026-01-31T01:00:12,ok
2026-01-30T18:08:23-fbe5dda4785f,bvh-mt,1280,720,20,10,100,118,3,1,1,0,0.042791,0.044875,0.087666,27624.6,27624.7,0.035875,0,7.98572,110922924,0,1,"Apple M1","Darwin 25.2.0","clang 17.0.0 (clang-1700.6.3.2)",8,2026-01-31T01:00:39,ok
2026-01-30T18:08:23-fbe5dda4785f,bvh-mt,1280,720,20,10,100,118,3,1,1,0,0.03175,0.053625,0.085375,31151,31151,0.029,0,7.98572,110908684,0,2,"Apple M1","Darwin 25.2.0","clang 17.0.0 (clang-1700.6.3.2)",8,2026-01-31T01:01:10,ok
2026-01-30T18:08:23-fbe5dda4785f,gpu,1280,720,20,10,100,118,0,0,0,1,0.041334,0,0.041334,6587.1,6587.14,0,6565.91,8.34509,18432000,1,0,"Apple M1","Darwin 25.2.0","clang 17.0.0 (clang-1700.6.3.2)",8,2026-01-31T01:01:17,ok
2026-01-30T18:08:23-fbe5dda4785f,gpu,1280,720,20,10,100,118,0,0,0,1,4.40367,0,4.40367,6558.43,6562.83,0,6546.73,8.48572,18432000,0,1,"Apple M1","Darwin 25.2.0","clang 17.0.0 (clang-1700.6.3.2)",8,2026-01-31T01:01:23,ok
2026-01-30T18:08:23-fbe5dda4785f,gpu,1280,720,20,10,100,118,0,0,0,1,0.0635,0,0.0635,6553.57,6553.64,0,6548.86,8.37634,18432000,0,2,"Apple M1","Darwin 25.2.0","clang 17.0.0 (clang-1700.6.3.2)",8,2026-01-31T01:01:30,ok
2026-01-30T18:08:23-fbe5dda4785f,original,1280,720,20,10,100,118,4,0,0,0,0.046708,0,0.046708,213878,213878,0,0,8.01697,110926821,1,0,"Apple M1","Darwin 25.2.0","clang 17.0.0 (clang-1700.6.3.2)",8,2026-01-31T01:05:04,ok
2026-01-30T18:08:23-fbe5dda4785f,original,1280,720,20,10,100,118,4,0,0,0,0.055625,0,0.055625,211823,211823,0,0,8.01697,110933693,0,1,"Apple M1","Darwin 25.2.0","clang 17.0.0 (clang-1700.6.3.2)",8,2026-01-31T01:08:36,ok
2026-01-30T18:08:23-fbe5dda4785f,original,1280,720,20,10,100,118,4,0,0,0,0.051375,0,0.051375,212181,212181,0,0,8.01697,110925552,0,2,"Apple M1","Darwin 25.2.0","clang 17.0.0 (clang-1700.6.3.2)",8,2026-01-31T01:12:08,ok
2026-01-30T18:08:23-fbe5dda4785f,bvh,1280,720,20,10,100,118,4,1,0,0,0.048083,0.6675,0.715583,67553.4,67554.1,0,0,8.01697,110919479,1,0,"Apple M1","Darwin 25.2.0","clang 17.0.0 (clang-1700.6.3.2)",8,2026-01-31T01:13:15,ok
2026-01-30T18:08:23-fbe5dda4785f,bvh,1280,720,20,10,100,118,4,1,0,0,0.045833,0.048042,0.093875,63102.9,63103,0,0,8.01697,110939536,0,1,"Apple M1","Darwin 25.2.0","clang 17.0.0 (clang-1700.6.3.2)",8,2026-01-31T01:14:19,ok
2026-01-30T18:08:23-fbe5dda4785f,bvh,1280,720,20,10,100,118,4,1,0,0,0.036042,0.043041,0.079083,79072.1,79072.2,0,0,8.01697,110917730,0,2,"Apple M1","Darwin 25.2.0","clang 17.0.0 (clang-1700.6.3.2)",8,2026-01-31T01:15:38,ok
2026-01-30T18:08:23-fbe5dda4785f,bvh-mt,1280,720,20,10,100,118,4,1,1,0,0.04275,0.0435,0.08625,25514.9,25515,0.047125,0,8.01697,110921582,1,0,"Apple M1","Darwin 25.2.0","clang 17.0.0 (clang-1700.6.3.2)",8,2026-01-31T01:16:03,ok
2026-01-30T18:08:23-fbe5dda4785f,bvh-mt,1280,720,20,10,100,118,4,1,1,0,0.048083,0.05175,0.099833,29437.9,29438,0.056958,0,8.01697,110924594,0,1,"Apple M1","Darwin 25.2.0","clang 17.0.0 (clang-1700.6.3.2)",8,2026-01-31T01:16:33,ok
2026-01-30T18:08:23-fbe5dda4785f,bvh-mt,1280,720,20,10,100,118,4,1,1,0,0.0295,0.0485,0.078,27480.5,27480.6,0.045209,0,8.01697,110928601,0,2,"Apple M1","Darwin 25.2.0","clang 17.0.0 (clang-1700.6.3.2)",8,2026-01-31T01:17:00,ok
2026-01-30T18:08:23-fbe5dda4785f,gpu,1280,720,20,10,100,118,0,0,0,1,0.024333,0,0.024333,6576.27,6576.3,0,6563.27,8.37634,18432000,1,0,"Apple M1","Darwin 25.2.0","clang 17.0.0 (clang-1700.6.3.2)",8,2026-01-31T01:17:07,ok
2026-01-30T18:08:23-fbe5dda4785f,gpu,1280,720,20,10,100,118,0,0,0,1,0.074333,0,0.074333,6560.34,6560.41,0,6549.16,8.47009,18432000,0,1,"Apple M1","Darwin 25.2.0","clang 17.0.0 (clang-1700.6.3.2)",8,2026-01-31T01:17:13,ok
2026-01-30T18:08:23-fbe5dda4785f,gpu,1280,720,20,10,100,118,0,0,0,1,0.0355,0,0.0355,6554.64,6554.67,0,6550.22,8.47009,18432000,0,2,"Apple M1","Darwin 25.2.0","clang 17.0.0 (clang-1700.6.3.2)",8,2026-01-31T01:17:20,ok
2026-01-30T18:08:23-fbe5dda4785f,original,1280,720,20,10,100,118,5,0,0,0,0.058333,0,0.058333,214028,214028,0,0,8.01697,110929220,1,0,"Apple M1","Darwin 25.2.0","clang 17.0.0 (clang-1700.6.3.2)",8,2026-01-31T01:20:54,ok
2026-01-30T18:08:23-fbe5dda4785f,original,1280,720,20,10,100,118,5,0,0,0,0.046917,0,0.046917,211749,211749,0,0,8.01697,110920025,0,1,"Apple M1","Darwin 25.2.0","clang 17.0.0 (clang-1700.6.3.2)",8,2026-01-31T01:24:26,ok
2026-01-30T18:08:23-fbe5dda4785f,original,1280,720,20,10,100,118,5,0,0,0,0.042417,0,0.042417,212004,212004,0,0,8.01697,110912457,0,2,"Apple M1","Darwin 25.2.0","clang 17.0.0 (clang-1700.6.3.2)",8,2026-01-31T01:27:58,ok
2026-01-30T18:08:23-fbe5dda4785f,bvh,1280,720,20,10,100,118,5,1,0,0,0.048208,0.40925,0.457458,70345.3,70345.7,0,0,8.01697,110936842,1,0,"Apple M1","Darwin 25.2.0","clang 17.0.0 (clang-1700.6.3.2)",8,2026-01-31T01:29:08,ok
2026-01-30T18:08:23-fbe5dda4785f,bvh,1280,720,20,10,100,118,5,1,0,0,0.057125,0.047917,0.105042,67966,67966.1,0,0,8.01697,110915796,0,1,"Apple M1","Darwin 25.2.0","clang 17.0.0 (clang-1700.6.3.2)",8,2026-01-31T01:30:16,ok
2026-01-30T18:08:23-fbe5dda4785f,bvh,1280,720,20,10,100,118,5,1,0,0,0.033333,0.046792,0.080125,60103,60103,0,0,8.01697,110952702,0,2,"Apple M1","Darwin 25.2.0","clang 17.0.0 (clang-1700.6.3.2)",8,2026-01-31T01:31:16,ok
2026-01-30T18:08:23-fbe5dda4785f,bvh-mt,1280,720,20,10,100,118,5,1,1,0,0.035292,0.044541,0.079833,20853.1,20853.2,0.07825,0,8.01697,110922247,1,0,"Apple M1","Darwin 25.2.0","clang 17.0.0 (clang-1700.6.3.2)",8,2026-01-31T01:31:37,ok
2026-01-30T18:08:23-fbe5dda4785f,bvh-mt,1280,720,20,10,100,118,5,1,1,0,0.04275,0.045916,0.088666,21393.4,21393.5,0.049458,0,8.01697,110938244,0,1,"Apple M1","Darwin 25.2.0","clang 17.0.0 (clang-1700.6.3.2)",8,2026-01-31T01:31:58,ok
2026-01-30T18:08:23-fbe5dda4785f,bvh-mt,1280,720,20,10,100,118,5,1,1,0,0.035083,0.048625,0.083708,23838.9,23839,0.050542,0,8.01697,110930910,0,2,"Apple M1","Darwin 25.2.0","clang 17.0.0 (clang-1700.6.3.2)",8,2026-01-31T01:32:22,ok
2026-01-30T18:08:23-fbe5dda4785f,gpu,1280,720,20,10,100,118,0,0,0,1,0.033,0,0.033,6575.78,6575.82,0,6566.13,8.43884,18432000,1,0,"Apple M1","Darwin 25.2.0","clang 17.0.0 (clang-1700.6.3.2)",8,2026-01-31T01:32:29,ok
2026-01-30T18:08:23-fbe5dda4785f,gpu,1280,720,20,10,100,118,0,0,0,1,0.073375,0,0.073375,6560.72,6560.79,0,6551.19,8.39197,18432000,0,1,"Apple M1","Darwin 25.2.0","clang 17.0.0 (clang-1700.6.3.2)",8,2026-01-31T01:32:35,ok
2026-01-30T18:08:23-fbe5dda4785f,gpu,1280,720,20,10,100,118,0,0,0,1,0.055208,0,0.055208,6564.43,6564.49,0,6550.52,8.51697,18432000,0,2,"Apple M1","Darwin 25.2.0","clang 17.0.0 (clang-1700.6.3.2)",8,2026-01-31T01:32:42,ok
2026-01-30T18:08:23-fbe5dda4785f,original,1280,720,20,10,100,118,6,0,0,0,0.035875,0,0.035875,216853,216853,0,0,8.04822,110938969,1,0,"Apple M1","Darwin 25.2.0","clang 17.0.0 (clang-1700.6.3.2)",8,2026-01-31T01:36:19,ok
2026-01-30T18:08:23-fbe5dda4785f,original,1280,720,20,10,100,118,6,0,0,0,0.042166,0,0.042166,212285,212285,0,0,8.04822,110936554,0,1,"Apple M1","Darwin 25.2.0","clang 17.0.0 (clang-1700.6.3.2)",8,2026-01-31T01:39:51,ok
2026-01-30T18:08:23-fbe5dda4785f,original,1280,720,20,10,100,118,6,0,0,0,0.043666,0,0.043666,214254,214254,0,0,8.04822,110959288,0,2,"Apple M1","Darwin 25.2.0","clang 17.0.0 (clang-1700.6.3.2)",8,2026-01-31T01:43:25,ok
2026-01-30T18:08:23-fbe5dda4785f,bvh,1280,720,20,10,100,118,6,1,0,0,0.036833,0.18725,0.224083,75770.4,75770.6,0,0,8.04822,110904593,1,0,"Apple M1","Darwin 25.2.0","clang 17.0.0 (clang-1700.6.3.2)",8,2026-01-31T01:44:41,ok
2026-01-30T18:08:23-fbe5dda4785f,bvh,1280,720,20,10,100,118,6,1,0,0,0.05725,0.045208,0.102458,61342.2,61342.3,0,0,8.04822,110914189,0,1,"Apple M1","Darwin 25.2.0","clang 17.0.0 (clang-1700.6.3.2)",8,2026-01-31T01:45:42,ok
2026-01-30T18:08:23-fbe5dda4785f,bvh,1280,720,20,10,100,118,6,1,0,0,0.03175,0.03575,0.0675,75727.8,75727.9,0,0,8.04822,110935348,0,2,"Apple M1","Darwin 25.2.0","clang 17.0.0 (clang-1700.6.3.2)",8,2026-01-31T01:46:58,ok
2026-01-30T18:08:23-fbe5dda4785f,bvh-mt,1280,720,20,10,100,118,6,1,1,0,0.042375,0.051458,0.093833,22627.7,22627.7,0.090208,0,8.04822,110922448,1,0,"Apple M1","Darwin 25.2.0","clang 17.0.0 (clang-1700.6.3.2)",8,2026-01-31T01:47:21,ok
2026-01-30T18:08:23-fbe5dda4785f,bvh-mt,1280,720,20,10,100,118,6,1,1,0,0.045292,0.059834,0.105126,22901.6,22901.7,0.066292,0,8.04822,110910852,0,1,"Apple M1","Darwin 25.2.0","clang 17.0.0 (clang-1700.6.3.2)",8,2026-01-31T01:47:44,ok
2026-01-30T18:08:23-fbe5dda4785f,bvh-mt,1280,720,20,10,100,118,6,1,1,0,0.038833,0.054041,0.092874,24344.8,24344.9,0.06675,0,8.04822,110927944,0,2,"Apple M1","Darwin 25.2.0","clang 17.0.0 (clang-1700.6.3.2)",8,2026-01-31T01:48:08,ok
2026-01-30T18:08:23-fbe5dda4785f,gpu,1280,720,20,10,100,118,0,0,0,1,0.041209,0,0.041209,6579.56,6579.6,0,6568.36,8.40759,18432000,1,0,"Apple M1","Darwin 25.2.0","clang 17.0.0 (clang-1700.6.3.2)",8,2026-01-31T01:48:15,ok
2026-01-30T18:08:23-fbe5dda4785f,gpu,1280,720,20,10,100,118,0,0,0,1,0.048167,0,0.048167,6556.62,6556.67,0,6552.18,8.56384,18432000,0,1,"Apple M1","Darwin 25.2.0","clang 17.0.0 (clang-1700.6.3.2)",8,2026-01-31T01:48:21,ok
2026-01-30T18:08:23-fbe5dda4785f,gpu,1280,720,20,10,100,118,0,0,0,1,0.049,0,0.049,6553.79,6553.84,0,6549.83,8.50134,18432000,0,2,"Apple M1","Darwin 25.2.0","clang 17.0.0 (clang-1700.6.3.2)",8,2026-01-31T01:48:28,ok
2026-01-30T18:08:23-fbe5dda4785f,original,1280,720,20,10,100,118,7,0,0,0,0.05375,0,0.05375,214663,214663,0,0,8.04822,110907662,1,0,"Apple M1","Darwin 25.2.0","clang 17.0.0 (clang-1700.6.3.2)",8,2026-01-31T01:52:02,ok
2026-01-30T18:08:23-fbe5dda4785f,original,1280,720,20,10,100,118,7,0,0,0,0.041416,0,0.041416,212285,212285,0,0,8.04822,110917434,0,1,"Apple M1","Darwin 25.2.0","clang 17.0.0 (clang-1700.6.3.2)",8,2026-01-31T01:55:35,ok
2026-01-30T18:08:23-fbe5dda4785f,original,1280,720,20,10,100,118,7,0,0,0,0.046459,0,0.046459,212031,212031,0,0,8.04822,110937870,0,2,"Apple M1","Darwin 25.2.0","clang 17.0.0 (clang-1700.6.3.2)",8,2026-01-31T01:59:07,ok
2026-01-30T18:08:23-fbe5dda4785f,bvh,1280,720,20,10,100,118,7,1,0,0,0.041667,1.31808,1.35975,80426.8,80428.1,0,0,8.04822,110930868,1,0,"Apple M1","Darwin 25.2.0","clang 17.0.0 (clang-1700.6.3.2)",8,2026-01-31T02:00:27,ok
2026-01-30T18:08:23-fbe5dda4785f,bvh,1280,720,20,10,100,118,7,1,0,0,0.055041,0.040042,0.095083,75471.3,75471.3,0,0,8.04822,110949908,0,1,"Apple M1","Darwin 25.2.0","clang 17.0.0 (clang-1700.6.3.2)",8,2026-01-31T02:01:43,ok
2026-01-30T18:08:23-fbe5dda4785f,bvh,1280,720,20,10,100,118,7,1,0,0,0.047459,0.056458,0.103917,59974.4,59974.5,0,0,8.04822,110942189,0,2,"Apple M1","Darwin 25.2.0","clang 17.0.0 (clang-1700.6.3.2)",8,2026-01-31T02:02:43,ok
2026-01-30T18:08:23-fbe5dda4785f,bvh-mt,1280,720,20,10,100,118,7,1,1,0,0.051209,0.048042,0.099251,21863.2,21863.3,0.092833,0,8.04822,110920993,1,0,"Apple M1","Darwin 25.2.0","clang 17.0.0 (clang-1700.6.3.2)",8,2026-01-31T02:03:04,ok
2026-01-30T18:08:23-fbe5dda4785f,bvh-mt,1280,720,20,10,100,118,7,1,1,0,0.027959,0.05375,0.081709,19603.1,19603.1,0.09275,0,8.04822,110948999,0,1,"Apple M1","Darwin 25.2.0","clang 17.0.0 (clang-1700.6.3.2)",8,2026-01-31T02:03:24,ok
2026-01-30T18:08:23-fbe5dda4785f,bvh-mt,1280,720,20,10,100,118,7,1,1,0,0.015041,0.036875,0.051916,27439.8,27439.9,0.072625,0,8.04822,110912512,0,2,"Apple M1","Darwin 25.2.0","clang 17.0.0 (clang-1700.6.3.2)",8,2026-01-31T02:03:51,ok
2026-01-30T18:08:23-fbe5dda4785f,gpu,1280,720,20,10,100,118,0,0,0,1,0.051542,0,0.051542,6573.8,6573.85,0,6565.88,8.45447,18432000,1,0,"Apple M1","Darwin 25.2.0","clang 17.0.0 (clang-1700.6.3.2)",8,2026-01-31T02:03:58,ok
2026-01-30T18:08:23-fbe5dda4785f,gpu,1280,720,20,10,100,118,0,0,0,1,0.028292,0,0.028292,6552.39,6552.42,0,6548.56,8.40759,18432000,0,1,"Apple M1","Darwin 25.2.0","clang 17.0.0 (clang-1700.6.3.2)",8,2026-01-31T02:04:05,ok
2026-01-30T18:08:23-fbe5dda4785f,gpu,1280,720,20,10,100,118,0,0,0,1,0.046083,0,0.046083,6550.98,6551.02,0,6546.43,8.50134,18432000,0,2,"Apple M1","Darwin 25.2.0","clang 17.0.0 (clang-1700.6.3.2)",8,2026-01-31T02:04:11,ok
2026-01-30T18:08:23-fbe5dda4785f,original,1280,720,20,10,100,118,8,0,0,0,0.052,0,0.052,214674,214674,0,0,8.04822,110892215,1,0,"Apple M1","Darwin 25.2.0","clang 17.0.0 (clang-1700.6.3.2)",8,2026-01-31T02:07:46,ok
2026-01-30T18:08:23-fbe5dda4785f,original,1280,720,20,10,100,118,8,0,0,0,0.0355,0,0.0355,211919,211919,0,0,8.04822,110926647,0,1,"Apple M1","Darwin 25.2.0","clang 17.0.0 (clang-1700.6.3.2)",8,2026-01-31T02:11:18,ok
2026-01-30T18:08:23-fbe5dda4785f,original,1280,720,20,10,100,118,8,0,0,0,0.044542,0,0.044542,212320,212320,0,0,8.04822,110924939,0,2,"Apple M1","Darwin 25.2.0","clang 17.0.0 (clang-1700.6.3.2)",8,2026-01-31T02:14:50,ok
2026-01-30T18:08:23-fbe5dda4785f,bvh,1280,720,20,10,100,118,8,1,0,0,0.044959,0.585084,0.630043,66953.4,66954,0,0,8.04822,110949363,1,0,"Apple M1","Darwin 25.2.0","clang 17.0.0 (clang-1700.6.3.2)",8,2026-01-31T02:15:57,ok
2026-01-30T18:08:23-fbe5dda4785f,bvh,1280,720,20,10,100,118,8,1,0,0,0.055875,0.05475,0.110625,61957.7,61957.8,0,0,8.04822,110929321,0,1,"Apple M1","Darwin 25.2.0","clang 17.0.0 (clang-1700.6.3.2)",8,2026-01-31T02:16:59,ok
2026-01-30T18:08:23-fbe5dda4785f,bvh,1280,720,20,10,100,118,8,1,0,0,0.040291,0.041083,0.081374,76302,76302.1,0,0,8.04822,110930953,0,2,"Apple M1","Darwin 25.2.0","clang 17.0.0 (clang-1700.6.3.2)",8,2026-01-31T02:18:15,ok
2026-01-30T18:08:23-fbe5dda4785f,bvh-mt,1280,720,20,10,100,118,8,1,1,0,0.049208,0.047833,0.097041,18633.3,18633.3,0.081833,0,8.04822,110958817,1,0,"Apple M1","Darwin 25.2.0","clang 17.0.0 (clang-1700.6.3.2)",8,2026-01-31T02:18:34,ok
2026-01-30T18:08:23-fbe5dda4785f,bvh-mt,1280,720,20,10,100,118,8,1,1,0,0.02025,0.057,0.07725,19828.8,19828.9,0.055625,0,8.04822,110918059,0,1,"Apple M1","Darwin 25.2.0","clang 17.0.0 (clang-1700.6.3.2)",8,2026-01-31T02:18:54,ok
2026-01-30T18:08:23-fbe5dda4785f,bvh-mt,1280,720,20,10,100,118,8,1,1,0,0.020833,0.048917,0.06975,19488.2,19488.3,0.074958,0,8.04822,110937442,0,2,"Apple M1","Darwin 25.2.0","clang 17.0.0 (clang-1700.6.3.2)",8,2026-01-31T02:19:13,ok
2026-01-30T18:08:23-fbe5dda4785f,gpu,1280,720,20,10,100,118,0,0,0,1,0.017292,0,0.017292,6586.31,6586.33,0,6566.45,8.40759,18432000,1,0,"Apple M1","Darwin 25.2.0","clang 17.0.0 (clang-1700.6.3.2)",8,2026-01-31T02:19:20,ok
2026-01-30T18:08:23-fbe5dda4785f,gpu,1280,720,20,10,100,118,0,0,0,1,0.063583,0,0.063583,6555.41,6555.47,0,6549.91,8.50134,18432000,0,1,"Apple M1","Darwin 25.2.0","clang 17.0.0 (clang-1700.6.3.2)",8,2026-01-31T02:19:26,ok
2026-01-30T18:08:23-fbe5dda4785f,gpu,1280,720,20,10,100,118,0,0,0,1,0.0735,0,0.0735,6553.16,6553.24,0,6547.98,8.40759,18432000,0,2,"Apple M1","Darwin 25.2.0","clang 17.0.0 (clang-1700.6.3.2)",8,2026-01-31T02:19:33,ok
2026-01-30T18:08:23-fbe5dda4785f,original,1280,720,20,20,0,18,1,0,0,0,0.044542,0,0.044542,144536,144536,0,0,8.04822,138322109,1,0,"Apple M1","Darwin 25.2.0","clang 17.0.0 (clang-1700.6.3.2)",8,2026-01-31T02:21:58,ok
2026-01-30T18:08:23-fbe5dda4785f,original,1280,720,20,20,0,18,1,0,0,0,0.0365,0,0.0365,144358,144358,0,0,8.04822,138303256,0,1,"Apple M1","Darwin 25.2.0","clang 17.0.0 (clang-1700.6.3.2)",8,2026-01-31T02:24:22,ok
2026-01-30T18:08:23-fbe5dda4785f,original,1280,720,20,20,0,18,1,0,0,0,0.026709,0,0.026709,144191,144191,0,0,8.04822,138305051,0,2,"Apple M1","Darwin 25.2.0","clang 17.0.0 (clang-1700.6.3.2)",8,2026-01-31T02:26:46,ok
2026-01-30T18:08:23-fbe5dda4785f,bvh,1280,720,20,20,0,18,1,1,0,0,0.026583,0.018625,0.045208,62397,62397,0,0,8.04822,138313936,1,0,"Apple M1","Darwin 25.2.0","clang 17.0.0 (clang-1700.6.3.2)",8,2026-01-31T02:27:48,ok
2026-01-30T18:08:23-fbe5dda4785f,bvh,1280,720,20,20,0,18,1,1,0,0,0.041917,0.01175,0.053667,60916.9,60916.9,0,0,8.04822,138302279,0,1,"Apple M1","Darwin 25.2.0","clang 17.0.0 (clang-1700.6.3.2)",8,2026-01-31T02:28:49,ok
2026-01-30T18:08:23-fbe5dda4785f,bvh,1280,720,20,20,0,18,1,1,0,0,0.029833,0.008917,0.03875,55272.9,55273,0,0,8.04822,138277861,0,2,"Apple M1","Darwin 25.2.0","clang 17.0.0 (clang-1700.6.3.2)",8,2026-01-31T02:29:45,ok
2026-01-30T18:08:23-fbe5dda4785f,bvh-mt,1280,720,20,20,0,18,1,1,1,0,0.030625,0.010417,0.041042,59698.8,59698.9,0,0,8.04822,138325062,1,0,"Apple M1","Darwin 25.2.0","clang 17.0.0 (clang-1700.6.3.2)",8,2026-01-31T02:30:44,ok
2026-01-30T18:08:23-fbe5dda4785f,bvh-mt,1280,720,20,20,0,18,1,1,1,0,0.042708,0.010292,0.053,59084.9,59085,0,0,8.04822,138340500,0,1,"Apple M1","Darwin 25.2.0","clang 17.0.0 (clang-1700.6.3.2)",8,2026-01-31T02:31:43,ok
2026-01-30T18:08:23-fbe5dda4785f,bvh-mt,1280,720,20,20,0,18,1,1,1,0,0.030667,0.012,0.042667,56548.4,56548.4,0,0,8.04822,138353327,0,2,"Apple M1","Darwin 25.2.0","clang 17.0.0 (clang-1700.6.3.2)",8,2026-01-31T02:32:40,ok
2026-01-30T18:08:23-fbe5dda4785f,gpu,1280,720,20,20,0,18,0,0,0,1,0.037208,0,0.037208,6500.47,6500.51,0,6493.74,8.45447,18432000,1,0,"Apple M1","Darwin 25.2.0","clang 17.0.0 (clang-1700.6.3.2)",8,2026-01-31T02:32:47,ok
2026-01-30T18:08:23-fbe5dda4785f,gpu,1280,720,20,20,0,18,0,0,0,1,0.037708,0,0.037708,6488.59,6488.63,0,6483.62,8.50134,18432000,0,1,"Apple M1","Darwin 25.2.0","clang 17.0.0 (clang-1700.6.3.2)",8,2026-01-31T02:32:53,ok
2026-01-30T18:08:23-fbe5dda4785f,gpu,1280,720,20,20,0,18,0,0,0,1,0.032625,0,0.032625,6489.26,6489.29,0,6485.52,8.45447,18432000,0,2,"Apple M1","Darwin 25.2.0","clang 17.0.0 (clang-1700.6.3.2)",8,2026-01-31T02:33:00,ok
2026-01-30T18:08:23-fbe5dda4785f,original,1280,720,20,20,0,18,2,0,0,0,0.021625,0,0.021625,144348,144348,0,0,8.04822,138305638,1,0,"Apple M1","Darwin 25.2.0","clang 17.0.0 (clang-1700.6.3.2)",8,2026-01-31T02:35:24,ok
2026-01-30T18:08:23-fbe5dda4785f,original,1280,720,20,20,0,18,2,0,0,0,0.031625,0,0.031625,145234,145234,0,0,8.04822,138341664,0,1,"Apple M1","Darwin 25.2.0","clang 17.0.0 (clang-1700.6.3.2)",8,2026-01-31T02:37:49,ok
2026-01-30T18:08:23-fbe5dda4785f,original,1280,720,20,20,0,18,2,0,0,0,0.03,0,0.03,144324,144324,0,0,8.04822,138316437,0,2,"Apple M1","Darwin 25.2.0","clang 17.0.0 (clang-1700.6.3.2)",8,2026-01-31T02:40:13,ok
2026-01-30T18:08:23-fbe5dda4785f,bvh,1280,720,20,20,0,18,2,1,0,0,0.029333,0.027666,0.056999,70065.8,70065.8,0,0,8.04822,138329615,1,0,"Apple M1","Darwin 25.2.0","clang 17.0.0 (clang-1700.6.3.2)",8,2026-01-31T02:41:24,ok
2026-01-30T18:08:23-fbe5dda4785f,bvh,1280,720,20,20,0,18,2,1,0,0,0.115208,0.012375,0.127583,60652.3,60652.4,0,0,8.04822,138302406,0,1,"Apple M1","Darwin 25.2.0","clang 17.0.0 (clang-1700.6.3.2)",8,2026-01-31T02:42:24,ok
2026-01-30T18:08:23-fbe5dda4785f,bvh,1280,720,20,20,0,18,2,1,0,0,0.023917,0.008792,0.032709,60820.8,60820.8,0,0,8.04822,138287817,0,2,"Apple M1","Darwin 25.2.0","clang 17.0.0 (clang-1700.6.3.2)",8,2026-01-31T02:43:25,ok
2026-01-30T18:08:23-fbe5dda4785f,bvh-mt,1280,720,20,20,0,18,2,1,1,0,0.044084,0.010959,0.055043,38838.1,38838.1,0.033417,0,8.04822,138344402,1,0,"Apple M1","Darwin 25.2.0","clang 17.0.0 (clang-1700.6.3.2)",8,2026-01-31T02:44:04,ok
2026-01-30T18:08:23-fbe5dda4785f,bvh-mt,1280,720,20,20,0,18,2,1,1,0,0.036459,0.0155,0.051959,32607.6,32607.6,0.03275,0,8.04822,138334888,0,1,"Apple M1","Darwin 25.2.0","clang 17.0.0 (clang-1700.6.3.2)",8,2026-01-31T02:44:36,ok
2026-01-30T18:08:23-fbe5dda4785f,bvh-mt,1280,720,20,20,0,18,2,1,1,0,0.033917,0.012583,0.0465,32839.6,32839.7,0.028167,0,8.04822,138331142,0,2,"Apple M1","Darwin 25.2.0","clang 17.0.0 (clang-1700.6.3.2)",8,2026-01-31T02:45:09,ok
2026-01-30T18:08:23-fbe5dda4785f,gpu,1280,720,20,20,0,18,0,0,0,1,0.034833,0,0.034833,6502.35,6502.39,0,6494.58,8.45447,18432000,1,0,"Apple M1","Darwin 25.2.0","clang 17.0.0 (clang-1700.6.3.2)",8,2026-01-31T02:45:16,ok
2026-01-30T18:08:23-fbe5dda4785f,gpu,1280,720,20,20,0,18,0,0,0,1,0.020833,0,0.020833,6487.59,6487.61,0,6484.28,8.43884,18432000,0,1,"Apple M1","Darwin 25.2.0","clang 17.0.0 (clang-1700.6.3.2)",8,2026-01-31T02:45:22,ok
2026-01-30T18:08:23-fbe5dda4785f,gpu,1280,720,20,20,0,18,0,0,0,1,0.022167,0,0.022167,6488.84,6488.86,0,6485.97,8.45447,18432000,0,2,"Apple M1","Darwin 25.2.0","clang 17.0.0 (clang-1700.6.3.2)",8,2026-01-31T02:45:29,ok
2026-01-30T18:08:23-fbe5dda4785f,original,1280,720,20,20,0,18,3,0,0,0,0.034292,0,0.034292,144358,144358,0,0,8.04822,138326898,1,0,"Apple M1","Darwin 25.2.0","clang 17.0.0 (clang-1700.6.3.2)",8,2026-01-31T02:47:53,ok
2026-01-30T18:08:23-fbe5dda4785f,original,1280,720,20,20,0,18,3,0,0,0,0.041166,0,0.041166,144449,144449,0,0,8.04822,138330390,0,1,"Apple M1","Darwin 25.2.0","clang 17.0.0 (clang-1700.6.3.2)",8,2026-01-31T02:50:18,ok
2026-01-30T18:08:23-fbe5dda4785f,original,1280,720,20,20,0,18,3,0,0,0,0.024792,0,0.024792,144398,144398,0,0,8.04822,138377522,0,2,"Apple M1","Darwin 25.2.0","clang 17.0.0 (clang-1700.6.3.2)",8,2026-01-31T02:52:42,ok
2026-01-30T18:08:23-fbe5dda4785f,bvh,1280,720,20,20,0,18,3,1,0,0,0.031667,0.415,0.446667,71342.1,71342.6,0,0,8.04822,138328334,1,0,"Apple M1","Darwin 25.2.0","clang 17.0.0 (clang-1700.6.3.2)",8,2026-01-31T02:53:53,ok
2026-01-30T18:08:23-fbe5dda4785f,bvh,1280,720,20,20,0,18,3,1,0,0,0.038416,0.011,0.049416,58442.7,58442.7,0,0,8.04822,138307430,0,1,"Apple M1","Darwin 25.2.0","clang 17.0.0 (clang-1700.6.3.2)",8,2026-01-31T02:54:52,ok
2026-01-30T18:08:23-fbe5dda4785f,bvh,1280,720,20,20,0,18,3,1,0,0,0.029042,0.009333,0.038375,55202.2,55202.3,0,0,8.04822,138315128,0,2,"Apple M1","Darwin 25.2.0","clang 17.0.0 (clang-1700.6.3.2)",8,2026-01-31T02:55:47,ok
2026-01-30T18:08:23-fbe5dda4785f,bvh-mt,1280,720,20,20,0,18,3,1,1,0,0.03125,0.011917,0.043167,28809.3,28809.3,0.0455,0,8.04822,138373193,1,0,"Apple M1","Darwin 25.2.0","clang 17.0.0 (clang-1700.6.3.2)",8,2026-01-31T02:56:16,ok
2026-01-30T18:08:23-fbe5dda4785f,bvh-mt,1280,720,20,20,0,18,3,1,1,0,0.03025,0.014416,0.044666,27968.1,27968.2,0.031208,0,8.04822,138321118,0,1,"Apple M1","Darwin 25.2.0","clang 17.0.0 (clang-1700.6.3.2)",8,2026-01-31T02:56:44,ok
2026-01-30T18:08:23-fbe5dda4785f,bvh-mt,1280,720,20,20,0,18,3,1,1,0,0.027958,0.016333,0.044291,29928.5,29928.6,0.034125,0,8.04822,138274624,0,2,"Apple M1","Darwin 25.2.0","clang 17.0.0 (clang-1700.6.3.2)",8,2026-01-31T02:57:14,ok
2026-01-30T18:08:23-fbe5dda4785f,gpu,1280,720,20,20,0,18,0,0,0,1,0.034833,0,0.034833,6505.67,6505.7,0,6494.68,8.40759,18432000,1,0,"Apple M1","Darwin 25.2.0","clang 17.0.0 (clang-1700.6.3.2)",8,2026-01-31T02:57:20,ok
2026-01-30T18:08:23-fbe5dda4785f,gpu,1280,720,20,20,0,18,0,0,0,1,0.052333,0,0.052333,6571.63,6571.69,0,6566.47,8.50134,18432000,0,1,"Apple M1","Darwin 25.2.0","clang 17.0.0 (clang-1700.6.3.2)",8,2026-01-31T02:57:27,ok
2026-01-30T18:08:23-fbe5dda4785f,gpu,1280,720,20,20,0,18,0,0,0,1,0.031792,0,0.031792,6487.1,6487.13,0,6482.33,8.50134,18432000,0,2,"Apple M1","Darwin 25.2.0","clang 17.0.0 (clang-1700.6.3.2)",8,2026-01-31T02:57:33,ok
2026-01-30T18:08:23-fbe5dda4785f,original,1280,720,20,20,0,18,4,0,0,0,0.040833,0,0.040833,144637,144637,0,0,8.04822,138355114,1,0,"Apple M1","Darwin 25.2.0","clang 17.0.0 (clang-1700.6.3.2)",8,2026-01-31T02:59:58,ok
2026-01-30T18:08:23-fbe5dda4785f,original,1280,720,20,20,0,18,4,0,0,0,0.046708,0,0.046708,144401,144401,0,0,8.04822,138333870,0,1,"Apple M1","Darwin 25.2.0","clang 17.0.0 (clang-1700.6.3.2)",8,2026-01-31T03:02:22,ok
2026-01-30T18:08:23-fbe5dda4785f,original,1280,720,20,20,0,18,4,0,0,0,0.030709,0,0.030709,144438,144438,0,0,8.04822,138306821,0,2,"Apple M1","Darwin 25.2.0","clang 17.0.0 (clang-1700.6.3.2)",8,2026-01-31T03:04:47,ok
2026-01-30T18:08:23-fbe5dda4785f,bvh,1280,720,20,20,0,18,4,1,0,0,0.028375,0.596333,0.624708,54652.3,54652.9,0,0,8.04822,138364683,1,0,"Apple M1","Darwin 25.2.0","clang 17.0.0 (clang-1700.6.3.2)",8,2026-01-31T03:05:41,ok
2026-01-30T18:08:23-fbe5dda4785f,bvh,1280,720,20,20,0,18,4,1,0,0,0.04275,0.011667,0.054417,52863.6,52863.6,0,0,8.04822,138335502,0,1,"Apple M1","Darwin 25.2.0","clang 17.0.0 (clang-1700.6.3.2)",8,2026-01-31T03:06:34,ok
2026-01-30T18:08:23-fbe5dda4785f,bvh,1280,720,20,20,0,18,4,1,0,0,0.02525,0.01525,0.0405,64484.9,64484.9,0,0,8.04822,138281973,0,2,"Apple M1","Darwin 25.2.0","clang 17.0.0 (clang-1700.6.3.2)",8,2026-01-31T03:07:39,ok
2026-01-30T18:08:23-fbe5dda4785f,bvh-mt,1280,720,20,20,0,18,4,1,1,0,0.029792,0.009875,0.039667,18793.6,18793.7,0.058833,0,8.04822,138336949,1,0,"Apple M1","Darwin 25.2.0","clang 17.0.0 (clang-1700.6.3.2)",8,2026-01-31T03:07:58,ok
2026-01-30T18:08:23-fbe5dda4785f,bvh-mt,1280,720,20,20,0,18,4,1,1,0,0.014875,0.012791,0.027666,22256,22256,0.034291,0,8.04822,138335908,0,1,"Apple M1","Darwin 25.2.0","clang 17.0.0 (clang-1700.6.3.2)",8,2026-01-31T03:08:20,ok
2026-01-30T18:08:23-fbe5dda4785f,bvh-mt,1280,720,20,20,0,18,4,1,1,0,0.021625,0.014084,0.035709,24652,24652.1,0.043041,0,8.04822,138257475,0,2,"Apple M1","Darwin 25.2.0","clang 17.0.0 (clang-1700.6.3.2)",8,2026-01-31T03:08:44,ok
2026-01-30T18:08:23-fbe5dda4785f,gpu,1280,720,20,20,0,18,0,0,0,1,0.020083,0,0.020083,6514.15,6514.17,0,6493.64,8.40759,18432000,1,0,"Apple M1","Darwin 25.2.0","clang 17.0.0 (clang-1700.6.3.2)",8,2026-01-31T03:08:51,ok
2026-01-30T18:08:23-fbe5dda4785f,gpu,1280,720,20,20,0,18,0,0,0,1,0.051209,0,0.051209,6486.4,6486.45,0,6482.71,8.54822,18432000,0,1,"Apple M1","Darwin 25.2.0","clang 17.0.0 (clang-1700.6.3.2)",8,2026-01-31T03:08:57,ok
2026-01-30T18:08:23-fbe5dda4785f,gpu,1280,720,20,20,0,18,0,0,0,1,0.02325,0,0.02325,6491.49,6491.52,0,6487.16,8.47009,18432000,0,2,"Apple M1","Darwin 25.2.0","clang 17.0.0 (clang-1700.6.3.2)",8,2026-01-31T03:09:04,ok
2026-01-30T18:08:23-fbe5dda4785f,original,1280,720,20,20,0,18,5,0,0,0,0.043375,0,0.043375,144654,144654,0,0,8.00134,138338993,1,0,"Apple M1","Darwin 25.2.0","clang 17.0.0 (clang-1700.6.3.2)",8,2026-01-31T03:11:29,ok
2026-01-30T18:08:23-fbe5dda4785f,original,1280,720,20,20,0,18,5,0,0,0,0.041416,0,0.041416,144844,144844,0,0,8.00134,138310660,0,1,"Apple M1","Darwin 25.2.0","clang 17.0.0 (clang-1700.6.3.2)",8,2026-01-31T03:13:53,ok
2026-01-30T18:08:23-fbe5dda4785f,original,1280,720,20,20,0,18,5,0,0,0,0.026209,0,0.026209,144314,144314,0,0,8.00134,138324318,0,2,"Apple M1","Darwin 25.2.0","clang 17.0.0 (clang-1700.6.3.2)",8,2026-01-31T03:16:18,ok
2026-01-30T18:08:23-fbe5dda4785f,bvh,1280,720,20,20,0,18,5,1,0,0,0.022833,0.682833,0.705666,53298.7,53299.4,0,0,8.00134,138312606,1,0,"Apple M1","Darwin 25.2.0","clang 17.0.0 (clang-1700.6.3.2)",8,2026-01-31T03:17:11,ok
2026-01-30T18:08:23-fbe5dda4785f,bvh,1280,720,20,20,0,18,5,1,0,0,0.038917,0.013334,0.052251,62877.8,62877.8,0,0,8.00134,138319830,0,1,"Apple M1","Darwin 25.2.0","clang 17.0.0 (clang-1700.6.3.2)",8,2026-01-31T03:18:14,ok
2026-01-30T18:08:23-fbe5dda4785f,bvh,1280,720,20,20,0,18,5,1,0,0,0.027834,0.008334,0.036168,53929.7,53929.7,0,0,8.00134,138368965,0,2,"Apple M1","Darwin 25.2.0","clang 17.0.0 (clang-1700.6.3.2)",8,2026-01-31T03:19:08,ok
2026-01-30T18:08:23-fbe5dda4785f,bvh-mt,1280,720,20,20,0,18,5,1,1,0,0.031333,0.011292,0.042625,19850.7,19850.8,0.062333,0,8.00134,138288032,1,0,"Apple M1","Darwin 25.2.0","clang 17.0.0 (clang-1700.6.3.2)",8,2026-01-31T03:19:28,ok
2026-01-30T18:08:23-fbe5dda4785f,bvh-mt,1280,720,20,20,0,18,5,1,1,0,0.037334,0.017416,0.05475,25957,25957.1,0.068833,0,8.00134,138328272,0,1,"Apple M1","Darwin 25.2.0","clang 17.0.0 (clang-1700.6.3.2)",8,2026-01-31T03:19:54,ok
2026-01-30T18:08:23-fbe5dda4785f,bvh-mt,1280,720,20,20,0,18,5,1,1,0,0.009209,0.006125,0.015334,23899.5,23899.5,0.047208,0,8.00134,138274628,0,2,"Apple M1","Darwin 25.2.0","clang 17.0.0 (clang-1700.6.3.2)",8,2026-01-31T03:20:18,ok
2026-01-30T18:08:23-fbe5dda4785f,gpu,1280,720,20,20,0,18,0,0,0,1,0.0225,0,0.0225,6508.54,6508.57,0,6501.53,8.40759,18432000,1,0,"Apple M1","Darwin 25.2.0","clang 17.0.0 (clang-1700.6.3.2)",8,2026-01-31T03:20:24,ok
2026-01-30T18:08:23-fbe5dda4785f,gpu,1280,720,20,20,0,18,0,0,0,1,0.036375,0,0.036375,6494.7,6494.73,0,6488.95,8.48572,18432000,0,1,"Apple M1","Darwin 25.2.0","clang 17.0.0 (clang-1700.6.3.2)",8,2026-01-31T03:20:31,ok
2026-01-30T18:08:23-fbe5dda4785f,gpu,1280,720,20,20,0,18,0,0,0,1,0.034333,0,0.034333,6492.93,6492.96,0,6487.96,8.48572,18432000,0,2,"Apple M1","Darwin 25.2.0","clang 17.0.0 (clang-1700.6.3.2)",8,2026-01-31T03:20:37,ok
2026-01-30T18:08:23-fbe5dda4785f,original,1280,720,20,20,0,18,6,0,0,0,0.032375,0,0.032375,144413,144413,0,0,8.03259,138343427,1,0,"Apple M1","Darwin 25.2.0","clang 17.0.0 (clang-1700.6.3.2)",8,2026-01-31T03:23:02,ok
2026-01-30T18:08:23-fbe5dda4785f,original,1280,720,20,20,0,18,6,0,0,0,0.045583,0,0.045583,144349,144349,0,0,8.03259,138332210,0,1,"Apple M1","Darwin 25.2.0","clang 17.0.0 (clang-1700.6.3.2)",8,2026-01-31T03:25:26,ok
2026-01-30T18:08:23-fbe5dda4785f,original,1280,720,20,20,0,18,6,0,0,0,0.030333,0,0.030333,144233,144233,0,0,8.03259,138277881,0,2,"Apple M1","Darwin 25.2.0","clang 17.0.0 (clang-1700.6.3.2)",8,2026-01-31T03:27:50,ok
2026-01-30T18:08:23-fbe5dda4785f,bvh,1280,720,20,20,0,18,6,1,0,0,0.031834,0.422333,0.454167,57049.6,57050.1,0,0,8.03259,138316595,1,0,"Apple M1","Darwin 25.2.0","clang 17.0.0 (clang-1700.6.3.2)",8,2026-01-31T03:28:47,ok
2026-01-30T18:08:23-fbe5dda4785f,bvh,1280,720,20,20,0,18,6,1,0,0,0.04625,0.012417,0.058667,55777.7,55777.7,0,0,8.03259,138324532,0,1,"Apple M1","Darwin 25.2.0","clang 17.0.0 (clang-1700.6.3.2)",8,2026-01-31T03:29:43,ok
2026-01-30T18:08:23-fbe5dda4785f,bvh,1280,720,20,20,0,18,6,1,0,0,0.0295,0.009042,0.038542,67924.3,67924.3,0,0,8.03259,138314447,0,2,"Apple M1","Darwin 25.2.0","clang 17.0.0 (clang-1700.6.3.2)",8,2026-01-31T03:30:51,ok
2026-01-30T18:08:23-fbe5dda4785f,bvh-mt,1280,720,20,20,0,18,6,1,1,0,0.032541,0.011917,0.044458,18646.5,18646.5,0.093458,0,8.03259,138254371,1,0,"Apple M1","Darwin 25.2.0","clang 17.0.0 (clang-1700.6.3.2)",8,2026-01-31T03:31:10,ok
2026-01-30T18:08:23-fbe5dda4785f,bvh-mt,1280,720,20,20,0,18,6,1,1,0,0.027959,0.012,0.039959,20071.7,20071.7,0.0515,0,8.03259,138319046,0,1,"Apple M1","Darwin 25.2.0","clang 17.0.0 (clang-1700.6.3.2)",8,2026-01-31T03:31:30,ok
2026-01-30T18:08:23-fbe5dda4785f,bvh-mt,1280,720,20,20,0,18,6,1,1,0,0.013,0.008542,0.021542,21567.3,21567.4,0.055584,0,8.03259,138331629,0,2,"Apple M1","Darwin 25.2.0","clang 17.0.0 (clang-1700.6.3.2)",8,2026-01-31T03:31:51,ok
2026-01-30T18:08:23-fbe5dda4785f,gpu,1280,720,20,20,0,18,0,0,0,1,0.017584,0,0.017584,6509,6509.02,0,6498.47,8.39197,18432000,1,0,"Apple M1","Darwin 25.2.0","clang 17.0.0 (clang-1700.6.3.2)",8,2026-01-31T03:31:58,ok
2026-01-30T18:08:23-fbe5dda4785f,gpu,1280,720,20,20,0,18,0,0,0,1,0.026666,0,0.026666,6489.25,6489.27,0,6485.02,8.54822,18432000,0,1,"Apple M1","Darwin 25.2.0","clang 17.0.0 (clang-1700.6.3.2)",8,2026-01-31T03:32:04,ok
2026-01-30T18:08:23-fbe5dda4785f,gpu,1280,720,20,20,0,18,0,0,0,1,0.04025,0,0.04025,6488.63,6488.67,0,6483.4,8.42322,18432000,0,2,"Apple M1","Darwin 25.2.0","clang 17.0.0 (clang-1700.6.3.2)",8,2026-01-31T03:32:11,ok
2026-01-30T18:08:23-fbe5dda4785f,original,1280,720,20,20,0,18,7,0,0,0,0.04725,0,0.04725,145472,145472,0,0,8.00134,138332256,1,0,"Apple M1","Darwin 25.2.0","clang 17.0.0 (clang-1700.6.3.2)",8,2026-01-31T03:34:36,ok
2026-01-30T18:08:23-fbe5dda4785f,original,1280,720,20,20,0,18,7,0,0,0,0.047042,0,0.047042,144468,144468,0,0,8.00134,138389299,0,1,"Apple M1","Darwin 25.2.0","clang 17.0.0 (clang-1700.6.3.2)",8,2026-01-31T03:37:01,ok
2026-01-30T18:08:23-fbe5dda4785f,original,1280,720,20,20,0,18,7,0,0,0,0.022375,0,0.022375,144490,144490,0,0,8.00134,138365930,0,2,"Apple M1","Darwin 25.2.0","clang 17.0.0 (clang-1700.6.3.2)",8,2026-01-31T03:39:25,ok
2026-01-30T18:08:23-fbe5dda4785f,bvh,1280,720,20,20,0,18,7,1,0,0,0.029042,0.572667,0.601709,53614.2,53614.8,0,0,8.00134,138318072,1,0,"Apple M1","Darwin 25.2.0","clang 17.0.0 (clang-1700.6.3.2)",8,2026-01-31T03:40:19,ok
2026-01-30T18:08:23-fbe5dda4785f,bvh,1280,720,20,20,0,18,7,1,0,0,0.032459,0.010917,0.043376,52857.1,52857.1,0,0,8.00134,138308437,0,1,"Apple M1","Darwin 25.2.0","clang 17.0.0 (clang-1700.6.3.2)",8,2026-01-31T03:41:12,ok
2026-01-30T18:08:23-fbe5dda4785f,bvh,1280,720,20,20,0,18,7,1,0,0,0.032416,0.013584,0.046,71479.7,71479.7,0,0,8.00134,138328156,0,2,"Apple M1","Darwin 25.2.0","clang 17.0.0 (clang-1700.6.3.2)",8,2026-01-31T03:42:23,ok
2026-01-30T18:08:23-fbe5dda4785f,bvh-mt,1280,720,20,20,0,18,7,1,1,0,0.0315,0.01025,0.04175,19953.9,19954,0.10075,0,8.00134,138338362,1,0,"Apple M1","Darwin 25.2.0","clang 17.0.0 (clang-1700.6.3.2)",8,2026-01-31T03:42:43,ok
2026-01-30T18:08:23-fbe5dda4785f,bvh-mt,1280,720,20,20,0,18,7,1,1,0,0.0405,0.0145,0.055,20937.9,20937.9,0.058417,0,8.00134,138332250,0,1,"Apple M1","Darwin 25.2.0","clang 17.0.0 (clang-1700.6.3.2)",8,2026-01-31T03:43:04,ok
2026-01-30T18:08:23-fbe5dda4785f,bvh-mt,1280,720,20,20,0,18,7,1,1,0,0.025333,0.014,0.039333,20662.1,20662.2,0.07975,0,8.00134,138342087,0,2,"Apple M1","Darwin 25.2.0","clang 17.0.0 (clang-1700.6.3.2)",8,2026-01-31T03:43:25,ok
2026-01-30T18:08:23-fbe5dda4785f,gpu,1280,720,20,20,0,18,0,0,0,1,0.036208,0,0.036208,6508.14,6508.18,0,6500.4,8.40759,18432000,1,0,"Apple M1","Darwin 25.2.0","clang 17.0.0 (clang-1700.6.3.2)",8,2026-01-31T03:43:31,ok
2026-01-30T18:08:23-fbe5dda4785f,gpu,1280,720,20,20,0,18,0,0,0,1,0.075792,0,0.075792,6490.6,6490.68,0,6486.5,8.50134,18432000,0,1,"Apple M1","Darwin 25.2.0","clang 17.0.0 (clang-1700.6.3.2)",8,2026-01-31T03:43:38,ok
2026-01-30T18:08:23-fbe5dda4785f,gpu,1280,720,20,20,0,18,0,0,0,1,0.0335,0,0.0335,6489.74,6489.77,0,6485.62,8.43884,18432000,0,2,"Apple M1","Darwin 25.2.0","clang 17.0.0 (clang-1700.6.3.2)",8,2026-01-31T03:43:44,ok
2026-01-30T18:08:23-fbe5dda4785f,original,1280,720,20,20,0,18,8,0,0,0,0.050292,0,0.050292,144472,144472,0,0,8.03259,138345596,1,0,"Apple M1","Darwin 25.2.0","clang 17.0.0 (clang-1700.6.3.2)",8,2026-01-31T03:46:09,ok
2026-01-30T18:08:23-fbe5dda4785f,original,1280,720,20,20,0,18,8,0,0,0,0.041292,0,0.041292,144276,144276,0,0,8.03259,138327247,0,1,"Apple M1","Darwin 25.2.0","clang 17.0.0 (clang-1700.6.3.2)",8,2026-01-31T03:48:33,ok
2026-01-30T18:08:23-fbe5dda4785f,original,1280,720,20,20,0,18,8,0,0,0,0.026125,0,0.026125,144335,144335,0,0,8.03259,138301663,0,2,"Apple M1","Darwin 25.2.0","clang 17.0.0 (clang-1700.6.3.2)",8,2026-01-31T03:50:57,ok
2026-01-30T18:08:23-fbe5dda4785f,bvh,1280,720,20,20,0,18,8,1,0,0,0.034,0.024917,0.058917,67111.6,67111.6,0,0,8.03259,138322290,1,0,"Apple M1","Darwin 25.2.0","clang 17.0.0 (clang-1700.6.3.2)",8,2026-01-31T03:52:04,ok
2026-01-30T18:08:23-fbe5dda4785f,bvh,1280,720,20,20,0,18,8,1,0,0,0.038625,0.01275,0.051375,63446.2,63446.2,0,0,8.03259,138315647,0,1,"Apple M1","Darwin 25.2.0","clang 17.0.0 (clang-1700.6.3.2)",8,2026-01-31T03:53:08,ok
2026-01-30T18:08:23-fbe5dda4785f,bvh,1280,720,20,20,0,18,8,1,0,0,0.032042,0.011416,0.043458,62592.2,62592.3,0,0,8.03259,138298479,0,2,"Apple M1","Darwin 25.2.0","clang 17.0.0 (clang-1700.6.3.2)",8,2026-01-31T03:54:10,ok
2026-01-30T18:08:23-fbe5dda4785f,bvh-mt,1280,720,20,20,0,18,8,1,1,0,0.031084,0.010625,0.041709,17538.5,17538.5,0.111291,0,8.03259,138315522,1,0,"Apple M1","Darwin 25.2.0","clang 17.0.0 (clang-1700.6.3.2)",8,2026-01-31T03:54:28,ok
2026-01-30T18:08:23-fbe5dda4785f,bvh-mt,1280,720,20,20,0,18,8,1,1,0,0.015416,0.011584,0.027,17892,17892.1,0.070875,0,8.03259,138345028,0,1,"Apple M1","Darwin 25.2.0","clang 17.0.0 (clang-1700.6.3.2)",8,2026-01-31T03:54:46,ok
2026-01-30T18:08:23-fbe5dda4785f,bvh-mt,1280,720,20,20,0,18,8,1,1,0,0.013625,0.013292,0.026917,18396.6,18396.6,0.078167,0,8.03259,138302092,0,2,"Apple M1","Darwin 25.2.0","clang 17.0.0 (clang-1700.6.3.2)",8,2026-01-31T03:55:04,ok
2026-01-30T18:08:23-fbe5dda4785f,gpu,1280,720,20,20,0,18,0,0,0,1,0.019208,0,0.019208,6518.44,6518.46,0,6497.94,8.39197,18432000,1,0,"Apple M1","Darwin 25.2.0","clang 17.0.0 (clang-1700.6.3.2)",8,2026-01-31T03:55:11,ok
2026-01-30T18:08:23-fbe5dda4785f,gpu,1280,720,20,20,0,18,0,0,0,1,0.02975,0,0.02975,6493.13,6493.16,0,6487.23,8.48572,18432000,0,1,"Apple M1","Darwin 25.2.0","clang 17.0.0 (clang-1700.6.3.2)",8,2026-01-31T03:55:17,ok
2026-01-30T18:08:23-fbe5dda4785f,gpu,1280,720,20,20,0,18,0,0,0,1,0.036667,0,0.036667,6488.72,6488.75,0,6483.39,8.48572,18432000,0,2,"Apple M1","Darwin 25.2.0","clang 17.0.0 (clang-1700.6.3.2)",8,2026-01-31T03:55:24,ok
2026-01-30T18:08:23-fbe5dda4785f,original,1280,720,20,20,100,118,1,0,0,0,0.092416,0,0.092416,294905,294905,0,0,8.03259,146008811,1,0,"Apple M1","Darwin 25.2.0","clang 17.0.0 (clang-1700.6.3.2)",8,2026-01-31T04:00:19,ok
2026-01-30T18:08:23-fbe5dda4785f,original,1280,720,20,20,100,118,1,0,0,0,0.046458,0,0.046458,292866,292866,0,0,8.03259,146013928,0,1,"Apple M1","Darwin 25.2.0","clang 17.0.0 (clang-1700.6.3.2)",8,2026-01-31T04:05:11,ok
2026-01-30T18:08:23-fbe5dda4785f,original,1280,720,20,20,100,118,1,0,0,0,0.035959,0,0.035959,292840,292840,0,0,8.03259,146016836,0,2,"Apple M1","Darwin 25.2.0","clang 17.0.0 (clang-1700.6.3.2)",8,2026-01-31T04:10:04,ok
2026-01-30T18:08:23-fbe5dda4785f,bvh,1280,720,20,20,100,118,1,1,0,0,0.046958,0.976042,1.023,83327.8,83328.8,0,0,8.03259,145988297,1,0,"Apple M1","Darwin 25.2.0","clang 17.0.0 (clang-1700.6.3.2)",8,2026-01-31T04:11:28,ok
2026-01-30T18:08:23-fbe5dda4785f,bvh,1280,720,20,20,100,118,1,1,0,0,0.0505,0.045041,0.095541,91716.2,91716.3,0,0,8.03259,146073956,0,1,"Apple M1","Darwin 25.2.0","clang 17.0.0 (clang-1700.6.3.2)",8,2026-01-31T04:12:59,ok
2026-01-30T18:08:23-fbe5dda4785f,bvh,1280,720,20,20,100,118,1,1,0,0,0.045708,0.03575,0.081458,110434,110434,0,0,8.03259,145976174,0,2,"Apple M1","Darwin 25.2.0","clang 17.0.0 (clang-1700.6.3.2)",8,2026-01-31T04:14:50,ok
2026-01-30T18:08:23-fbe5dda4785f,bvh-mt,1280,720,20,20,100,118,1,1,1,0,0.048791,0.047375,0.096166,88199.7,88199.8,0,0,8.03259,146009315,1,0,"Apple M1","Darwin 25.2.0","clang 17.0.0 (clang-1700.6.3.2)",8,2026-01-31T04:16:18,ok
2026-01-30T18:08:23-fbe5dda4785f,bvh-mt,1280,720,20,20,100,118,1,1,1,0,0.049417,0.038333,0.08775,109130,109130,0,0,8.03259,146017544,0,1,"Apple M1","Darwin 25.2.0","clang 17.0.0 (clang-1700.6.3.2)",8,2026-01-31T04:18:07,ok
2026-01-30T18:08:23-fbe5dda4785f,bvh-mt,1280,720,20,20,100,118,1,1,1,0,0.036167,0.0495,0.085667,91974.2,91974.3,0,0,8.03259,146062967,0,2,"Apple M1","Darwin 25.2.0","clang 17.0.0 (clang-1700.6.3.2)",8,2026-01-31T04:19:39,ok
2026-01-30T18:08:23-fbe5dda4785f,gpu,1280,720,20,20,100,118,0,0,0,1,0.045208,0,0.045208,12918.2,12918.2,0,12906.4,8.39197,18432000,1,0,"Apple M1","Darwin 25.2.0","clang 17.0.0 (clang-1700.6.3.2)",8,2026-01-31T04:19:52,ok
2026-01-30T18:08:23-fbe5dda4785f,gpu,1280,720,20,20,100,118,0,0,0,1,0.06375,0,0.06375,12969,12969,0,12964.7,8.53259,18432000,0,1,"Apple M1","Darwin 25.2.0","clang 17.0.0 (clang-1700.6.3.2)",8,2026-01-31T04:20:05,ok
2026-01-30T18:08:23-fbe5dda4785f,gpu,1280,720,20,20,100,118,0,0,0,1,0.032334,0,0.032334,12883.7,12883.7,0,12880,8.48572,18432000,0,2,"Apple M1","Darwin 25.2.0","clang 17.0.0 (clang-1700.6.3.2)",8,2026-01-31T04:20:18,ok
2026-01-30T18:08:23-fbe5dda4785f,original,1280,720,20,20,100,118,2,0,0,0,0.047708,0,0.047708,292750,292750,0,0,8.03259,146031525,1,0,"Apple M1","Darwin 25.2.0","clang 17.0.0 (clang-1700.6.3.2)",8,2026-01-31T04:25:11,ok
2026-01-30T18:08:23-fbe5dda4785f,original,1280,720,20,20,100,118,2,0,0,0,0.053,0,0.053,292547,292547,0,0,8.03259,145991531,0,1,"Apple M1","Darwin 25.2.0","clang 17.0.0 (clang-1700.6.3.2)",8,2026-01-31T04:30:03,ok
2026-01-30T18:08:23-fbe5dda4785f,original,1280,720,20,20,100,118,2,0,0,0,0.043666,0,0.043666,293638,293638,0,0,8.03259,146069597,0,2,"Apple M1","Darwin 25.2.0","clang 17.0.0 (clang-1700.6.3.2)",8,2026-01-31T04:34:57,ok
2026-01-30T18:08:23-fbe5dda4785f,bvh,1280,720,20,20,100,118,2,1,0,0,0.044834,0.068667,0.113501,93196.5,93196.6,0,0,8.03259,146005992,1,0,"Apple M1","Darwin 25.2.0","clang 17.0.0 (clang-1700.6.3.2)",8,2026-01-31T04:36:30,ok
2026-01-30T18:08:23-fbe5dda4785f,bvh,1280,720,20,20,100,118,2,1,0,0,0.04675,0.036541,0.083291,106765,106765,0,0,8.03259,146037643,0,1,"Apple M1","Darwin 25.2.0","clang 17.0.0 (clang-1700.6.3.2)",8,2026-01-31T04:38:17,ok
2026-01-30T18:08:23-fbe5dda4785f,bvh,1280,720,20,20,100,118,2,1,0,0,0.0415,0.045584,0.087084,86521.8,86521.9,0,0,8.03259,146022271,0,2,"Apple M1","Darwin 25.2.0","clang 17.0.0 (clang-1700.6.3.2)",8,2026-01-31T04:39:43,ok
2026-01-30T18:08:23-fbe5dda4785f,bvh-mt,1280,720,20,20,100,118,2,1,1,0,0.046458,0.037208,0.083666,61376.7,61376.8,0.043875,0,8.03259,146053338,1,0,"Apple M1","Darwin 25.2.0","clang 17.0.0 (clang-1700.6.3.2)",8,2026-01-31T04:40:45,ok
2026-01-30T18:08:23-fbe5dda4785f,bvh-mt,1280,720,20,20,100,118,2,1,1,0,0.046708,0.048375,0.095083,53440.8,53440.9,0.024417,0,8.03259,146017729,0,1,"Apple M1","Darwin 25.2.0","clang 17.0.0 (clang-1700.6.3.2)",8,2026-01-31T04:41:38,ok
2026-01-30T18:08:23-fbe5dda4785f,bvh-mt,1280,720,20,20,100,118,2,1,1,0,0.046583,0.044042,0.090625,64541.8,64541.9,0.025166,0,8.03259,146020058,0,2,"Apple M1","Darwin 25.2.0","clang 17.0.0 (clang-1700.6.3.2)",8,2026-01-31T04:42:43,ok
2026-01-30T18:08:23-fbe5dda4785f,gpu,1280,720,20,20,100,118,0,0,0,1,0.046334,0,0.046334,12916,12916.1,0,12903.1,8.45447,18432000,1,0,"Apple M1","Darwin 25.2.0","clang 17.0.0 (clang-1700.6.3.2)",8,2026-01-31T04:42:56,ok
2026-01-30T18:08:23-fbe5dda4785f,gpu,1280,720,20,20,100,118,0,0,0,1,0.073125,0,0.073125,12890.1,12890.2,0,12885.2,8.40759,18432000,0,1,"Apple M1","Darwin 25.2.0","clang 17.0.0 (clang-1700.6.3.2)",8,2026-01-31T04:43:09,ok
2026-01-30T18:08:23-fbe5dda4785f,gpu,1280,720,20,20,100,118,0,0,0,1,0.0585,0,0.0585,12901.6,12901.6,0,12896.5,8.39197,18432000,0,2,"Apple M1","Darwin 25.2.0","clang 17.0.0 (clang-1700.6.3.2)",8,2026-01-31T04:43:21,ok
2026-01-30T18:08:23-fbe5dda4785f,original,1280,720,20,20,100,118,3,0,0,0,0.062417,0,0.062417,294921,294921,0,0,8.03259,146030252,1,0,"Apple M1","Darwin 25.2.0","clang 17.0.0 (clang-1700.6.3.2)",8,2026-01-31T04:48:16,ok
2026-01-30T18:08:23-fbe5dda4785f,original,1280,720,20,20,100,118,3,0,0,0,0.037083,0,0.037083,293607,293607,0,0,8.03259,146012136,0,1,"Apple M1","Darwin 25.2.0","clang 17.0.0 (clang-1700.6.3.2)",8,2026-01-31T04:53:10,ok
2026-01-30T18:08:23-fbe5dda4785f,original,1280,720,20,20,100,118,3,0,0,0,0.034541,0,0.034541,293077,293077,0,0,8.03259,146025510,0,2,"Apple M1","Darwin 25.2.0","clang 17.0.0 (clang-1700.6.3.2)",8,2026-01-31T04:58:03,ok
2026-01-30T18:08:23-fbe5dda4785f,bvh,1280,720,20,20,100,118,3,1,0,0,0.042708,0.742167,0.784875,94627.5,94628.3,0,0,8.03259,145980242,1,0,"Apple M1","Darwin 25.2.0","clang 17.0.0 (clang-1700.6.3.2)",8,2026-01-31T04:59:38,ok
2026-01-30T18:08:23-fbe5dda4785f,bvh,1280,720,20,20,100,118,3,1,0,0,0.039709,0.0505,0.090209,89045.8,89045.9,0,0,8.03259,145988951,0,1,"Apple M1","Darwin 25.2.0","clang 17.0.0 (clang-1700.6.3.2)",8,2026-01-31T05:01:07,ok
2026-01-30T18:08:23-fbe5dda4785f,bvh,1280,720,20,20,100,118,3,1,0,0,0.043125,0.037292,0.080417,113910,113910,0,0,8.03259,146013490,0,2,"Apple M1","Darwin 25.2.0","clang 17.0.0 (clang-1700.6.3.2)",8,2026-01-31T05:03:01,ok
2026-01-30T18:08:23-fbe5dda4785f,bvh-mt,1280,720,20,20,100,118,3,1,1,0,0.036584,0.052875,0.089459,44459.1,44459.2,0.048708,0,8.03259,146027667,1,0,"Apple M1","Darwin 25.2.0","clang 17.0.0 (clang-1700.6.3.2)",8,2026-01-31T05:03:45,ok
2026-01-30T18:08:23-fbe5dda4785f,bvh-mt,1280,720,20,20,100,118,3,1,1,0,0.049417,0.051917,0.101334,45779.8,45779.9,0.029458,0,8.03259,146039135,0,1,"Apple M1","Darwin 25.2.0","clang 17.0.0 (clang-1700.6.3.2)",8,2026-01-31T05:04:31,ok
2026-01-30T18:08:23-fbe5dda4785f,bvh-mt,1280,720,20,20,100,118,3,1,1,0,0.03325,0.047833,0.081083,43819.3,43819.4,0.031708,0,8.03259,146016233,0,2,"Apple M1","Darwin 25.2.0","clang 17.0.0 (clang-1700.6.3.2)",8,2026-01-31T05:05:15,ok
2026-01-30T18:08:23-fbe5dda4785f,gpu,1280,720,20,20,100,118,0,0,0,1,0.03375,0,0.03375,12922,12922.1,0,12897.6,8.39197,18432000,1,0,"Apple M1","Darwin 25.2.0","clang 17.0.0 (clang-1700.6.3.2)",8,2026-01-31T05:05:28,ok
2026-01-30T18:08:23-fbe5dda4785f,gpu,1280,720,20,20,100,118,0,0,0,1,0.080708,0,0.080708,12888,12888.1,0,12883.1,8.45447,18432000,0,1,"Apple M1","Darwin 25.2.0","clang 17.0.0 (clang-1700.6.3.2)",8,2026-01-31T05:05:41,ok
2026-01-30T18:08:23-fbe5dda4785f,gpu,1280,720,20,20,100,118,0,0,0,1,0.06475,0,0.06475,12892.2,12892.3,0,12888,8.39197,18432000,0,2,"Apple M1","Darwin 25.2.0","clang 17.0.0 (clang-1700.6.3.2)",8,2026-01-31T05:05:53,ok
2026-01-30T18:08:23-fbe5dda4785f,original,1280,720,20,20,100,118,4,0,0,0,0.055458,0,0.055458,294758,294759,0,0,8.03259,146025374,1,0,"Apple M1","Darwin 25.2.0","clang 17.0.0 (clang-1700.6.3.2)",8,2026-01-31T05:10:48,ok
2026-01-30T18:08:23-fbe5dda4785f,original,1280,720,20,20,100,118,4,0,0,0,0.055,0,0.055,293220,293220,0,0,8.03259,146039766,0,1,"Apple M1","Darwin 25.2.0","clang 17.0.0 (clang-1700.6.3.2)",8,2026-01-31T05:15:41,ok
2026-01-30T18:08:23-fbe5dda4785f,original,1280,720,20,20,100,118,4,0,0,0,0.043958,0,0.043958,293009,293009,0,0,8.03259,146029320,0,2,"Apple M1","Darwin 25.2.0","clang 17.0.0 (clang-1700.6.3.2)",8,2026-01-31T05:20:34,ok
2026-01-30T18:08:23-fbe5dda4785f,bvh,1280,720,20,20,100,118,4,1,0,0,0.041083,0.814958,0.856041,88133.1,88134,0,0,8.03259,146042557,1,0,"Apple M1","Darwin 25.2.0","clang 17.0.0 (clang-1700.6.3.2)",8,2026-01-31T05:22:03,ok
2026-01-30T18:08:23-fbe5dda4785f,bvh,1280,720,20,20,100,118,4,1,0,0,0.056666,0.041417,0.098083,101661,101662,0,0,8.03259,146041331,0,1,"Apple M1","Darwin 25.2.0","clang 17.0.0 (clang-1700.6.3.2)",8,2026-01-31T05:23:44,ok
2026-01-30T18:08:23-fbe5dda4785f,bvh,1280,720,20,20,100,118,4,1,0,0,0.043209,0.040208,0.083417,106913,106913,0,0,8.03259,146046034,0,2,"Apple M1","Darwin 25.2.0","clang 17.0.0 (clang-1700.6.3.2)",8,2026-01-31T05:25:31,ok
2026-01-30T18:08:23-fbe5dda4785f,bvh-mt,1280,720,20,20,100,118,4,1,1,0,0.037917,0.047917,0.085834,32403.6,32403.7,0.059041,0,8.03259,146040712,1,0,"Apple M1","Darwin 25.2.0","clang 17.0.0 (clang-1700.6.3.2)",8,2026-01-31T05:26:04,ok
2026-01-30T18:08:23-fbe5dda4785f,bvh-mt,1280,720,20,20,100,118,4,1,1,0,0.050875,0.047667,0.098542,39559.4,39559.5,0.04,0,8.03259,146035627,0,1,"Apple M1","Darwin 25.2.0","clang 17.0.0 (clang-1700.6.3.2)",8,2026-01-31T05:26:43,ok
2026-01-30T18:08:23-fbe5dda4785f,bvh-mt,1280,720,20,20,100,118,4,1,1,0,0.036417,0.0555,0.091917,39177.7,39177.8,0.042375,0,8.03259,145985013,0,2,"Apple M1","Darwin 25.2.0","clang 17.0.0 (clang-1700.6.3.2)",8,2026-01-31T05:27:22,ok
2026-01-30T18:08:23-fbe5dda4785f,gpu,1280,720,20,20,100,118,0,0,0,1,0.036,0,0.036,12925.3,12925.3,0,12900.8,8.39197,18432000,1,0,"Apple M1","Darwin 25.2.0","clang 17.0.0 (clang-1700.6.3.2)",8,2026-01-31T05:27:35,ok
2026-01-30T18:08:23-fbe5dda4785f,gpu,1280,720,20,20,100,118,0,0,0,1,0.0835,0,0.0835,12884.7,12884.8,0,12880,8.53259,18432000,0,1,"Apple M1","Darwin 25.2.0","clang 17.0.0 (clang-1700.6.3.2)",8,2026-01-31T05:27:48,ok
2026-01-30T18:08:23-fbe5dda4785f,gpu,1280,720,20,20,100,118,0,0,0,1,0.046042,0,0.046042,12885.8,12885.8,0,12881.8,8.42322,18432000,0,2,"Apple M1","Darwin 25.2.0","clang 17.0.0 (clang-1700.6.3.2)",8,2026-01-31T05:28:01,ok
2026-01-30T18:08:23-fbe5dda4785f,original,1280,720,20,20,100,118,5,0,0,0,0.092208,0,0.092208,295344,295344,0,0,7.93884,146028979,1,0,"Apple M1","Darwin 25.2.0","clang 17.0.0 (clang-1700.6.3.2)",8,2026-01-31T05:32:56,ok
2026-01-30T18:08:23-fbe5dda4785f,original,1280,720,20,20,100,118,5,0,0,0,0.051542,0,0.051542,293064,293064,0,0,7.93884,146024611,0,1,"Apple M1","Darwin 25.2.0","clang 17.0.0 (clang-1700.6.3.2)",8,2026-01-31T05:37:49,ok
2026-01-30T18:08:23-fbe5dda4785f,original,1280,720,20,20,100,118,5,0,0,0,0.033792,0,0.033792,293339,293339,0,0,7.93884,146017742,0,2,"Apple M1","Darwin 25.2.0","clang 17.0.0 (clang-1700.6.3.2)",8,2026-01-31T05:42:43,ok
2026-01-30T18:08:23-fbe5dda4785f,bvh,1280,720,20,20,100,118,5,1,0,0,0.044542,0.272167,0.316709,90762.2,90762.5,0,0,7.93884,146037409,1,0,"Apple M1","Darwin 25.2.0","clang 17.0.0 (clang-1700.6.3.2)",8,2026-01-31T05:44:14,ok
2026-01-30T18:08:23-fbe5dda4785f,bvh,1280,720,20,20,100,118,5,1,0,0,0.042209,0.038458,0.080667,96492.3,96492.4,0,0,7.93884,145986506,0,1,"Apple M1","Darwin 25.2.0","clang 17.0.0 (clang-1700.6.3.2)",8,2026-01-31T05:45:50,ok
2026-01-30T18:08:23-fbe5dda4785f,bvh,1280,720,20,20,100,118,5,1,0,0,0.045792,0.039625,0.085417,106073,106073,0,0,7.93884,146009532,0,2,"Apple M1","Darwin 25.2.0","clang 17.0.0 (clang-1700.6.3.2)",8,2026-01-31T05:47:36,ok
2026-01-30T18:08:23-fbe5dda4785f,bvh-mt,1280,720,20,20,100,118,5,1,1,0,0.035417,0.045958,0.081375,37876.8,37876.9,0.058458,0,7.93884,146003520,1,0,"Apple M1","Darwin 25.2.0","clang 17.0.0 (clang-1700.6.3.2)",8,2026-01-31T05:48:14,ok
2026-01-30T18:08:23-fbe5dda4785f,bvh-mt,1280,720,20,20,100,118,5,1,1,0,0.0435,0.056334,0.099834,33288.9,33289,0.066917,0,7.93884,146036668,0,1,"Apple M1","Darwin 25.2.0","clang 17.0.0 (clang-1700.6.3.2)",8,2026-01-31T05:48:47,ok
2026-01-30T18:08:23-fbe5dda4785f,bvh-mt,1280,720,20,20,100,118,5,1,1,0,0.038542,0.047,0.085542,41449,41449.1,0.062208,0,7.93884,146038986,0,2,"Apple M1","Darwin 25.2.0","clang 17.0.0 (clang-1700.6.3.2)",8,2026-01-31T05:49:29,ok
2026-01-30T18:08:23-fbe5dda4785f,gpu,1280,720,20,20,100,118,0,0,0,1,0.032459,0,0.032459,12915.5,12915.5,0,12899.4,8.36072,18432000,1,0,"Apple M1","Darwin 25.2.0","clang 17.0.0 (clang-1700.6.3.2)",8,2026-01-31T05:49:42,ok
2026-01-30T18:08:23-fbe5dda4785f,gpu,1280,720,20,20,100,118,0,0,0,1,0.032375,0,0.032375,12888.2,12888.3,0,12883.5,8.37634,18432000,0,1,"Apple M1","Darwin 25.2.0","clang 17.0.0 (clang-1700.6.3.2)",8,2026-01-31T05:49:55,ok
2026-01-30T18:08:23-fbe5dda4785f,gpu,1280,720,20,20,100,118,0,0,0,1,0.062291,0,0.062291,12967,12967.1,0,12962.1,8.37634,18432000,0,2,"Apple M1","Darwin 25.2.0","clang 17.0.0 (clang-1700.6.3.2)",8,2026-01-31T05:50:08,ok
2026-01-30T18:08:23-fbe5dda4785f,original,1280,720,20,20,100,118,6,0,0,0,0.058375,0,0.058375,295770,295770,0,0,8.01697,146070216,1,0,"Apple M1","Darwin 25.2.0","clang 17.0.0 (clang-1700.6.3.2)",8,2026-01-31T05:55:03,ok
2026-01-30T18:08:23-fbe5dda4785f,original,1280,720,20,20,100,118,6,0,0,0,0.055041,0,0.055041,293272,293272,0,0,8.01697,146074255,0,1,"Apple M1","Darwin 25.2.0","clang 17.0.0 (clang-1700.6.3.2)",8,2026-01-31T05:59:57,ok
2026-01-30T18:08:23-fbe5dda4785f,original,1280,720,20,20,100,118,6,0,0,0,0.043875,0,0.043875,293063,293063,0,0,8.01697,146057513,0,2,"Apple M1","Darwin 25.2.0","clang 17.0.0 (clang-1700.6.3.2)",8,2026-01-31T06:04:50,ok
2026-01-30T18:08:23-fbe5dda4785f,bvh,1280,720,20,20,100,118,6,1,0,0,0.056541,0.833042,0.889583,105746,105747,0,0,8.01697,146006208,1,0,"Apple M1","Darwin 25.2.0","clang 17.0.0 (clang-1700.6.3.2)",8,2026-01-31T06:06:35,ok
2026-01-30T18:08:23-fbe5dda4785f,bvh,1280,720,20,20,100,118,6,1,0,0,0.050292,0.063625,0.113917,100561,100561,0,0,8.01697,146017578,0,1,"Apple M1","Darwin 25.2.0","clang 17.0.0 (clang-1700.6.3.2)",8,2026-01-31T06:08:16,ok
2026-01-30T18:08:23-fbe5dda4785f,bvh,1280,720,20,20,100,118,6,1,0,0,0.041584,0.046666,0.08825,97212.4,97212.5,0,0,8.01697,146037169,0,2,"Apple M1","Darwin 25.2.0","clang 17.0.0 (clang-1700.6.3.2)",8,2026-01-31T06:09:53,ok
2026-01-30T18:08:23-fbe5dda4785f,bvh-mt,1280,720,20,20,100,118,6,1,1,0,0.038833,0.038083,0.076916,36147.7,36147.8,0.089834,0,8.01697,145999248,1,0,"Apple M1","Darwin 25.2.0","clang 17.0.0 (clang-1700.6.3.2)",8,2026-01-31T06:10:29,ok
2026-01-30T18:08:23-fbe5dda4785f,bvh-mt,1280,720,20,20,100,118,6,1,1,0,0.037875,0.039458,0.077333,36953.9,36954,0.056917,0,8.01697,146032467,0,1,"Apple M1","Darwin 25.2.0","clang 17.0.0 (clang-1700.6.3.2)",8,2026-01-31T06:11:06,ok
2026-01-30T18:08:23-fbe5dda4785f,bvh-mt,1280,720,20,20,100,118,6,1,1,0,0.036292,0.047458,0.08375,34343.7,34343.8,0.067625,0,8.01697,145996333,0,2,"Apple M1","Darwin 25.2.0","clang 17.0.0 (clang-1700.6.3.2)",8,2026-01-31T06:11:41,ok
2026-01-30T18:08:23-fbe5dda4785f,gpu,1280,720,20,20,100,118,0,0,0,1,0.046584,0,0.046584,12908.4,12908.4,0,12899.6,8.39197,18432000,1,0,"Apple M1","Darwin 25.2.0","clang 17.0.0 (clang-1700.6.3.2)",8,2026-01-31T06:11:54,ok
2026-01-30T18:08:23-fbe5dda4785f,gpu,1280,720,20,20,100,118,0,0,0,1,0.080583,0,0.080583,12895.3,12895.3,0,12888.7,8.40759,18432000,0,1,"Apple M1","Darwin 25.2.0","clang 17.0.0 (clang-1700.6.3.2)",8,2026-01-31T06:12:07,ok
2026-01-30T18:08:23-fbe5dda4785f,gpu,1280,720,20,20,100,118,0,0,0,1,0.048625,0,0.048625,12890.3,12890.4,0,12885.3,8.34509,18432000,0,2,"Apple M1","Darwin 25.2.0","clang 17.0.0 (clang-1700.6.3.2)",8,2026-01-31T06:12:19,ok
2026-01-30T18:08:23-fbe5dda4785f,original,1280,720,20,20,100,118,7,0,0,0,0.040333,0,0.040333,296980,296980,0,0,7.98572,145990669,1,0,"Apple M1","Darwin 25.2.0","clang 17.0.0 (clang-1700.6.3.2)",8,2026-01-31T06:17:16,ok
2026-01-30T18:08:23-fbe5dda4785f,original,1280,720,20,20,100,118,7,0,0,0,0.039208,0,0.039208,293244,293244,0,0,7.98572,146024146,0,1,"Apple M1","Darwin 25.2.0","clang 17.0.0 (clang-1700.6.3.2)",8,2026-01-31T06:22:10,ok
2026-01-30T18:08:23-fbe5dda4785f,original,1280,720,20,20,100,118,7,0,0,0,0.04425,0,0.04425,293060,293060,0,0,7.98572,145989305,0,2,"Apple M1","Darwin 25.2.0","clang 17.0.0 (clang-1700.6.3.2)",8,2026-01-31T06:27:03,ok
2026-01-30T18:08:23-fbe5dda4785f,bvh,1280,720,20,20,100,118,7,1,0,0,0.051958,0.059208,0.111166,106674,106674,0,0,7.98572,145995391,1,0,"Apple M1","Darwin 25.2.0","clang 17.0.0 (clang-1700.6.3.2)",8,2026-01-31T06:28:49,ok
2026-01-30T18:08:23-fbe5dda4785f,bvh,1280,720,20,20,100,118,7,1,0,0,0.054583,0.035917,0.0905,117580,117581,0,0,7.98572,146052071,0,1,"Apple M1","Darwin 25.2.0","clang 17.0.0 (clang-1700.6.3.2)",8,2026-01-31T06:30:47,ok
2026-01-30T18:08:23-fbe5dda4785f,bvh,1280,720,20,20,100,118,7,1,0,0,0.047917,0.048584,0.096501,96098.3,96098.4,0,0,7.98572,146012241,0,2,"Apple M1","Darwin 25.2.0","clang 17.0.0 (clang-1700.6.3.2)",8,2026-01-31T06:32:23,ok
2026-01-30T18:08:23-fbe5dda4785f,bvh-mt,1280,720,20,20,100,118,7,1,1,0,0.047,0.052916,0.099916,28646.4,28646.5,0.102458,0,7.98572,146082381,1,0,"Apple M1","Darwin 25.2.0","clang 17.0.0 (clang-1700.6.3.2)",8,2026-01-31T06:32:52,ok
2026-01-30T18:08:23-fbe5dda4785f,bvh-mt,1280,720,20,20,100,118,7,1,1,0,0.043292,0.041083,0.084375,36245.6,36245.7,0.061125,0,7.98572,146025627,0,1,"Apple M1","Darwin 25.2.0","clang 17.0.0 (clang-1700.6.3.2)",8,2026-01-31T06:33:28,ok
2026-01-30T18:08:23-fbe5dda4785f,bvh-mt,1280,720,20,20,100,118,7,1,1,0,0.055,0.040833,0.095833,37432.6,37432.7,0.080833,0,7.98572,146038793,0,2,"Apple M1","Darwin 25.2.0","clang 17.0.0 (clang-1700.6.3.2)",8,2026-01-31T06:34:05,ok
2026-01-30T18:08:23-fbe5dda4785f,gpu,1280,720,20,20,100,118,0,0,0,1,0.05125,0,0.05125,12907.2,12907.2,0,12895,8.34509,18432000,1,0,"Apple M1","Darwin 25.2.0","clang 17.0.0 (clang-1700.6.3.2)",8,2026-01-31T06:34:18,ok
2026-01-30T18:08:23-fbe5dda4785f,gpu,1280,720,20,20,100,118,0,0,0,1,0.079167,0,0.079167,12890.2,12890.3,0,12885.7,8.43884,18432000,0,1,"Apple M1","Darwin 25.2.0","clang 17.0.0 (clang-1700.6.3.2)",8,2026-01-31T06:34:31,ok
2026-01-30T18:08:23-fbe5dda4785f,gpu,1280,720,20,20,100,118,0,0,0,1,0.019291,0,0.019291,12895.1,12895.1,0,12891,8.34509,18432000,0,2,"Apple M1","Darwin 25.2.0","clang 17.0.0 (clang-1700.6.3.2)",8,2026-01-31T06:34:44,ok
2026-01-30T18:08:23-fbe5dda4785f,original,1280,720,20,20,100,118,8,0,0,0,0.069041,0,0.069041,296638,296638,0,0,7.98572,146001525,1,0,"Apple M1","Darwin 25.2.0","clang 17.0.0 (clang-1700.6.3.2)",8,2026-01-31T06:39:41,ok
2026-01-30T18:08:23-fbe5dda4785f,original,1280,720,20,20,100,118,8,0,0,0,0.054625,0,0.054625,293582,293582,0,0,7.98572,146029968,0,1,"Apple M1","Darwin 25.2.0","clang 17.0.0 (clang-1700.6.3.2)",8,2026-01-31T06:44:34,ok
2026-01-30T18:08:23-fbe5dda4785f,original,1280,720,20,20,100,118,8,0,0,0,0.044791,0,0.044791,293439,293439,0,0,7.98572,145986653,0,2,"Apple M1","Darwin 25.2.0","clang 17.0.0 (clang-1700.6.3.2)",8,2026-01-31T06:49:28,ok
2026-01-30T18:08:23-fbe5dda4785f,bvh,1280,720,20,20,100,118,8,1,0,0,0.038458,0.251625,0.290083,98436.9,98437.2,0,0,7.98572,145986583,1,0,"Apple M1","Darwin 25.2.0","clang 17.0.0 (clang-1700.6.3.2)",8,2026-01-31T06:51:06,ok
2026-01-30T18:08:23-fbe5dda4785f,bvh,1280,720,20,20,100,118,8,1,0,0,0.036084,0.049292,0.085376,85562.7,85562.8,0,0,7.98572,146001000,0,1,"Apple M1","Darwin 25.2.0","clang 17.0.0 (clang-1700.6.3.2)",8,2026-01-31T06:52:32,ok
2026-01-30T18:08:23-fbe5dda4785f,bvh,1280,720,20,20,100,118,8,1,0,0,0.042459,0.045416,0.087875,108121,108121,0,0,7.98572,146015514,0,2,"Apple M1","Darwin 25.2.0","clang 17.0.0 (clang-1700.6.3.2)",8,2026-01-31T06:54:20,ok
2026-01-30T18:08:23-fbe5dda4785f,bvh-mt,1280,720,20,20,100,118,8,1,1,0,0.048459,0.046916,0.095375,29185.9,29186,0.098,0,7.98572,145984174,1,0,"Apple M1","Darwin 25.2.0","clang 17.0.0 (clang-1700.6.3.2)",8,2026-01-31T06:54:49,ok
2026-01-30T18:08:23-fbe5dda4785f,bvh-mt,1280,720,20,20,100,118,8,1,1,0,0.02875,0.048833,0.077583,32674.1,32674.2,0.088583,0,7.98572,146061017,0,1,"Apple M1","Darwin 25.2.0","clang 17.0.0 (clang-1700.6.3.2)",8,2026-01-31T06:55:22,ok
2026-01-30T18:08:23-fbe5dda4785f,bvh-mt,1280,720,20,20,100,118,8,1,1,0,0.038792,0.049208,0.088,28671.2,28671.3,0.07725,0,7.98572,146005404,0,2,"Apple M1","Darwin 25.2.0","clang 17.0.0 (clang-1700.6.3.2)",8,2026-01-31T06:55:50,ok
2026-01-30T18:08:23-fbe5dda4785f,gpu,1280,720,20,20,100,118,0,0,0,1,0.042958,0,0.042958,12918.5,12918.5,0,12895.9,8.36072,18432000,1,0,"Apple M1","Darwin 25.2.0","clang 17.0.0 (clang-1700.6.3.2)",8,2026-01-31T06:56:03,ok
2026-01-30T18:08:23-fbe5dda4785f,gpu,1280,720,20,20,100,118,0,0,0,1,0.028208,0,0.028208,12884,12884,0,12880.6,8.36072,18432000,0,1,"Apple M1","Darwin 25.2.0","clang 17.0.0 (clang-1700.6.3.2)",8,2026-01-31T06:56:16,ok
2026-01-30T18:08:23-fbe5dda4785f,gpu,1280,720,20,20,100,118,0,0,0,1,0.062041,0,0.062041,12891.7,12891.8,0,12887.8,8.50134,18432000,0,2,"Apple M1","Darwin 25.2.0","clang 17.0.0 (clang-1700.6.3.2)",8,2026-01-31T06:56:29,ok
2026-01-30T18:08:23-fbe5dda4785f,original,1920,1080,10,10,0,18,1,0,0,0,0.03425,0,0.03425,119668,119668,0,0,11.3138,122265427,1,0,"Apple M1","Darwin 25.2.0","clang 17.0.0 (clang-1700.6.3.2)",8,2026-01-31T06:58:29,ok
2026-01-30T18:08:23-fbe5dda4785f,original,1920,1080,10,10,0,18,1,0,0,0,0.046375,0,0.046375,119432,119432,0,0,11.3138,122253841,0,1,"Apple M1","Darwin 25.2.0","clang 17.0.0 (clang-1700.6.3.2)",8,2026-01-31T07:00:28,ok
2026-01-30T18:08:23-fbe5dda4785f,original,1920,1080,10,10,0,18,1,0,0,0,0.027625,0,0.027625,119586,119586,0,0,11.3138,122231553,0,2,"Apple M1","Darwin 25.2.0","clang 17.0.0 (clang-1700.6.3.2)",8,2026-01-31T07:02:28,ok
2026-01-30T18:08:23-fbe5dda4785f,bvh,1920,1080,10,10,0,18,1,1,0,0,0.02775,0.019625,0.047375,44995.4,44995.5,0,0,11.3138,122252631,1,0,"Apple M1","Darwin 25.2.0","clang 17.0.0 (clang-1700.6.3.2)",8,2026-01-31T07:03:13,ok
2026-01-30T18:08:23-fbe5dda4785f,bvh,1920,1080,10,10,0,18,1,1,0,0,0.031292,0.007916,0.039208,48681.8,48681.8,0,0,11.3138,122241299,0,1,"Apple M1","Darwin 25.2.0","clang 17.0.0 (clang-1700.6.3.2)",8,2026-01-31T07:04:02,ok
2026-01-30T18:08:23-fbe5dda4785f,bvh,1920,1080,10,10,0,18,1,1,0,0,0.027417,0.011667,0.039084,47377.4,47377.4,0,0,11.3138,122227779,0,2,"Apple M1","Darwin 25.2.0","clang 17.0.0 (clang-1700.6.3.2)",8,2026-01-31T07:04:49,ok
2026-01-30T18:08:23-fbe5dda4785f,bvh-mt,1920,1080,10,10,0,18,1,1,1,0,0.029333,0.010667,0.04,48125.3,48125.4,0,0,11.3138,122278464,1,0,"Apple M1","Darwin 25.2.0","clang 17.0.0 (clang-1700.6.3.2)",8,2026-01-31T07:05:37,ok
2026-01-30T18:08:23-fbe5dda4785f,bvh-mt,1920,1080,10,10,0,18,1,1,1,0,0.037042,0.011334,0.048376,45330.9,45330.9,0,0,11.3138,122228917,0,1,"Apple M1","Darwin 25.2.0","clang 17.0.0 (clang-1700.6.3.2)",8,2026-01-31T07:06:22,ok
2026-01-30T18:08:23-fbe5dda4785f,bvh-mt,1920,1080,10,10,0,18,1,1,1,0,0.030875,0.009875,0.04075,48367.3,48367.4,0,0,11.3138,122229991,0,2,"Apple M1","Darwin 25.2.0","clang 17.0.0 (clang-1700.6.3.2)",8,2026-01-31T07:07:11,ok
2026-01-30T18:08:23-fbe5dda4785f,gpu,1920,1080,10,10,0,18,0,0,0,1,0.037416,0,0.037416,3751.87,3751.91,0,3748.33,11.7201,20736000,1,0,"Apple M1","Darwin 25.2.0","clang 17.0.0 (clang-1700.6.3.2)",8,2026-01-31T07:07:15,ok
2026-01-30T18:08:23-fbe5dda4785f,gpu,1920,1080,10,10,0,18,0,0,0,1,0.036417,0,0.036417,3739.39,3739.43,0,3733.26,11.8138,20736000,0,1,"Apple M1","Darwin 25.2.0","clang 17.0.0 (clang-1700.6.3.2)",8,2026-01-31T07:07:18,ok
2026-01-30T18:08:23-fbe5dda4785f,gpu,1920,1080,10,10,0,18,0,0,0,1,0.039375,0,0.039375,3742.25,3742.29,0,3736.71,11.767,20736000,0,2,"Apple M1","Darwin 25.2.0","clang 17.0.0 (clang-1700.6.3.2)",8,2026-01-31T07:07:22,ok
2026-01-30T18:08:23-fbe5dda4785f,original,1920,1080,10,10,0,18,2,0,0,0,0.045792,0,0.045792,119422,119422,0,0,11.2982,122219841,1,0,"Apple M1","Darwin 25.2.0","clang 17.0.0 (clang-1700.6.3.2)",8,2026-01-31T07:09:21,ok
2026-01-30T18:08:23-fbe5dda4785f,original,1920,1080,10,10,0,18,2,0,0,0,0.050625,0,0.050625,119529,119529,0,0,11.2982,122261576,0,1,"Apple M1","Darwin 25.2.0","clang 17.0.0 (clang-1700.6.3.2)",8,2026-01-31T07:11:21,ok
2026-01-30T18:08:23-fbe5dda4785f,original,1920,1080,10,10,0,18,2,0,0,0,0.033834,0,0.033834,120195,120195,0,0,11.2982,122237172,0,2,"Apple M1","Darwin 25.2.0","clang 17.0.0 (clang-1700.6.3.2)",8,2026-01-31T07:13:21,ok
2026-01-30T18:08:23-fbe5dda4785f,bvh,1920,1080,10,10,0,18,2,1,0,0,0.044625,0.030708,0.075333,44530.1,44530.2,0,0,11.2982,122260592,1,0,"Apple M1","Darwin 25.2.0","clang 17.0.0 (clang-1700.6.3.2)",8,2026-01-31T07:14:06,ok
2026-01-30T18:08:23-fbe5dda4785f,bvh,1920,1080,10,10,0,18,2,1,0,0,0.038584,0.014625,0.053209,48718.8,48718.8,0,0,11.2982,122235512,0,1,"Apple M1","Darwin 25.2.0","clang 17.0.0 (clang-1700.6.3.2)",8,2026-01-31T07:14:54,ok
2026-01-30T18:08:23-fbe5dda4785f,bvh,1920,1080,10,10,0,18,2,1,0,0,0.036333,0.015291,0.051624,48689.5,48689.6,0,0,11.2982,122275342,0,2,"Apple M1","Darwin 25.2.0","clang 17.0.0 (clang-1700.6.3.2)",8,2026-01-31T07:15:43,ok
2026-01-30T18:08:23-fbe5dda4785f,bvh-mt,1920,1080,10,10,0,18,2,1,1,0,0.035208,0.01175,0.046958,27089.3,27089.3,0.038666,0,11.2982,122227111,1,0,"Apple M1","Darwin 25.2.0","clang 17.0.0 (clang-1700.6.3.2)",8,2026-01-31T07:16:10,ok
2026-01-30T18:08:23-fbe5dda4785f,bvh-mt,1920,1080,10,10,0,18,2,1,1,0,0.032083,0.0175,0.049583,25685.6,25685.6,0.029292,0,11.2982,122255638,0,1,"Apple M1","Darwin 25.2.0","clang 17.0.0 (clang-1700.6.3.2)",8,2026-01-31T07:16:36,ok
2026-01-30T18:08:23-fbe5dda4785f,bvh-mt,1920,1080,10,10,0,18,2,1,1,0,0.035625,0.021708,0.057333,26372.3,26372.3,0.022167,0,11.2982,122251174,0,2,"Apple M1","Darwin 25.2.0","clang 17.0.0 (clang-1700.6.3.2)",8,2026-01-31T07:17:02,ok
2026-01-30T18:08:23-fbe5dda4785f,gpu,1920,1080,10,10,0,18,0,0,0,1,0.029,0,0.029,3770.26,3770.29,0,3749.16,11.7201,20736000,1,0,"Apple M1","Darwin 25.2.0","clang 17.0.0 (clang-1700.6.3.2)",8,2026-01-31T07:17:06,ok
2026-01-30T18:08:23-fbe5dda4785f,gpu,1920,1080,10,10,0,18,0,0,0,1,0.036959,0,0.036959,3739.33,3739.37,0,3735.21,11.8451,20736000,0,1,"Apple M1","Darwin 25.2.0","clang 17.0.0 (clang-1700.6.3.2)",8,2026-01-31T07:17:10,ok
2026-01-30T18:08:23-fbe5dda4785f,gpu,1920,1080,10,10,0,18,0,0,0,1,0.027875,0,0.027875,3741.99,3742.02,0,3736.56,11.7982,20736000,0,2,"Apple M1","Darwin 25.2.0","clang 17.0.0 (clang-1700.6.3.2)",8,2026-01-31T07:17:14,ok
2026-01-30T18:08:23-fbe5dda4785f,original,1920,1080,10,10,0,18,3,0,0,0,0.034625,0,0.034625,119533,119533,0,0,11.2826,122256610,1,0,"Apple M1","Darwin 25.2.0","clang 17.0.0 (clang-1700.6.3.2)",8,2026-01-31T07:19:13,ok
2026-01-30T18:08:23-fbe5dda4785f,original,1920,1080,10,10,0,18,3,0,0,0,0.048875,0,0.048875,119497,119497,0,0,11.2826,122232093,0,1,"Apple M1","Darwin 25.2.0","clang 17.0.0 (clang-1700.6.3.2)",8,2026-01-31T07:21:13,ok
2026-01-30T18:08:23-fbe5dda4785f,original,1920,1080,10,10,0,18,3,0,0,0,0.029084,0,0.029084,119491,119491,0,0,11.2826,122247849,0,2,"Apple M1","Darwin 25.2.0","clang 17.0.0 (clang-1700.6.3.2)",8,2026-01-31T07:23:12,ok
2026-01-30T18:08:23-fbe5dda4785f,bvh,1920,1080,10,10,0,18,3,1,0,0,0.036,0.028167,0.064167,45913.4,45913.4,0,0,11.2826,122261444,1,0,"Apple M1","Darwin 25.2.0","clang 17.0.0 (clang-1700.6.3.2)",8,2026-01-31T07:23:58,ok
2026-01-30T18:08:23-fbe5dda4785f,bvh,1920,1080,10,10,0,18,3,1,0,0,0.040417,0.012959,0.053376,48993.2,48993.2,0,0,11.2826,122255057,0,1,"Apple M1","Darwin 25.2.0","clang 17.0.0 (clang-1700.6.3.2)",8,2026-01-31T07:24:47,ok
2026-01-30T18:08:23-fbe5dda4785f,bvh,1920,1080,10,10,0,18,3,1,0,0,0.029208,0.015667,0.044875,50319.2,50319.3,0,0,11.2826,122236086,0,2,"Apple M1","Darwin 25.2.0","clang 17.0.0 (clang-1700.6.3.2)",8,2026-01-31T07:25:37,ok
2026-01-30T18:08:23-fbe5dda4785f,bvh-mt,1920,1080,10,10,0,18,3,1,1,0,0.036041,0.011584,0.047625,19647.1,19647.1,0.041959,0,11.2826,122254561,1,0,"Apple M1","Darwin 25.2.0","clang 17.0.0 (clang-1700.6.3.2)",8,2026-01-31T07:25:57,ok
2026-01-30T18:08:23-fbe5dda4785f,bvh-mt,1920,1080,10,10,0,18,3,1,1,0,0.04475,0.013417,0.058167,20281.6,20281.7,0.031709,0,11.2826,122286448,0,1,"Apple M1","Darwin 25.2.0","clang 17.0.0 (clang-1700.6.3.2)",8,2026-01-31T07:26:17,ok
2026-01-30T18:08:23-fbe5dda4785f,bvh-mt,1920,1080,10,10,0,18,3,1,1,0,0.027417,0.018625,0.046042,21419.4,21419.4,0.0365,0,11.2826,122253510,0,2,"Apple M1","Darwin 25.2.0","clang 17.0.0 (clang-1700.6.3.2)",8,2026-01-31T07:26:39,ok
2026-01-30T18:08:23-fbe5dda4785f,gpu,1920,1080,10,10,0,18,0,0,0,1,0.014,0,0.014,3755.6,3755.61,0,3748.9,11.642,20736000,1,0,"Apple M1","Darwin 25.2.0","clang 17.0.0 (clang-1700.6.3.2)",8,2026-01-31T07:26:42,ok
2026-01-30T18:08:23-fbe5dda4785f,gpu,1920,1080,10,10,0,18,0,0,0,1,0.038667,0,0.038667,3738,3738.03,0,3732.86,11.767,20736000,0,1,"Apple M1","Darwin 25.2.0","clang 17.0.0 (clang-1700.6.3.2)",8,2026-01-31T07:26:46,ok
2026-01-30T18:08:23-fbe5dda4785f,gpu,1920,1080,10,10,0,18,0,0,0,1,0.035167,0,0.035167,3735.49,3735.53,0,3731.25,11.8295,20736000,0,2,"Apple M1","Darwin 25.2.0","clang 17.0.0 (clang-1700.6.3.2)",8,2026-01-31T07:26:50,ok
2026-01-30T18:08:23-fbe5dda4785f,original,1920,1080,10,10,0,18,4,0,0,0,0.014625,0,0.014625,119837,119837,0,0,11.2982,122259069,1,0,"Apple M1","Darwin 25.2.0","clang 17.0.0 (clang-1700.6.3.2)",8,2026-01-31T07:28:50,ok
2026-01-30T18:08:23-fbe5dda4785f,original,1920,1080,10,10,0,18,4,0,0,0,0.04575,0,0.04575,119387,119387,0,0,11.2982,122215755,0,1,"Apple M1","Darwin 25.2.0","clang 17.0.0 (clang-1700.6.3.2)",8,2026-01-31T07:30:49,ok
2026-01-30T18:08:23-fbe5dda4785f,original,1920,1080,10,10,0,18,4,0,0,0,0.032875,0,0.032875,119578,119578,0,0,11.2982,122264529,0,2,"Apple M1","Darwin 25.2.0","clang 17.0.0 (clang-1700.6.3.2)",8,2026-01-31T07:32:49,ok
2026-01-30T18:08:23-fbe5dda4785f,bvh,1920,1080,10,10,0,18,4,1,0,0,0.037875,0.026958,0.064833,48263.5,48263.6,0,0,11.2982,122248541,1,0,"Apple M1","Darwin 25.2.0","clang 17.0.0 (clang-1700.6.3.2)",8,2026-01-31T07:33:37,ok
2026-01-30T18:08:23-fbe5dda4785f,bvh,1920,1080,10,10,0,18,4,1,0,0,0.044334,0.020375,0.064709,46063.6,46063.7,0,0,11.2982,122222082,0,1,"Apple M1","Darwin 25.2.0","clang 17.0.0 (clang-1700.6.3.2)",8,2026-01-31T07:34:23,ok
2026-01-30T18:08:23-fbe5dda4785f,bvh,1920,1080,10,10,0,18,4,1,0,0,0.021375,0.008,0.029375,46226.6,46226.7,0,0,11.2982,122247421,0,2,"Apple M1","Darwin 25.2.0","clang 17.0.0 (clang-1700.6.3.2)",8,2026-01-31T07:35:09,ok
2026-01-30T18:08:23-fbe5dda4785f,bvh-mt,1920,1080,10,10,0,18,4,1,1,0,0.028834,0.013209,0.042043,16954,16954.1,0.059167,0,11.2982,122243993,1,0,"Apple M1","Darwin 25.2.0","clang 17.0.0 (clang-1700.6.3.2)",8,2026-01-31T07:35:26,ok
2026-01-30T18:08:23-fbe5dda4785f,bvh-mt,1920,1080,10,10,0,18,4,1,1,0,0.017708,0.010542,0.02825,21235.7,21235.7,0.04975,0,11.2982,122251488,0,1,"Apple M1","Darwin 25.2.0","clang 17.0.0 (clang-1700.6.3.2)",8,2026-01-31T07:35:47,ok
2026-01-30T18:08:23-fbe5dda4785f,bvh-mt,1920,1080,10,10,0,18,4,1,1,0,0.008916,0.008708,0.017624,19444,19444,0.040208,0,11.2982,122250864,0,2,"Apple M1","Darwin 25.2.0","clang 17.0.0 (clang-1700.6.3.2)",8,2026-01-31T07:36:07,ok
2026-01-30T18:08:23-fbe5dda4785f,gpu,1920,1080,10,10,0,18,0,0,0,1,0.02925,0,0.02925,3759.13,3759.16,0,3749.13,11.6576,20736000,1,0,"Apple M1","Darwin 25.2.0","clang 17.0.0 (clang-1700.6.3.2)",8,2026-01-31T07:36:11,ok
2026-01-30T18:08:23-fbe5dda4785f,gpu,1920,1080,10,10,0,18,0,0,0,1,0.035625,0,0.035625,3738.03,3738.07,0,3732.96,11.7513,20736000,0,1,"Apple M1","Darwin 25.2.0","clang 17.0.0 (clang-1700.6.3.2)",8,2026-01-31T07:36:14,ok
2026-01-30T18:08:23-fbe5dda4785f,gpu,1920,1080,10,10,0,18,0,0,0,1,0.033666,0,0.033666,3736.23,3736.27,0,3731.23,11.7513,20736000,0,2,"Apple M1","Darwin 25.2.0","clang 17.0.0 (clang-1700.6.3.2)",8,2026-01-31T07:36:18,ok
2026-01-30T18:08:23-fbe5dda4785f,original,1920,1080,10,10,0,18,5,0,0,0,0.029,0,0.029,119670,119670,0,0,11.2982,122235728,1,0,"Apple M1","Darwin 25.2.0","clang 17.0.0 (clang-1700.6.3.2)",8,2026-01-31T07:38:18,ok
2026-01-30T18:08:23-fbe5dda4785f,original,1920,1080,10,10,0,18,5,0,0,0,0.027,0,0.027,119317,119317,0,0,11.2982,122221282,0,1,"Apple M1","Darwin 25.2.0","clang 17.0.0 (clang-1700.6.3.2)",8,2026-01-31T07:40:17,ok
2026-01-30T18:08:23-fbe5dda4785f,original,1920,1080,10,10,0,18,5,0,0,0,0.038709,0,0.038709,119872,119872,0,0,11.2982,122239618,0,2,"Apple M1","Darwin 25.2.0","clang 17.0.0 (clang-1700.6.3.2)",8,2026-01-31T07:42:17,ok
2026-01-30T18:08:23-fbe5dda4785f,bvh,1920,1080,10,10,0,18,5,1,0,0,0.032166,0.218458,0.250624,53653.2,53653.5,0,0,11.2982,122241017,1,0,"Apple M1","Darwin 25.2.0","clang 17.0.0 (clang-1700.6.3.2)",8,2026-01-31T07:43:11,ok
2026-01-30T18:08:23-fbe5dda4785f,bvh,1920,1080,10,10,0,18,5,1,0,0,0.043917,0.010458,0.054375,45737.4,45737.4,0,0,11.2982,122257554,0,1,"Apple M1","Darwin 25.2.0","clang 17.0.0 (clang-1700.6.3.2)",8,2026-01-31T07:43:56,ok
2026-01-30T18:08:23-fbe5dda4785f,bvh,1920,1080,10,10,0,18,5,1,0,0,0.030583,0.009792,0.040375,43860.3,43860.3,0,0,11.2982,122225290,0,2,"Apple M1","Darwin 25.2.0","clang 17.0.0 (clang-1700.6.3.2)",8,2026-01-31T07:44:40,ok
2026-01-30T18:08:23-fbe5dda4785f,bvh-mt,1920,1080,10,10,0,18,5,1,1,0,0.032625,0.010166,0.042791,17351.5,17351.6,0.061959,0,11.2982,122232613,1,0,"Apple M1","Darwin 25.2.0","clang 17.0.0 (clang-1700.6.3.2)",8,2026-01-31T07:44:58,ok
2026-01-30T18:08:23-fbe5dda4785f,bvh-mt,1920,1080,10,10,0,18,5,1,1,0,0.0395,0.016375,0.055875,18975.8,18975.8,0.0575,0,11.2982,122253161,0,1,"Apple M1","Darwin 25.2.0","clang 17.0.0 (clang-1700.6.3.2)",8,2026-01-31T07:45:17,ok
2026-01-30T18:08:23-fbe5dda4785f,bvh-mt,1920,1080,10,10,0,18,5,1,1,0,0.023292,0.014375,0.037667,18806.5,18806.6,0.045042,0,11.2982,122278422,0,2,"Apple M1","Darwin 25.2.0","clang 17.0.0 (clang-1700.6.3.2)",8,2026-01-31T07:45:35,ok
2026-01-30T18:08:23-fbe5dda4785f,gpu,1920,1080,10,10,0,18,0,0,0,1,0.025334,0,0.025334,3771.97,3771.99,0,3753.22,11.6576,20736000,1,0,"Apple M1","Darwin 25.2.0","clang 17.0.0 (clang-1700.6.3.2)",8,2026-01-31T07:45:39,ok
2026-01-30T18:08:23-fbe5dda4785f,gpu,1920,1080,10,10,0,18,0,0,0,1,0.034708,0,0.034708,3741.85,3741.89,0,3736.11,11.7826,20736000,0,1,"Apple M1","Darwin 25.2.0","clang 17.0.0 (clang-1700.6.3.2)",8,2026-01-31T07:45:43,ok
2026-01-30T18:08:23-fbe5dda4785f,gpu,1920,1080,10,10,0,18,0,0,0,1,0.03425,0,0.03425,3739.56,3739.59,0,3734.93,11.7826,20736000,0,2,"Apple M1","Darwin 25.2.0","clang 17.0.0 (clang-1700.6.3.2)",8,2026-01-31T07:45:47,ok
2026-01-30T18:08:23-fbe5dda4785f,original,1920,1080,10,10,0,18,6,0,0,0,0.033542,0,0.033542,119633,119633,0,0,11.3295,122265446,1,0,"Apple M1","Darwin 25.2.0","clang 17.0.0 (clang-1700.6.3.2)",8,2026-01-31T07:47:46,ok
2026-01-30T18:08:23-fbe5dda4785f,original,1920,1080,10,10,0,18,6,0,0,0,0.031208,0,0.031208,119489,119489,0,0,11.3295,122243322,0,1,"Apple M1","Darwin 25.2.0","clang 17.0.0 (clang-1700.6.3.2)",8,2026-01-31T07:49:46,ok
2026-01-30T18:08:23-fbe5dda4785f,original,1920,1080,10,10,0,18,6,0,0,0,0.033334,0,0.033334,119494,119494,0,0,11.3295,122270645,0,2,"Apple M1","Darwin 25.2.0","clang 17.0.0 (clang-1700.6.3.2)",8,2026-01-31T07:51:45,ok
2026-01-30T18:08:23-fbe5dda4785f,bvh,1920,1080,10,10,0,18,6,1,0,0,0.037583,0.534042,0.571625,52490.1,52490.7,0,0,11.3295,122254521,1,0,"Apple M1","Darwin 25.2.0","clang 17.0.0 (clang-1700.6.3.2)",8,2026-01-31T07:52:38,ok
2026-01-30T18:08:23-fbe5dda4785f,bvh,1920,1080,10,10,0,18,6,1,0,0,0.043334,0.012416,0.05575,51112.7,51112.8,0,0,11.3295,122238240,0,1,"Apple M1","Darwin 25.2.0","clang 17.0.0 (clang-1700.6.3.2)",8,2026-01-31T07:53:29,ok
2026-01-30T18:08:23-fbe5dda4785f,bvh,1920,1080,10,10,0,18,6,1,0,0,0.018916,0.0075,0.026416,45149.1,45149.2,0,0,11.3295,122227837,0,2,"Apple M1","Darwin 25.2.0","clang 17.0.0 (clang-1700.6.3.2)",8,2026-01-31T07:54:14,ok
2026-01-30T18:08:23-fbe5dda4785f,bvh-mt,1920,1080,10,10,0,18,6,1,1,0,0.023834,0.010042,0.033876,18656.1,18656.1,0.850917,0,11.3295,122267621,1,0,"Apple M1","Darwin 25.2.0","clang 17.0.0 (clang-1700.6.3.2)",8,2026-01-31T07:54:33,ok
2026-01-30T18:08:23-fbe5dda4785f,bvh-mt,1920,1080,10,10,0,18,6,1,1,0,0.03475,0.021875,0.056625,17334.8,17334.9,0.064958,0,11.3295,122245256,0,1,"Apple M1","Darwin 25.2.0","clang 17.0.0 (clang-1700.6.3.2)",8,2026-01-31T07:54:50,ok
2026-01-30T18:08:23-fbe5dda4785f,bvh-mt,1920,1080,10,10,0,18,6,1,1,0,0.030875,0.011834,0.042709,16749.8,16749.9,0.059917,0,11.3295,122254591,0,2,"Apple M1","Darwin 25.2.0","clang 17.0.0 (clang-1700.6.3.2)",8,2026-01-31T07:55:07,ok
2026-01-30T18:08:23-fbe5dda4785f,gpu,1920,1080,10,10,0,18,0,0,0,1,0.0215,0,0.0215,3764.2,3764.23,0,3746.86,11.6888,20736000,1,0,"Apple M1","Darwin 25.2.0","clang 17.0.0 (clang-1700.6.3.2)",8,2026-01-31T07:55:11,ok
2026-01-30T18:08:23-fbe5dda4785f,gpu,1920,1080,10,10,0,18,0,0,0,1,0.015542,0,0.015542,3735.02,3735.03,0,3731.47,11.6888,20736000,0,1,"Apple M1","Darwin 25.2.0","clang 17.0.0 (clang-1700.6.3.2)",8,2026-01-31T07:55:14,ok
2026-01-30T18:08:23-fbe5dda4785f,gpu,1920,1080,10,10,0,18,0,0,0,1,0.032959,0,0.032959,3741,3741.03,0,3737.02,11.8295,20736000,0,2,"Apple M1","Darwin 25.2.0","clang 17.0.0 (clang-1700.6.3.2)",8,2026-01-31T07:55:18,ok
2026-01-30T18:08:23-fbe5dda4785f,original,1920,1080,10,10,0,18,7,0,0,0,0.034125,0,0.034125,119870,119870,0,0,11.3295,122274085,1,0,"Apple M1","Darwin 25.2.0","clang 17.0.0 (clang-1700.6.3.2)",8,2026-01-31T07:57:18,ok
2026-01-30T18:08:23-fbe5dda4785f,original,1920,1080,10,10,0,18,7,0,0,0,0.0285,0,0.0285,119416,119416,0,0,11.3295,122252543,0,1,"Apple M1","Darwin 25.2.0","clang 17.0.0 (clang-1700.6.3.2)",8,2026-01-31T07:59:17,ok
2026-01-30T18:08:23-fbe5dda4785f,original,1920,1080,10,10,0,18,7,0,0,0,0.031375,0,0.031375,119422,119422,0,0,11.3295,122250999,0,2,"Apple M1","Darwin 25.2.0","clang 17.0.0 (clang-1700.6.3.2)",8,2026-01-31T08:01:17,ok
2026-01-30T18:08:23-fbe5dda4785f,bvh,1920,1080,10,10,0,18,7,1,0,0,0.022125,0.015833,0.037958,50069.7,50069.7,0,0,11.3295,122266146,1,0,"Apple M1","Darwin 25.2.0","clang 17.0.0 (clang-1700.6.3.2)",8,2026-01-31T08:02:07,ok
2026-01-30T18:08:23-fbe5dda4785f,bvh,1920,1080,10,10,0,18,7,1,0,0,0.041167,0.0105,0.051667,43524.1,43524.1,0,0,11.3295,122216249,0,1,"Apple M1","Darwin 25.2.0","clang 17.0.0 (clang-1700.6.3.2)",8,2026-01-31T08:02:50,ok
2026-01-30T18:08:23-fbe5dda4785f,bvh,1920,1080,10,10,0,18,7,1,0,0,0.024708,0.009541,0.034249,44388.3,44388.3,0,0,11.3295,122227147,0,2,"Apple M1","Darwin 25.2.0","clang 17.0.0 (clang-1700.6.3.2)",8,2026-01-31T08:03:35,ok
2026-01-30T18:08:23-fbe5dda4785f,bvh-mt,1920,1080,10,10,0,18,7,1,1,0,0.023709,0.009625,0.033334,15881.9,15882,0.083458,0,11.3295,122245849,1,0,"Apple M1","Darwin 25.2.0","clang 17.0.0 (clang-1700.6.3.2)",8,2026-01-31T08:03:51,ok
2026-01-30T18:08:23-fbe5dda4785f,bvh-mt,1920,1080,10,10,0,18,7,1,1,0,0.01625,0.008667,0.024917,16478.1,16478.1,0.0635,0,11.3295,122254123,0,1,"Apple M1","Darwin 25.2.0","clang 17.0.0 (clang-1700.6.3.2)",8,2026-01-31T08:04:07,ok
2026-01-30T18:08:23-fbe5dda4785f,bvh-mt,1920,1080,10,10,0,18,7,1,1,0,0.034875,0.016,0.050875,17920.4,17920.5,0.067375,0,11.3295,122282967,0,2,"Apple M1","Darwin 25.2.0","clang 17.0.0 (clang-1700.6.3.2)",8,2026-01-31T08:04:25,ok
2026-01-30T18:08:23-fbe5dda4785f,gpu,1920,1080,10,10,0,18,0,0,0,1,0.009541,0,0.009541,3760.95,3760.96,0,3748.46,11.6888,20736000,1,0,"Apple M1","Darwin 25.2.0","clang 17.0.0 (clang-1700.6.3.2)",8,2026-01-31T08:04:29,ok
2026-01-30T18:08:23-fbe5dda4785f,gpu,1920,1080,10,10,0,18,0,0,0,1,0.069333,0,0.069333,3739.51,3739.58,0,3733.79,11.7826,20736000,0,1,"Apple M1","Darwin 25.2.0","clang 17.0.0 (clang-1700.6.3.2)",8,2026-01-31T08:04:33,ok
2026-01-30T18:08:23-fbe5dda4785f,gpu,1920,1080,10,10,0,18,0,0,0,1,0.032875,0,0.032875,3736.77,3736.8,0,3731.72,11.7826,20736000,0,2,"Apple M1","Darwin 25.2.0","clang 17.0.0 (clang-1700.6.3.2)",8,2026-01-31T08:04:36,ok
2026-01-30T18:08:23-fbe5dda4785f,original,1920,1080,10,10,0,18,8,0,0,0,0.03575,0,0.03575,119565,119565,0,0,11.3295,122243231,1,0,"Apple M1","Darwin 25.2.0","clang 17.0.0 (clang-1700.6.3.2)",8,2026-01-31T08:06:36,ok
2026-01-30T18:08:23-fbe5dda4785f,original,1920,1080,10,10,0,18,8,0,0,0,0.036375,0,0.036375,119512,119512,0,0,11.3295,122269903,0,1,"Apple M1","Darwin 25.2.0","clang 17.0.0 (clang-1700.6.3.2)",8,2026-01-31T08:08:35,ok
2026-01-30T18:08:23-fbe5dda4785f,original,1920,1080,10,10,0,18,8,0,0,0,0.032833,0,0.032833,119555,119555,0,0,11.3295,122247674,0,2,"Apple M1","Darwin 25.2.0","clang 17.0.0 (clang-1700.6.3.2)",8,2026-01-31T08:10:35,ok
2026-01-30T18:08:23-fbe5dda4785f,bvh,1920,1080,10,10,0,18,8,1,0,0,0.026416,0.020208,0.046624,43830.3,43830.3,0,0,11.3295,122271387,1,0,"Apple M1","Darwin 25.2.0","clang 17.0.0 (clang-1700.6.3.2)",8,2026-01-31T08:11:19,ok
2026-01-30T18:08:23-fbe5dda4785f,bvh,1920,1080,10,10,0,18,8,1,0,0,0.042833,0.011541,0.054374,47074.3,47074.4,0,0,11.3295,122243803,0,1,"Apple M1","Darwin 25.2.0","clang 17.0.0 (clang-1700.6.3.2)",8,2026-01-31T08:12:06,ok
2026-01-30T18:08:23-fbe5dda4785f,bvh,1920,1080,10,10,0,18,8,1,0,0,0.036125,0.010958,0.047083,53836.4,53836.4,0,0,11.3295,122211171,0,2,"Apple M1","Darwin 25.2.0","clang 17.0.0 (clang-1700.6.3.2)",8,2026-01-31T08:13:00,ok
2026-01-30T18:08:23-fbe5dda4785f,bvh-mt,1920,1080,10,10,0,18,8,1,1,0,0.0235,0.008708,0.032208,14701.5,14701.5,0.079709,0,11.3295,122246548,1,0,"Apple M1","Darwin 25.2.0","clang 17.0.0 (clang-1700.6.3.2)",8,2026-01-31T08:13:14,ok
2026-01-30T18:08:23-fbe5dda4785f,bvh-mt,1920,1080,10,10,0,18,8,1,1,0,0.041625,0.017667,0.059292,15647.5,15647.6,0.083667,0,11.3295,122234626,0,1,"Apple M1","Darwin 25.2.0","clang 17.0.0 (clang-1700.6.3.2)",8,2026-01-31T08:13:30,ok
2026-01-30T18:08:23-fbe5dda4785f,bvh-mt,1920,1080,10,10,0,18,8,1,1,0,0.014042,0.008959,0.023001,15346.2,15346.2,0.07575,0,11.3295,122251830,0,2,"Apple M1","Darwin 25.2.0","clang 17.0.0 (clang-1700.6.3.2)",8,2026-01-31T08:13:45,ok
2026-01-30T18:08:23-fbe5dda4785f,gpu,1920,1080,10,10,0,18,0,0,0,1,0.010958,0,0.010958,3759.54,3759.55,0,3751.8,11.6888,20736000,1,0,"Apple M1","Darwin 25.2.0","clang 17.0.0 (clang-1700.6.3.2)",8,2026-01-31T08:13:49,ok
2026-01-30T18:08:23-fbe5dda4785f,gpu,1920,1080,10,10,0,18,0,0,0,1,0.039375,0,0.039375,3737.64,3737.68,0,3732.75,11.7826,20736000,0,1,"Apple M1","Darwin 25.2.0","clang 17.0.0 (clang-1700.6.3.2)",8,2026-01-31T08:13:53,ok
2026-01-30T18:08:23-fbe5dda4785f,gpu,1920,1080,10,10,0,18,0,0,0,1,0.033625,0,0.033625,3739.04,3739.07,0,3733.9,11.7826,20736000,0,2,"Apple M1","Darwin 25.2.0","clang 17.0.0 (clang-1700.6.3.2)",8,2026-01-31T08:13:57,ok
2026-01-30T18:08:23-fbe5dda4785f,original,1920,1080,10,10,100,118,1,0,0,0,0.055416,0,0.055416,239967,239967,0,0,11.3295,124806084,1,0,"Apple M1","Darwin 25.2.0","clang 17.0.0 (clang-1700.6.3.2)",8,2026-01-31T08:17:57,ok
2026-01-30T18:08:23-fbe5dda4785f,original,1920,1080,10,10,100,118,1,0,0,0,0.056542,0,0.056542,238276,238276,0,0,11.3295,124804796,0,1,"Apple M1","Darwin 25.2.0","clang 17.0.0 (clang-1700.6.3.2)",8,2026-01-31T08:21:55,ok
2026-01-30T18:08:23-fbe5dda4785f,original,1920,1080,10,10,100,118,1,0,0,0,0.035834,0,0.035834,238346,238346,0,0,11.3295,124813506,0,2,"Apple M1","Darwin 25.2.0","clang 17.0.0 (clang-1700.6.3.2)",8,2026-01-31T08:25:53,ok
2026-01-30T18:08:23-fbe5dda4785f,bvh,1920,1080,10,10,100,118,1,1,0,0,0.042292,0.397375,0.439667,75943.2,75943.6,0,0,11.3295,124812679,1,0,"Apple M1","Darwin 25.2.0","clang 17.0.0 (clang-1700.6.3.2)",8,2026-01-31T08:27:09,ok
2026-01-30T18:08:23-fbe5dda4785f,bvh,1920,1080,10,10,100,118,1,1,0,0,0.060375,0.038333,0.098708,79413.8,79413.9,0,0,11.3295,124812236,0,1,"Apple M1","Darwin 25.2.0","clang 17.0.0 (clang-1700.6.3.2)",8,2026-01-31T08:28:29,ok
2026-01-30T18:08:23-fbe5dda4785f,bvh,1920,1080,10,10,100,118,1,1,0,0,0.045125,0.045584,0.090709,68296.5,68296.6,0,0,11.3295,124774675,0,2,"Apple M1","Darwin 25.2.0","clang 17.0.0 (clang-1700.6.3.2)",8,2026-01-31T08:29:37,ok
2026-01-30T18:08:23-fbe5dda4785f,bvh-mt,1920,1080,10,10,100,118,1,1,1,0,0.051042,0.045291,0.096333,81168.8,81168.9,0,0,11.3295,124798724,1,0,"Apple M1","Darwin 25.2.0","clang 17.0.0 (clang-1700.6.3.2)",8,2026-01-31T08:30:58,ok
2026-01-30T18:08:23-fbe5dda4785f,bvh-mt,1920,1080,10,10,100,118,1,1,1,0,0.043875,0.032875,0.07675,85786.7,85786.8,0,0,11.3295,124810544,0,1,"Apple M1","Darwin 25.2.0","clang 17.0.0 (clang-1700.6.3.2)",8,2026-01-31T08:32:24,ok
2026-01-30T18:08:23-fbe5dda4785f,bvh-mt,1920,1080,10,10,100,118,1,1,1,0,0.03,0.037,0.067,86780.3,86780.3,0,0,11.3295,124834154,0,2,"Apple M1","Darwin 25.2.0","clang 17.0.0 (clang-1700.6.3.2)",8,2026-01-31T08:33:51,ok
2026-01-30T18:08:23-fbe5dda4785f,gpu,1920,1080,10,10,100,118,0,0,0,1,0.03225,0,0.03225,7397.91,7397.95,0,7372.14,11.6888,20736000,1,0,"Apple M1","Darwin 25.2.0","clang 17.0.0 (clang-1700.6.3.2)",8,2026-01-31T08:33:58,ok
2026-01-30T18:08:23-fbe5dda4785f,gpu,1920,1080,10,10,100,118,0,0,0,1,0.055917,0,0.055917,7365.49,7365.55,0,7360.62,11.8295,20736000,0,1,"Apple M1","Darwin 25.2.0","clang 17.0.0 (clang-1700.6.3.2)",8,2026-01-31T08:34:05,ok
2026-01-30T18:08:23-fbe5dda4785f,gpu,1920,1080,10,10,100,118,0,0,0,1,0.078292,0,0.078292,7363.16,7363.23,0,7357.8,11.6888,20736000,0,2,"Apple M1","Darwin 25.2.0","clang 17.0.0 (clang-1700.6.3.2)",8,2026-01-31T08:34:13,ok
2026-01-30T18:08:23-fbe5dda4785f,original,1920,1080,10,10,100,118,2,0,0,0,0.061709,0,0.061709,238725,238725,0,0,11.3295,124816748,1,0,"Apple M1","Darwin 25.2.0","clang 17.0.0 (clang-1700.6.3.2)",8,2026-01-31T08:38:11,ok
2026-01-30T18:08:23-fbe5dda4785f,original,1920,1080,10,10,100,118,2,0,0,0,0.047292,0,0.047292,238867,238867,0,0,11.3295,124810914,0,1,"Apple M1","Darwin 25.2.0","clang 17.0.0 (clang-1700.6.3.2)",8,2026-01-31T08:42:10,ok
2026-01-30T18:08:23-fbe5dda4785f,original,1920,1080,10,10,100,118,2,0,0,0,0.041125,0,0.041125,238325,238325,0,0,11.3295,124827095,0,2,"Apple M1","Darwin 25.2.0","clang 17.0.0 (clang-1700.6.3.2)",8,2026-01-31T08:46:09,ok
2026-01-30T18:08:23-fbe5dda4785f,bvh,1920,1080,10,10,100,118,2,1,0,0,0.030125,0.332875,0.363,68268.8,68269.2,0,0,11.3295,124802708,1,0,"Apple M1","Darwin 25.2.0","clang 17.0.0 (clang-1700.6.3.2)",8,2026-01-31T08:47:17,ok
2026-01-30T18:08:23-fbe5dda4785f,bvh,1920,1080,10,10,100,118,2,1,0,0,0.03725,0.048625,0.085875,79243.9,79244,0,0,11.3295,124829561,0,1,"Apple M1","Darwin 25.2.0","clang 17.0.0 (clang-1700.6.3.2)",8,2026-01-31T08:48:36,ok
2026-01-30T18:08:23-fbe5dda4785f,bvh,1920,1080,10,10,100,118,2,1,0,0,0.041083,0.041,0.082083,82635.3,82635.4,0,0,11.3295,124806113,0,2,"Apple M1","Darwin 25.2.0","clang 17.0.0 (clang-1700.6.3.2)",8,2026-01-31T08:49:59,ok
2026-01-30T18:08:23-fbe5dda4785f,bvh-mt,1920,1080,10,10,100,118,2,1,1,0,0.035584,0.037,0.072584,45425.6,45425.7,0.035542,0,11.3295,124840985,1,0,"Apple M1","Darwin 25.2.0","clang 17.0.0 (clang-1700.6.3.2)",8,2026-01-31T08:50:44,ok
2026-01-30T18:08:23-fbe5dda4785f,bvh-mt,1920,1080,10,10,100,118,2,1,1,0,0.048708,0.047292,0.096,50583.3,50583.4,0.034833,0,11.3295,124839930,0,1,"Apple M1","Darwin 25.2.0","clang 17.0.0 (clang-1700.6.3.2)",8,2026-01-31T08:51:35,ok
2026-01-30T18:08:23-fbe5dda4785f,bvh-mt,1920,1080,10,10,100,118,2,1,1,0,0.038792,0.037917,0.076709,50458.6,50458.7,0.033625,0,11.3295,124821557,0,2,"Apple M1","Darwin 25.2.0","clang 17.0.0 (clang-1700.6.3.2)",8,2026-01-31T08:52:25,ok
2026-01-30T18:08:23-fbe5dda4785f,gpu,1920,1080,10,10,100,118,0,0,0,1,0.052834,0,0.052834,7379.47,7379.52,0,7368.11,11.6888,20736000,1,0,"Apple M1","Darwin 25.2.0","clang 17.0.0 (clang-1700.6.3.2)",8,2026-01-31T08:52:33,ok
2026-01-30T18:08:23-fbe5dda4785f,gpu,1920,1080,10,10,100,118,0,0,0,1,0.065625,0,0.065625,7364.16,7364.23,0,7359.01,11.7826,20736000,0,1,"Apple M1","Darwin 25.2.0","clang 17.0.0 (clang-1700.6.3.2)",8,2026-01-31T08:52:40,ok
2026-01-30T18:08:23-fbe5dda4785f,gpu,1920,1080,10,10,100,118,0,0,0,1,0.05925,0,0.05925,7362.77,7362.83,0,7356.46,11.7826,20736000,0,2,"Apple M1","Darwin 25.2.0","clang 17.0.0 (clang-1700.6.3.2)",8,2026-01-31T08:52:47,ok
2026-01-30T18:08:23-fbe5dda4785f,original,1920,1080,10,10,100,118,3,0,0,0,0.072333,0,0.072333,240221,240222,0,0,11.3295,124810225,1,0,"Apple M1","Darwin 25.2.0","clang 17.0.0 (clang-1700.6.3.2)",8,2026-01-31T08:56:48,ok
2026-01-30T18:08:23-fbe5dda4785f,original,1920,1080,10,10,100,118,3,0,0,0,0.052625,0,0.052625,238518,238518,0,0,11.3295,124813785,0,1,"Apple M1","Darwin 25.2.0","clang 17.0.0 (clang-1700.6.3.2)",8,2026-01-31T09:00:46,ok
