run_id,mode,width,height,samples,max_depth,extra_objects,object_count,thread_count,bvh,threads,gpu,scene_ms,bvh_ms,setup_ms,render_ms,total_ms,thread_launch_ms,gpu_ms,max_mem_mb,ray_count,is_warmup,iteration,cpu_model,os_name,compiler,hw_threads,timestamp,status
2026-01-30T17:23:36-ed540bb24003,original,320,180,10,10,0,18,1,0,0,0,0.045541,0,0.045541,4698.71,4698.75,0,0,2.00085,3389503,1,0,"Apple M1","Darwin 25.2.0","clang 17.0.0 (clang-1700.6.3.2)",8,2026-01-30T17:23:40,ok
2026-01-30T17:23:36-ed540bb24003,original,320,180,10,10,0,18,1,0,0,0,0.020042,0,0.020042,3448.4,3448.42,0,0,2.23523,3394814,0,1,"Apple M1","Darwin 25.2.0","clang 17.0.0 (clang-1700.6.3.2)",8,2026-01-30T17:23:44,ok
2026-01-30T17:23:36-ed540bb24003,original,320,180,10,10,0,18,1,0,0,0,0.0095,0,0.0095,3498.68,3498.69,0,0,2.23523,3389331,0,2,"Apple M1","Darwin 25.2.0","clang 17.0.0 (clang-1700.6.3.2)",8,2026-01-30T17:23:47,ok
2026-01-30T17:23:36-ed540bb24003,original,320,180,10,10,0,18,1,0,0,0,0.016583,0,0.016583,3421.63,3421.65,0,0,2.25085,3390941,0,3,"Apple M1","Darwin 25.2.0","clang 17.0.0 (clang-1700.6.3.2)",8,2026-01-30T17:23:51,ok
2026-01-30T17:23:36-ed540bb24003,bvh,320,180,10,10,0,18,1,1,0,0,0.008875,0.201083,0.209958,1374.98,1375.19,0,0,2.25085,3392958,1,0,"Apple M1","Darwin 25.2.0","clang 17.0.0 (clang-1700.6.3.2)",8,2026-01-30T17:23:52,ok
2026-01-30T17:23:36-ed540bb24003,bvh,320,180,10,10,0,18,1,1,0,0,0.011292,0.006,0.017292,1297.4,1297.41,0,0,2.2821,3391351,0,1,"Apple M1","Darwin 25.2.0","clang 17.0.0 (clang-1700.6.3.2)",8,2026-01-30T17:23:53,ok
2026-01-30T17:23:36-ed540bb24003,bvh,320,180,10,10,0,18,1,1,0,0,0.014792,0.0045,0.019292,1227.11,1227.13,0,0,2.29773,3396805,0,2,"Apple M1","Darwin 25.2.0","clang 17.0.0 (clang-1700.6.3.2)",8,2026-01-30T17:23:55,ok
2026-01-30T17:23:36-ed540bb24003,bvh,320,180,10,10,0,18,1,1,0,0,0.018125,0.004541,0.022666,1324.45,1324.48,0,0,2.32898,3393443,0,3,"Apple M1","Darwin 25.2.0","clang 17.0.0 (clang-1700.6.3.2)",8,2026-01-30T17:23:56,ok
2026-01-30T17:23:36-ed540bb24003,bvh-mt,320,180,10,10,0,18,1,1,1,0,0.014667,0.004916,0.019583,1279.47,1279.49,0,0,2.31335,3393381,1,0,"Apple M1","Darwin 25.2.0","clang 17.0.0 (clang-1700.6.3.2)",8,2026-01-30T17:23:57,ok
2026-01-30T17:23:36-ed540bb24003,bvh-mt,320,180,10,10,0,18,1,1,1,0,0.016958,0.00475,0.021708,1373.68,1373.71,0,0,2.32898,3393289,0,1,"Apple M1","Darwin 25.2.0","clang 17.0.0 (clang-1700.6.3.2)",8,2026-01-30T17:23:59,ok
2026-01-30T17:23:36-ed540bb24003,bvh-mt,320,180,10,10,0,18,1,1,1,0,0.009417,0.005458,0.014875,1376.61,1376.63,0,0,2.32898,3390123,0,2,"Apple M1","Darwin 25.2.0","clang 17.0.0 (clang-1700.6.3.2)",8,2026-01-30T17:24:00,ok
2026-01-30T17:23:36-ed540bb24003,bvh-mt,320,180,10,10,0,18,1,1,1,0,0.013917,0.004542,0.018459,1459.41,1459.43,0,0,2.32898,3388825,0,3,"Apple M1","Darwin 25.2.0","clang 17.0.0 (clang-1700.6.3.2)",8,2026-01-30T17:24:01,ok
2026-01-30T17:23:36-ed540bb24003,gpu,320,180,10,10,0,18,0,0,0,1,0.071334,0,0.071334,269.114,269.185,0,114.672,5.39191,576000,1,0,"Apple M1","Darwin 25.2.0","clang 17.0.0 (clang-1700.6.3.2)",8,2026-01-30T17:24:02,ok
2026-01-30T17:23:36-ed540bb24003,gpu,320,180,10,10,0,18,0,0,0,1,0.009917,0,0.009917,107.837,107.847,0,106.174,5.45447,576000,0,1,"Apple M1","Darwin 25.2.0","clang 17.0.0 (clang-1700.6.3.2)",8,2026-01-30T17:24:02,ok
2026-01-30T17:23:36-ed540bb24003,gpu,320,180,10,10,0,18,0,0,0,1,0.01375,0,0.01375,110.684,110.698,0,108.063,5.48566,576000,0,2,"Apple M1","Darwin 25.2.0","clang 17.0.0 (clang-1700.6.3.2)",8,2026-01-30T17:24:02,ok
2026-01-30T17:23:36-ed540bb24003,gpu,320,180,10,10,0,18,0,0,0,1,0.034667,0,0.034667,145.454,145.489,0,112.734,5.65759,576000,0,3,"Apple M1","Darwin 25.2.0","clang 17.0.0 (clang-1700.6.3.2)",8,2026-01-30T17:24:02,ok
2026-01-30T17:23:36-ed540bb24003,original,320,180,10,10,0,18,2,0,0,0,0.23475,0,0.23475,3543.84,3544.07,0,0,5.39197,3389332,1,0,"Apple M1","Darwin 25.2.0","clang 17.0.0 (clang-1700.6.3.2)",8,2026-01-30T17:24:06,ok
2026-01-30T17:23:36-ed540bb24003,original,320,180,10,10,0,18,2,0,0,0,0.036333,0,0.036333,3466.81,3466.85,0,0,5.12634,3390023,0,1,"Apple M1","Darwin 25.2.0","clang 17.0.0 (clang-1700.6.3.2)",8,2026-01-30T17:24:09,ok
2026-01-30T17:23:36-ed540bb24003,original,320,180,10,10,0,18,2,0,0,0,0.008583,0,0.008583,3405.41,3405.42,0,0,5.12634,3392150,0,2,"Apple M1","Darwin 25.2.0","clang 17.0.0 (clang-1700.6.3.2)",8,2026-01-30T17:24:13,ok
2026-01-30T17:23:36-ed540bb24003,original,320,180,10,10,0,18,2,0,0,0,0.014708,0,0.014708,3396.26,3396.28,0,0,5.12634,3390330,0,3,"Apple M1","Darwin 25.2.0","clang 17.0.0 (clang-1700.6.3.2)",8,2026-01-30T17:24:16,ok
2026-01-30T17:23:36-ed540bb24003,bvh,320,180,10,10,0,18,2,1,0,0,0.017541,0.028417,0.045958,1311.65,1311.7,0,0,5.12634,3395101,1,0,"Apple M1","Darwin 25.2.0","clang 17.0.0 (clang-1700.6.3.2)",8,2026-01-30T17:24:17,ok
2026-01-30T17:23:36-ed540bb24003,bvh,320,180,10,10,0,18,2,1,0,0,0.018041,0.004875,0.022916,1423.07,1423.09,0,0,5.12634,3389451,0,1,"Apple M1","Darwin 25.2.0","clang 17.0.0 (clang-1700.6.3.2)",8,2026-01-30T17:24:19,ok
2026-01-30T17:23:36-ed540bb24003,bvh,320,180,10,10,0,18,2,1,0,0,0.028917,0.006833,0.03575,1216.78,1216.82,0,0,5.12634,3389956,0,2,"Apple M1","Darwin 25.2.0","clang 17.0.0 (clang-1700.6.3.2)",8,2026-01-30T17:24:20,ok
2026-01-30T17:23:36-ed540bb24003,bvh,320,180,10,10,0,18,2,1,0,0,0.010917,0.012125,0.023042,1352.31,1352.33,0,0,5.14197,3394485,0,3,"Apple M1","Darwin 25.2.0","clang 17.0.0 (clang-1700.6.3.2)",8,2026-01-30T17:24:21,ok
2026-01-30T17:23:36-ed540bb24003,bvh-mt,320,180,10,10,0,18,2,1,1,0,0.008375,0.005417,0.013792,688.754,688.768,0.038208,0,5.15759,3392335,1,0,"Apple M1","Darwin 25.2.0","clang 17.0.0 (clang-1700.6.3.2)",8,2026-01-30T17:24:22,ok
2026-01-30T17:23:36-ed540bb24003,bvh-mt,320,180,10,10,0,18,2,1,1,0,0.010041,0.004875,0.014916,715.759,715.774,0.023042,0,5.15759,3388636,0,1,"Apple M1","Darwin 25.2.0","clang 17.0.0 (clang-1700.6.3.2)",8,2026-01-30T17:24:23,ok
2026-01-30T17:23:36-ed540bb24003,bvh-mt,320,180,10,10,0,18,2,1,1,0,0.00875,0.004917,0.013667,682.328,682.342,0.023583,0,5.15759,3392250,0,2,"Apple M1","Darwin 25.2.0","clang 17.0.0 (clang-1700.6.3.2)",8,2026-01-30T17:24:23,ok
2026-01-30T17:23:36-ed540bb24003,bvh-mt,320,180,10,10,0,18,2,1,1,0,0.014792,0.005333,0.020125,722.948,722.968,0.023,0,5.17322,3389817,0,3,"Apple M1","Darwin 25.2.0","clang 17.0.0 (clang-1700.6.3.2)",8,2026-01-30T17:24:24,ok
2026-01-30T17:23:36-ed540bb24003,gpu,320,180,10,10,0,18,0,0,0,1,0.009083,0,0.009083,124.503,124.512,0,121.72,5.50134,576000,1,0,"Apple M1","Darwin 25.2.0","clang 17.0.0 (clang-1700.6.3.2)",8,2026-01-30T17:24:24,ok
2026-01-30T17:23:36-ed540bb24003,gpu,320,180,10,10,0,18,0,0,0,1,0.014,0,0.014,108.83,108.844,0,106.155,5.53259,576000,0,1,"Apple M1","Darwin 25.2.0","clang 17.0.0 (clang-1700.6.3.2)",8,2026-01-30T17:24:24,ok
2026-01-30T17:23:36-ed540bb24003,gpu,320,180,10,10,0,18,0,0,0,1,0.027583,0,0.027583,110.572,110.6,0,106.478,5.81384,576000,0,2,"Apple M1","Darwin 25.2.0","clang 17.0.0 (clang-1700.6.3.2)",8,2026-01-30T17:24:24,ok
2026-01-30T17:23:36-ed540bb24003,gpu,320,180,10,10,0,18,0,0,0,1,0.0365,0,0.0365,110.286,110.322,0,106.397,5.84509,576000,0,3,"Apple M1","Darwin 25.2.0","clang 17.0.0 (clang-1700.6.3.2)",8,2026-01-30T17:24:25,ok
2026-01-30T17:23:36-ed540bb24003,original,320,180,10,10,0,18,3,0,0,0,0.034542,0,0.034542,3484.6,3484.63,0,0,5.57947,3391399,1,0,"Apple M1","Darwin 25.2.0","clang 17.0.0 (clang-1700.6.3.2)",8,2026-01-30T17:24:28,ok
2026-01-30T17:23:36-ed540bb24003,original,320,180,10,10,0,18,3,0,0,0,0.030834,0,0.030834,3407.9,3407.93,0,0,5.57947,3392995,0,1,"Apple M1","Darwin 25.2.0","clang 17.0.0 (clang-1700.6.3.2)",8,2026-01-30T17:24:31,ok
2026-01-30T17:23:36-ed540bb24003,original,320,180,10,10,0,18,3,0,0,0,0.012583,0,0.012583,3389.17,3389.18,0,0,5.57947,3392815,0,2,"Apple M1","Darwin 25.2.0","clang 17.0.0 (clang-1700.6.3.2)",8,2026-01-30T17:24:35,ok
2026-01-30T17:23:36-ed540bb24003,original,320,180,10,10,0,18,3,0,0,0,0.008583,0,0.008583,3518.64,3518.65,0,0,5.48572,3388189,0,3,"Apple M1","Darwin 25.2.0","clang 17.0.0 (clang-1700.6.3.2)",8,2026-01-30T17:24:38,ok
2026-01-30T17:23:36-ed540bb24003,bvh,320,180,10,10,0,18,3,1,0,0,0.02925,0.019917,0.049167,1466.74,1466.79,0,0,5.48572,3386302,1,0,"Apple M1","Darwin 25.2.0","clang 17.0.0 (clang-1700.6.3.2)",8,2026-01-30T17:24:40,ok
2026-01-30T17:23:36-ed540bb24003,bvh,320,180,10,10,0,18,3,1,0,0,0.022875,0.005166,0.028041,1314.86,1314.88,0,0,5.48572,3388700,0,1,"Apple M1","Darwin 25.2.0","clang 17.0.0 (clang-1700.6.3.2)",8,2026-01-30T17:24:41,ok
2026-01-30T17:23:36-ed540bb24003,bvh,320,180,10,10,0,18,3,1,0,0,0.011792,0.005458,0.01725,1259.28,1259.3,0,0,5.48572,3392963,0,2,"Apple M1","Darwin 25.2.0","clang 17.0.0 (clang-1700.6.3.2)",8,2026-01-30T17:24:42,ok
2026-01-30T17:23:36-ed540bb24003,bvh,320,180,10,10,0,18,3,1,0,0,0.008375,0.005,0.013375,1359.22,1359.23,0,0,5.48572,3390170,0,3,"Apple M1","Darwin 25.2.0","clang 17.0.0 (clang-1700.6.3.2)",8,2026-01-30T17:24:44,ok
2026-01-30T17:23:36-ed540bb24003,bvh-mt,320,180,10,10,0,18,3,1,1,0,0.009666,0.005667,0.015333,626.761,626.776,0.053334,0,5.51697,3391150,1,0,"Apple M1","Darwin 25.2.0","clang 17.0.0 (clang-1700.6.3.2)",8,2026-01-30T17:24:44,ok
2026-01-30T17:23:36-ed540bb24003,bvh-mt,320,180,10,10,0,18,3,1,1,0,0.011292,0.005458,0.01675,623.642,623.658,0.025208,0,5.51697,3387470,0,1,"Apple M1","Darwin 25.2.0","clang 17.0.0 (clang-1700.6.3.2)",8,2026-01-30T17:24:45,ok
2026-01-30T17:23:36-ed540bb24003,bvh-mt,320,180,10,10,0,18,3,1,1,0,0.007833,0.004625,0.012458,540.792,540.804,0.029667,0,5.51697,3388859,0,2,"Apple M1","Darwin 25.2.0","clang 17.0.0 (clang-1700.6.3.2)",8,2026-01-30T17:24:46,ok
2026-01-30T17:23:36-ed540bb24003,bvh-mt,320,180,10,10,0,18,3,1,1,0,0.00775,0.004458,0.012208,541.38,541.392,0.0255,0,5.51697,3395302,0,3,"Apple M1","Darwin 25.2.0","clang 17.0.0 (clang-1700.6.3.2)",8,2026-01-30T17:24:46,ok
2026-01-30T17:23:36-ed540bb24003,gpu,320,180,10,10,0,18,0,0,0,1,0.01075,0,0.01075,120.49,120.501,0,117.587,5.90759,576000,1,0,"Apple M1","Darwin 25.2.0","clang 17.0.0 (clang-1700.6.3.2)",8,2026-01-30T17:24:46,ok
2026-01-30T17:23:36-ed540bb24003,gpu,320,180,10,10,0,18,0,0,0,1,0.012584,0,0.012584,111.13,111.142,0,106.158,5.95447,576000,0,1,"Apple M1","Darwin 25.2.0","clang 17.0.0 (clang-1700.6.3.2)",8,2026-01-30T17:24:46,ok
2026-01-30T17:23:36-ed540bb24003,gpu,320,180,10,10,0,18,0,0,0,1,0.024958,0,0.024958,108.885,108.91,0,106.085,5.95447,576000,0,2,"Apple M1","Darwin 25.2.0","clang 17.0.0 (clang-1700.6.3.2)",8,2026-01-30T17:24:46,ok
2026-01-30T17:23:36-ed540bb24003,gpu,320,180,10,10,0,18,0,0,0,1,0.013375,0,0.013375,108.23,108.243,0,106.189,5.95447,576000,0,3,"Apple M1","Darwin 25.2.0","clang 17.0.0 (clang-1700.6.3.2)",8,2026-01-30T17:24:47,ok
2026-01-30T17:23:36-ed540bb24003,original,320,180,10,10,0,18,4,0,0,0,0.009125,0,0.009125,3438.04,3438.05,0,0,5.42322,3392793,1,0,"Apple M1","Darwin 25.2.0","clang 17.0.0 (clang-1700.6.3.2)",8,2026-01-30T17:24:50,ok
2026-01-30T17:23:36-ed540bb24003,original,320,180,10,10,0,18,4,0,0,0,0.036541,0,0.036541,3403.94,3403.98,0,0,5.42322,3393757,0,1,"Apple M1","Darwin 25.2.0","clang 17.0.0 (clang-1700.6.3.2)",8,2026-01-30T17:24:53,ok
2026-01-30T17:23:36-ed540bb24003,original,320,180,10,10,0,18,4,0,0,0,0.008541,0,0.008541,3440.35,3440.36,0,0,5.42322,3392188,0,2,"Apple M1","Darwin 25.2.0","clang 17.0.0 (clang-1700.6.3.2)",8,2026-01-30T17:24:57,ok
2026-01-30T17:23:36-ed540bb24003,original,320,180,10,10,0,18,4,0,0,0,0.008042,0,0.008042,3425.42,3425.43,0,0,5.42322,3391712,0,3,"Apple M1","Darwin 25.2.0","clang 17.0.0 (clang-1700.6.3.2)",8,2026-01-30T17:25:00,ok
2026-01-30T17:23:36-ed540bb24003,bvh,320,180,10,10,0,18,4,1,0,0,0.019458,0.019625,0.039083,1213.74,1213.78,0,0,5.42322,3389273,1,0,"Apple M1","Darwin 25.2.0","clang 17.0.0 (clang-1700.6.3.2)",8,2026-01-30T17:25:01,ok
2026-01-30T17:23:36-ed540bb24003,bvh,320,180,10,10,0,18,4,1,0,0,0.009292,0.005,0.014292,1223.29,1223.3,0,0,5.42322,3393327,0,1,"Apple M1","Darwin 25.2.0","clang 17.0.0 (clang-1700.6.3.2)",8,2026-01-30T17:25:03,ok
2026-01-30T17:23:36-ed540bb24003,bvh,320,180,10,10,0,18,4,1,0,0,0.009167,0.005833,0.015,1427.18,1427.2,0,0,5.42322,3396759,0,2,"Apple M1","Darwin 25.2.0","clang 17.0.0 (clang-1700.6.3.2)",8,2026-01-30T17:25:04,ok
2026-01-30T17:23:36-ed540bb24003,bvh,320,180,10,10,0,18,4,1,0,0,0.013,0.006375,0.019375,1362.58,1362.6,0,0,5.42322,3392033,0,3,"Apple M1","Darwin 25.2.0","clang 17.0.0 (clang-1700.6.3.2)",8,2026-01-30T17:25:05,ok
2026-01-30T17:23:36-ed540bb24003,bvh-mt,320,180,10,10,0,18,4,1,1,0,0.009708,0.005459,0.015167,454.844,454.86,0.063208,0,5.42322,3391545,1,0,"Apple M1","Darwin 25.2.0","clang 17.0.0 (clang-1700.6.3.2)",8,2026-01-30T17:25:06,ok
2026-01-30T17:23:36-ed540bb24003,bvh-mt,320,180,10,10,0,18,4,1,1,0,0.015584,0.007542,0.023126,434.138,434.161,0.0365,0,5.42322,3388347,0,1,"Apple M1","Darwin 25.2.0","clang 17.0.0 (clang-1700.6.3.2)",8,2026-01-30T17:25:06,ok
2026-01-30T17:23:36-ed540bb24003,bvh-mt,320,180,10,10,0,18,4,1,1,0,0.009833,0.005916,0.015749,577.471,577.487,0.0405,0,5.42322,3392739,0,2,"Apple M1","Darwin 25.2.0","clang 17.0.0 (clang-1700.6.3.2)",8,2026-01-30T17:25:07,ok
2026-01-30T17:23:36-ed540bb24003,bvh-mt,320,180,10,10,0,18,4,1,1,0,0.008833,0.004917,0.01375,478.331,478.345,0.035167,0,5.42322,3388860,0,3,"Apple M1","Darwin 25.2.0","clang 17.0.0 (clang-1700.6.3.2)",8,2026-01-30T17:25:07,ok
2026-01-30T17:23:36-ed540bb24003,gpu,320,180,10,10,0,18,0,0,0,1,0.008917,0,0.008917,122.872,122.88,0,119.967,5.68884,576000,1,0,"Apple M1","Darwin 25.2.0","clang 17.0.0 (clang-1700.6.3.2)",8,2026-01-30T17:25:08,ok
2026-01-30T17:23:36-ed540bb24003,gpu,320,180,10,10,0,18,0,0,0,1,0.014625,0,0.014625,108.817,108.831,0,106.313,5.68884,576000,0,1,"Apple M1","Darwin 25.2.0","clang 17.0.0 (clang-1700.6.3.2)",8,2026-01-30T17:25:08,ok
2026-01-30T17:23:36-ed540bb24003,gpu,320,180,10,10,0,18,0,0,0,1,0.020625,0,0.020625,110.543,110.564,0,106.785,5.95447,576000,0,2,"Apple M1","Darwin 25.2.0","clang 17.0.0 (clang-1700.6.3.2)",8,2026-01-30T17:25:08,ok
2026-01-30T17:23:36-ed540bb24003,gpu,320,180,10,10,0,18,0,0,0,1,0.034625,0,0.034625,109.917,109.952,0,106.548,5.95447,576000,0,3,"Apple M1","Darwin 25.2.0","clang 17.0.0 (clang-1700.6.3.2)",8,2026-01-30T17:25:08,ok
2026-01-30T17:23:36-ed540bb24003,original,320,180,10,10,0,18,5,0,0,0,0.0125,0,0.0125,3481.68,3481.69,0,0,5.68884,3394001,1,0,"Apple M1","Darwin 25.2.0","clang 17.0.0 (clang-1700.6.3.2)",8,2026-01-30T17:25:11,ok
2026-01-30T17:23:36-ed540bb24003,original,320,180,10,10,0,18,5,0,0,0,0.010917,0,0.010917,3406.07,3406.08,0,0,5.68884,3392426,0,1,"Apple M1","Darwin 25.2.0","clang 17.0.0 (clang-1700.6.3.2)",8,2026-01-30T17:25:15,ok
2026-01-30T17:23:36-ed540bb24003,original,320,180,10,10,0,18,5,0,0,0,0.015625,0,0.015625,3445.66,3445.67,0,0,5.68884,3393035,0,2,"Apple M1","Darwin 25.2.0","clang 17.0.0 (clang-1700.6.3.2)",8,2026-01-30T17:25:18,ok
2026-01-30T17:23:36-ed540bb24003,original,320,180,10,10,0,18,5,0,0,0,0.009458,0,0.009458,3411.35,3411.36,0,0,5.68884,3387906,0,3,"Apple M1","Darwin 25.2.0","clang 17.0.0 (clang-1700.6.3.2)",8,2026-01-30T17:25:22,ok
2026-01-30T17:23:36-ed540bb24003,bvh,320,180,10,10,0,18,5,1,0,0,0.010042,0.019834,0.029876,1305.19,1305.22,0,0,5.68884,3395498,1,0,"Apple M1","Darwin 25.2.0","clang 17.0.0 (clang-1700.6.3.2)",8,2026-01-30T17:25:23,ok
2026-01-30T17:23:36-ed540bb24003,bvh,320,180,10,10,0,18,5,1,0,0,0.020209,0.005041,0.02525,1317.64,1317.66,0,0,5.68884,3389140,0,1,"Apple M1","Darwin 25.2.0","clang 17.0.0 (clang-1700.6.3.2)",8,2026-01-30T17:25:24,ok
2026-01-30T17:23:36-ed540bb24003,bvh,320,180,10,10,0,18,5,1,0,0,0.008292,0.004667,0.012959,1251.89,1251.9,0,0,5.68884,3392633,0,2,"Apple M1","Darwin 25.2.0","clang 17.0.0 (clang-1700.6.3.2)",8,2026-01-30T17:25:25,ok
2026-01-30T17:23:36-ed540bb24003,bvh,320,180,10,10,0,18,5,1,0,0,0.012542,0.005625,0.018167,1607.96,1607.98,0,0,5.59509,3389348,0,3,"Apple M1","Darwin 25.2.0","clang 17.0.0 (clang-1700.6.3.2)",8,2026-01-30T17:25:27,ok
2026-01-30T17:23:36-ed540bb24003,bvh-mt,320,180,10,10,0,18,5,1,1,0,0.01025,0.011167,0.021417,464.595,464.616,0.116417,0,5.59509,3390768,1,0,"Apple M1","Darwin 25.2.0","clang 17.0.0 (clang-1700.6.3.2)",8,2026-01-30T17:25:28,ok
2026-01-30T17:23:36-ed540bb24003,bvh-mt,320,180,10,10,0,18,5,1,1,0,0.01125,0.00875,0.02,446.654,446.674,0.067458,0,5.59509,3393835,0,1,"Apple M1","Darwin 25.2.0","clang 17.0.0 (clang-1700.6.3.2)",8,2026-01-30T17:25:28,ok
2026-01-30T17:23:36-ed540bb24003,bvh-mt,320,180,10,10,0,18,5,1,1,0,0.007458,0.004583,0.012041,447.337,447.349,0.042084,0,5.59509,3387296,0,2,"Apple M1","Darwin 25.2.0","clang 17.0.0 (clang-1700.6.3.2)",8,2026-01-30T17:25:28,ok
2026-01-30T17:23:36-ed540bb24003,bvh-mt,320,180,10,10,0,18,5,1,1,0,0.007958,0.00475,0.012708,513.474,513.487,0.041125,0,5.59509,3389630,0,3,"Apple M1","Darwin 25.2.0","clang 17.0.0 (clang-1700.6.3.2)",8,2026-01-30T17:25:29,ok
2026-01-30T17:23:36-ed540bb24003,gpu,320,180,10,10,0,18,0,0,0,1,0.007917,0,0.007917,119.057,119.065,0,116.814,5.95447,576000,1,0,"Apple M1","Darwin 25.2.0","clang 17.0.0 (clang-1700.6.3.2)",8,2026-01-30T17:25:29,ok
2026-01-30T17:23:36-ed540bb24003,gpu,320,180,10,10,0,18,0,0,0,1,0.00975,0,0.00975,108.746,108.755,0,106.665,5.95447,576000,0,1,"Apple M1","Darwin 25.2.0","clang 17.0.0 (clang-1700.6.3.2)",8,2026-01-30T17:25:29,ok
2026-01-30T17:23:36-ed540bb24003,gpu,320,180,10,10,0,18,0,0,0,1,0.01475,0,0.01475,109.22,109.235,0,106.135,6.00134,576000,0,2,"Apple M1","Darwin 25.2.0","clang 17.0.0 (clang-1700.6.3.2)",8,2026-01-30T17:25:29,ok
2026-01-30T17:23:36-ed540bb24003,gpu,320,180,10,10,0,18,0,0,0,1,0.039584,0,0.039584,110.885,110.925,0,106.074,6.00134,576000,0,3,"Apple M1","Darwin 25.2.0","clang 17.0.0 (clang-1700.6.3.2)",8,2026-01-30T17:25:29,ok
2026-01-30T17:23:36-ed540bb24003,original,320,180,10,10,0,18,6,0,0,0,0.036792,0,0.036792,3453.99,3454.03,0,0,5.73572,3387280,1,0,"Apple M1","Darwin 25.2.0","clang 17.0.0 (clang-1700.6.3.2)",8,2026-01-30T17:25:33,ok
2026-01-30T17:23:36-ed540bb24003,original,320,180,10,10,0,18,6,0,0,0,0.011375,0,0.011375,3411.56,3411.57,0,0,5.73572,3391520,0,1,"Apple M1","Darwin 25.2.0","clang 17.0.0 (clang-1700.6.3.2)",8,2026-01-30T17:25:36,ok
2026-01-30T17:23:36-ed540bb24003,original,320,180,10,10,0,18,6,0,0,0,0.008334,0,0.008334,3444.27,3444.28,0,0,5.47009,3393850,0,2,"Apple M1","Darwin 25.2.0","clang 17.0.0 (clang-1700.6.3.2)",8,2026-01-30T17:25:40,ok
2026-01-30T17:23:36-ed540bb24003,original,320,180,10,10,0,18,6,0,0,0,0.013208,0,0.013208,3419.14,3419.15,0,0,5.47009,3391909,0,3,"Apple M1","Darwin 25.2.0","clang 17.0.0 (clang-1700.6.3.2)",8,2026-01-30T17:25:43,ok
2026-01-30T17:23:36-ed540bb24003,bvh,320,180,10,10,0,18,6,1,0,0,0.01525,0.035083,0.050333,1441.69,1441.74,0,0,5.47009,3392543,1,0,"Apple M1","Darwin 25.2.0","clang 17.0.0 (clang-1700.6.3.2)",8,2026-01-30T17:25:45,ok
2026-01-30T17:23:36-ed540bb24003,bvh,320,180,10,10,0,18,6,1,0,0,0.010416,0.005458,0.015874,1322.82,1322.84,0,0,5.47009,3394628,0,1,"Apple M1","Darwin 25.2.0","clang 17.0.0 (clang-1700.6.3.2)",8,2026-01-30T17:25:46,ok
2026-01-30T17:23:36-ed540bb24003,bvh,320,180,10,10,0,18,6,1,0,0,0.012041,0.005792,0.017833,1252.6,1252.61,0,0,5.47009,3389510,0,2,"Apple M1","Darwin 25.2.0","clang 17.0.0 (clang-1700.6.3.2)",8,2026-01-30T17:25:47,ok
2026-01-30T17:23:36-ed540bb24003,bvh,320,180,10,10,0,18,6,1,0,0,0.010708,0.006084,0.016792,1460.36,1460.37,0,0,5.47009,3390511,0,3,"Apple M1","Darwin 25.2.0","clang 17.0.0 (clang-1700.6.3.2)",8,2026-01-30T17:25:49,ok
2026-01-30T17:23:36-ed540bb24003,bvh-mt,320,180,10,10,0,18,6,1,1,0,0.009333,0.005042,0.014375,433.231,433.245,0.094916,0,5.48572,3390130,1,0,"Apple M1","Darwin 25.2.0","clang 17.0.0 (clang-1700.6.3.2)",8,2026-01-30T17:25:49,ok
2026-01-30T17:23:36-ed540bb24003,bvh-mt,320,180,10,10,0,18,6,1,1,0,0.007833,0.011084,0.018917,441.183,441.202,0.052375,0,5.48572,3392247,0,1,"Apple M1","Darwin 25.2.0","clang 17.0.0 (clang-1700.6.3.2)",8,2026-01-30T17:25:49,ok
2026-01-30T17:23:36-ed540bb24003,bvh-mt,320,180,10,10,0,18,6,1,1,0,0.013667,0.004458,0.018125,419.509,419.527,0.046042,0,5.48572,3391992,0,2,"Apple M1","Darwin 25.2.0","clang 17.0.0 (clang-1700.6.3.2)",8,2026-01-30T17:25:50,ok
2026-01-30T17:23:36-ed540bb24003,bvh-mt,320,180,10,10,0,18,6,1,1,0,0.007833,0.004541,0.012374,406.727,406.74,0.046167,0,5.48572,3393011,0,3,"Apple M1","Darwin 25.2.0","clang 17.0.0 (clang-1700.6.3.2)",8,2026-01-30T17:25:50,ok
2026-01-30T17:23:36-ed540bb24003,gpu,320,180,10,10,0,18,0,0,0,1,0.014,0,0.014,120.957,120.971,0,118.847,5.75134,576000,1,0,"Apple M1","Darwin 25.2.0","clang 17.0.0 (clang-1700.6.3.2)",8,2026-01-30T17:25:50,ok
2026-01-30T17:23:36-ed540bb24003,gpu,320,180,10,10,0,18,0,0,0,1,0.014292,0,0.014292,109.022,109.036,0,106.214,5.75134,576000,0,1,"Apple M1","Darwin 25.2.0","clang 17.0.0 (clang-1700.6.3.2)",8,2026-01-30T17:25:51,ok
2026-01-30T17:23:36-ed540bb24003,gpu,320,180,10,10,0,18,0,0,0,1,0.034958,0,0.034958,110.132,110.166,0,106.339,6.01697,576000,0,2,"Apple M1","Darwin 25.2.0","clang 17.0.0 (clang-1700.6.3.2)",8,2026-01-30T17:25:51,ok
2026-01-30T17:23:36-ed540bb24003,gpu,320,180,10,10,0,18,0,0,0,1,0.020834,0,0.020834,110.73,110.751,0,106.173,6.01697,576000,0,3,"Apple M1","Darwin 25.2.0","clang 17.0.0 (clang-1700.6.3.2)",8,2026-01-30T17:25:51,ok
2026-01-30T17:23:36-ed540bb24003,original,320,180,10,10,0,18,7,0,0,0,0.027,0,0.027,3461.71,3461.73,0,0,5.75134,3394866,1,0,"Apple M1","Darwin 25.2.0","clang 17.0.0 (clang-1700.6.3.2)",8,2026-01-30T17:25:54,ok
2026-01-30T17:23:36-ed540bb24003,original,320,180,10,10,0,18,7,0,0,0,0.009833,0,0.009833,3437.2,3437.21,0,0,5.75134,3393001,0,1,"Apple M1","Darwin 25.2.0","clang 17.0.0 (clang-1700.6.3.2)",8,2026-01-30T17:25:58,ok
2026-01-30T17:23:36-ed540bb24003,original,320,180,10,10,0,18,7,0,0,0,0.009166,0,0.009166,3438.95,3438.96,0,0,5.75134,3393493,0,2,"Apple M1","Darwin 25.2.0","clang 17.0.0 (clang-1700.6.3.2)",8,2026-01-30T17:26:01,ok
2026-01-30T17:23:36-ed540bb24003,original,320,180,10,10,0,18,7,0,0,0,0.017958,0,0.017958,3505.06,3505.08,0,0,5.75134,3389292,0,3,"Apple M1","Darwin 25.2.0","clang 17.0.0 (clang-1700.6.3.2)",8,2026-01-30T17:26:05,ok
2026-01-30T17:23:36-ed540bb24003,bvh,320,180,10,10,0,18,7,1,0,0,0.012,0.025416,0.037416,1244.39,1244.43,0,0,5.75134,3393808,1,0,"Apple M1","Darwin 25.2.0","clang 17.0.0 (clang-1700.6.3.2)",8,2026-01-30T17:26:06,ok
2026-01-30T17:23:36-ed540bb24003,bvh,320,180,10,10,0,18,7,1,0,0,0.009917,0.005083,0.015,1578.18,1578.19,0,0,5.65759,3392778,0,1,"Apple M1","Darwin 25.2.0","clang 17.0.0 (clang-1700.6.3.2)",8,2026-01-30T17:26:07,ok
2026-01-30T17:23:36-ed540bb24003,bvh,320,180,10,10,0,18,7,1,0,0,0.038542,0.005375,0.043917,1641.43,1641.47,0,0,5.65759,3392987,0,2,"Apple M1","Darwin 25.2.0","clang 17.0.0 (clang-1700.6.3.2)",8,2026-01-30T17:26:09,ok
2026-01-30T17:23:36-ed540bb24003,bvh,320,180,10,10,0,18,7,1,0,0,0.008708,0.005083,0.013791,1403.01,1403.02,0,0,5.65759,3389868,0,3,"Apple M1","Darwin 25.2.0","clang 17.0.0 (clang-1700.6.3.2)",8,2026-01-30T17:26:10,ok
2026-01-30T17:23:36-ed540bb24003,bvh-mt,320,180,10,10,0,18,7,1,1,0,0.00825,0.007042,0.015292,477.511,477.527,0.089708,0,5.65759,3397605,1,0,"Apple M1","Darwin 25.2.0","clang 17.0.0 (clang-1700.6.3.2)",8,2026-01-30T17:26:11,ok
2026-01-30T17:23:36-ed540bb24003,bvh-mt,320,180,10,10,0,18,7,1,1,0,0.008167,0.004917,0.013084,407.856,407.869,0.05325,0,5.65759,3389633,0,1,"Apple M1","Darwin 25.2.0","clang 17.0.0 (clang-1700.6.3.2)",8,2026-01-30T17:26:11,ok
2026-01-30T17:23:36-ed540bb24003,bvh-mt,320,180,10,10,0,18,7,1,1,0,0.00775,0.004375,0.012125,437.253,437.265,0.060292,0,5.65759,3386418,0,2,"Apple M1","Darwin 25.2.0","clang 17.0.0 (clang-1700.6.3.2)",8,2026-01-30T17:26:12,ok
2026-01-30T17:23:36-ed540bb24003,bvh-mt,320,180,10,10,0,18,7,1,1,0,0.00825,0.00575,0.014,480.071,480.085,0.06775,0,5.65759,3388559,0,3,"Apple M1","Darwin 25.2.0","clang 17.0.0 (clang-1700.6.3.2)",8,2026-01-30T17:26:12,ok
2026-01-30T17:23:36-ed540bb24003,gpu,320,180,10,10,0,18,0,0,0,1,0.007625,0,0.007625,120.161,120.169,0,117.907,6.01697,576000,1,0,"Apple M1","Darwin 25.2.0","clang 17.0.0 (clang-1700.6.3.2)",8,2026-01-30T17:26:12,ok
2026-01-30T17:23:36-ed540bb24003,gpu,320,180,10,10,0,18,0,0,0,1,0.013834,0,0.013834,108.685,108.699,0,106.105,6.01697,576000,0,1,"Apple M1","Darwin 25.2.0","clang 17.0.0 (clang-1700.6.3.2)",8,2026-01-30T17:26:13,ok
2026-01-30T17:23:36-ed540bb24003,gpu,320,180,10,10,0,18,0,0,0,1,0.020875,0,0.020875,110.243,110.264,0,106.44,6.01697,576000,0,2,"Apple M1","Darwin 25.2.0","clang 17.0.0 (clang-1700.6.3.2)",8,2026-01-30T17:26:13,ok
2026-01-30T17:23:36-ed540bb24003,gpu,320,180,10,10,0,18,0,0,0,1,0.034208,0,0.034208,110.997,111.031,0,106.7,6.01697,576000,0,3,"Apple M1","Darwin 25.2.0","clang 17.0.0 (clang-1700.6.3.2)",8,2026-01-30T17:26:13,ok
2026-01-30T17:23:36-ed540bb24003,original,320,180,10,10,0,18,8,0,0,0,0.027917,0,0.027917,3449.9,3449.93,0,0,5.75134,3387118,1,0,"Apple M1","Darwin 25.2.0","clang 17.0.0 (clang-1700.6.3.2)",8,2026-01-30T17:26:16,ok
2026-01-30T17:23:36-ed540bb24003,original,320,180,10,10,0,18,8,0,0,0,0.008875,0,0.008875,3474.09,3474.1,0,0,5.48572,3395433,0,1,"Apple M1","Darwin 25.2.0","clang 17.0.0 (clang-1700.6.3.2)",8,2026-01-30T17:26:20,ok
2026-01-30T17:23:36-ed540bb24003,original,320,180,10,10,0,18,8,0,0,0,0.031292,0,0.031292,3420.52,3420.55,0,0,5.48572,3395744,0,2,"Apple M1","Darwin 25.2.0","clang 17.0.0 (clang-1700.6.3.2)",8,2026-01-30T17:26:23,ok
2026-01-30T17:23:36-ed540bb24003,original,320,180,10,10,0,18,8,0,0,0,0.011625,0,0.011625,3453.12,3453.13,0,0,5.48572,3392324,0,3,"Apple M1","Darwin 25.2.0","clang 17.0.0 (clang-1700.6.3.2)",8,2026-01-30T17:26:27,ok
2026-01-30T17:23:36-ed540bb24003,bvh,320,180,10,10,0,18,8,1,0,0,0.065583,0.040875,0.106458,1359.7,1359.81,0,0,5.65759,3391993,1,0,"Apple M1","Darwin 25.2.0","clang 17.0.0 (clang-1700.6.3.2)",8,2026-01-30T17:26:28,ok
2026-01-30T17:23:36-ed540bb24003,bvh,320,180,10,10,0,18,8,1,0,0,0.008583,0.005,0.013583,1352.42,1352.44,0,0,5.65759,3395427,0,1,"Apple M1","Darwin 25.2.0","clang 17.0.0 (clang-1700.6.3.2)",8,2026-01-30T17:26:29,ok
2026-01-30T17:23:36-ed540bb24003,bvh,320,180,10,10,0,18,8,1,0,0,0.008916,0.00525,0.014166,1276.17,1276.19,0,0,5.65759,3388215,0,2,"Apple M1","Darwin 25.2.0","clang 17.0.0 (clang-1700.6.3.2)",8,2026-01-30T17:26:31,ok
2026-01-30T17:23:36-ed540bb24003,bvh,320,180,10,10,0,18,8,1,0,0,0.011291,0.006459,0.01775,1485.64,1485.66,0,0,5.65759,3394908,0,3,"Apple M1","Darwin 25.2.0","clang 17.0.0 (clang-1700.6.3.2)",8,2026-01-30T17:26:32,ok
2026-01-30T17:23:36-ed540bb24003,bvh-mt,320,180,10,10,0,18,8,1,1,0,0.008708,0.004917,0.013625,415.302,415.315,0.098708,0,5.65759,3389946,1,0,"Apple M1","Darwin 25.2.0","clang 17.0.0 (clang-1700.6.3.2)",8,2026-01-30T17:26:32,ok
2026-01-30T17:23:36-ed540bb24003,bvh-mt,320,180,10,10,0,18,8,1,1,0,0.00825,0.005,0.01325,445.92,445.934,0.063417,0,5.65759,3395366,0,1,"Apple M1","Darwin 25.2.0","clang 17.0.0 (clang-1700.6.3.2)",8,2026-01-30T17:26:33,ok
2026-01-30T17:23:36-ed540bb24003,bvh-mt,320,180,10,10,0,18,8,1,1,0,0.008667,0.004959,0.013626,400.936,400.949,0.053292,0,5.65759,3388696,0,2,"Apple M1","Darwin 25.2.0","clang 17.0.0 (clang-1700.6.3.2)",8,2026-01-30T17:26:33,ok
2026-01-30T17:23:36-ed540bb24003,bvh-mt,320,180,10,10,0,18,8,1,1,0,0.007667,0.004792,0.012459,478.703,478.715,0.066041,0,5.65759,3391947,0,3,"Apple M1","Darwin 25.2.0","clang 17.0.0 (clang-1700.6.3.2)",8,2026-01-30T17:26:34,ok
2026-01-30T17:23:36-ed540bb24003,gpu,320,180,10,10,0,18,0,0,0,1,0.007834,0,0.007834,121,121.007,0,118.032,5.92322,576000,1,0,"Apple M1","Darwin 25.2.0","clang 17.0.0 (clang-1700.6.3.2)",8,2026-01-30T17:26:34,ok
2026-01-30T17:23:36-ed540bb24003,gpu,320,180,10,10,0,18,0,0,0,1,0.013667,0,0.013667,108.35,108.364,0,106.074,5.92322,576000,0,1,"Apple M1","Darwin 25.2.0","clang 17.0.0 (clang-1700.6.3.2)",8,2026-01-30T17:26:34,ok
2026-01-30T17:23:36-ed540bb24003,gpu,320,180,10,10,0,18,0,0,0,1,0.018541,0,0.018541,110.094,110.112,0,107.158,5.93884,576000,0,2,"Apple M1","Darwin 25.2.0","clang 17.0.0 (clang-1700.6.3.2)",8,2026-01-30T17:26:34,ok
2026-01-30T17:23:36-ed540bb24003,gpu,320,180,10,10,0,18,0,0,0,1,0.024875,0,0.024875,110.598,110.623,0,106.772,6.03259,576000,0,3,"Apple M1","Darwin 25.2.0","clang 17.0.0 (clang-1700.6.3.2)",8,2026-01-30T17:26:34,ok
2026-01-30T17:23:36-ed540bb24003,original,320,180,10,10,25,43,1,0,0,0,0.025291,0,0.025291,4381.28,4381.3,0,0,5.50134,3422226,1,0,"Apple M1","Darwin 25.2.0","clang 17.0.0 (clang-1700.6.3.2)",8,2026-01-30T17:26:39,ok
2026-01-30T17:23:36-ed540bb24003,original,320,180,10,10,25,43,1,0,0,0,0.033459,0,0.033459,4306.51,4306.55,0,0,5.67322,3420841,0,1,"Apple M1","Darwin 25.2.0","clang 17.0.0 (clang-1700.6.3.2)",8,2026-01-30T17:26:43,ok
2026-01-30T17:23:36-ed540bb24003,original,320,180,10,10,25,43,1,0,0,0,0.014208,0,0.014208,4303.78,4303.79,0,0,5.67322,3422135,0,2,"Apple M1","Darwin 25.2.0","clang 17.0.0 (clang-1700.6.3.2)",8,2026-01-30T17:26:47,ok
2026-01-30T17:23:36-ed540bb24003,original,320,180,10,10,25,43,1,0,0,0,0.009167,0,0.009167,4296.78,4296.79,0,0,5.67322,3422579,0,3,"Apple M1","Darwin 25.2.0","clang 17.0.0 (clang-1700.6.3.2)",8,2026-01-30T17:26:52,ok
2026-01-30T17:23:36-ed540bb24003,bvh,320,180,10,10,25,43,1,1,0,0,0.042208,0.04475,0.086958,1613.7,1613.79,0,0,5.67322,3429301,1,0,"Apple M1","Darwin 25.2.0","clang 17.0.0 (clang-1700.6.3.2)",8,2026-01-30T17:26:53,ok
2026-01-30T17:23:36-ed540bb24003,bvh,320,180,10,10,25,43,1,1,0,0,0.015083,0.015084,0.030167,1899.26,1899.29,0,0,5.67322,3421740,0,1,"Apple M1","Darwin 25.2.0","clang 17.0.0 (clang-1700.6.3.2)",8,2026-01-30T17:26:55,ok
2026-01-30T17:23:36-ed540bb24003,bvh,320,180,10,10,25,43,1,1,0,0,0.012916,0.015,0.027916,1769.4,1769.43,0,0,5.67322,3424637,0,2,"Apple M1","Darwin 25.2.0","clang 17.0.0 (clang-1700.6.3.2)",8,2026-01-30T17:26:57,ok
2026-01-30T17:23:36-ed540bb24003,bvh,320,180,10,10,25,43,1,1,0,0,0.009167,0.012042,0.021209,1844.9,1844.92,0,0,5.40759,3422858,0,3,"Apple M1","Darwin 25.2.0","clang 17.0.0 (clang-1700.6.3.2)",8,2026-01-30T17:26:59,ok
2026-01-30T17:23:36-ed540bb24003,bvh-mt,320,180,10,10,25,43,1,1,1,0,0.009833,0.015583,0.025416,1617.33,1617.36,0,0,5.40759,3421818,1,0,"Apple M1","Darwin 25.2.0","clang 17.0.0 (clang-1700.6.3.2)",8,2026-01-30T17:27:00,ok
2026-01-30T17:23:36-ed540bb24003,bvh-mt,320,180,10,10,25,43,1,1,1,0,0.010375,0.014667,0.025042,1586.95,1586.98,0,0,5.40759,3418026,0,1,"Apple M1","Darwin 25.2.0","clang 17.0.0 (clang-1700.6.3.2)",8,2026-01-30T17:27:02,ok
2026-01-30T17:23:36-ed540bb24003,bvh-mt,320,180,10,10,25,43,1,1,1,0,0.009125,0.015,0.024125,1651.46,1651.48,0,0,5.40759,3423429,0,2,"Apple M1","Darwin 25.2.0","clang 17.0.0 (clang-1700.6.3.2)",8,2026-01-30T17:27:03,ok
2026-01-30T17:23:36-ed540bb24003,bvh-mt,320,180,10,10,25,43,1,1,1,0,0.016791,0.017375,0.034166,1683.8,1683.83,0,0,5.40759,3426912,0,3,"Apple M1","Darwin 25.2.0","clang 17.0.0 (clang-1700.6.3.2)",8,2026-01-30T17:27:05,ok
2026-01-30T17:23:36-ed540bb24003,gpu,320,180,10,10,25,43,0,0,0,1,0.011125,0,0.011125,149.413,149.424,0,145.566,5.76697,576000,1,0,"Apple M1","Darwin 25.2.0","clang 17.0.0 (clang-1700.6.3.2)",8,2026-01-30T17:27:05,ok
2026-01-30T17:23:36-ed540bb24003,gpu,320,180,10,10,25,43,0,0,0,1,0.018167,0,0.018167,135.206,135.224,0,131.528,5.76697,576000,0,1,"Apple M1","Darwin 25.2.0","clang 17.0.0 (clang-1700.6.3.2)",8,2026-01-30T17:27:05,ok
2026-01-30T17:23:36-ed540bb24003,gpu,320,180,10,10,25,43,0,0,0,1,0.045458,0,0.045458,136.574,136.62,0,131.832,6.03259,576000,0,2,"Apple M1","Darwin 25.2.0","clang 17.0.0 (clang-1700.6.3.2)",8,2026-01-30T17:27:06,ok
2026-01-30T17:23:36-ed540bb24003,gpu,320,180,10,10,25,43,0,0,0,1,0.044333,0,0.044333,138.581,138.625,0,134.724,6.03259,576000,0,3,"Apple M1","Darwin 25.2.0","clang 17.0.0 (clang-1700.6.3.2)",8,2026-01-30T17:27:06,ok
2026-01-30T17:23:36-ed540bb24003,original,320,180,10,10,25,43,2,0,0,0,0.026916,0,0.026916,4479.89,4479.92,0,0,5.76697,3419012,1,0,"Apple M1","Darwin 25.2.0","clang 17.0.0 (clang-1700.6.3.2)",8,2026-01-30T17:27:10,ok
2026-01-30T17:23:36-ed540bb24003,original,320,180,10,10,25,43,2,0,0,0,0.034666,0,0.034666,4311.09,4311.12,0,0,5.76697,3422126,0,1,"Apple M1","Darwin 25.2.0","clang 17.0.0 (clang-1700.6.3.2)",8,2026-01-30T17:27:15,ok
2026-01-30T17:23:36-ed540bb24003,original,320,180,10,10,25,43,2,0,0,0,0.009792,0,0.009792,4331.46,4331.46,0,0,5.67322,3424740,0,2,"Apple M1","Darwin 25.2.0","clang 17.0.0 (clang-1700.6.3.2)",8,2026-01-30T17:27:19,ok
2026-01-30T17:23:36-ed540bb24003,original,320,180,10,10,25,43,2,0,0,0,0.015208,0,0.015208,4299.83,4299.85,0,0,5.67322,3426638,0,3,"Apple M1","Darwin 25.2.0","clang 17.0.0 (clang-1700.6.3.2)",8,2026-01-30T17:27:23,ok
2026-01-30T17:23:36-ed540bb24003,bvh,320,180,10,10,25,43,2,1,0,0,0.010375,0.116667,0.127042,1364.77,1364.9,0,0,5.67322,3416956,1,0,"Apple M1","Darwin 25.2.0","clang 17.0.0 (clang-1700.6.3.2)",8,2026-01-30T17:27:25,ok
2026-01-30T17:23:36-ed540bb24003,bvh,320,180,10,10,25,43,2,1,0,0,0.009917,0.012333,0.02225,1705.51,1705.53,0,0,5.67322,3425915,0,1,"Apple M1","Darwin 25.2.0","clang 17.0.0 (clang-1700.6.3.2)",8,2026-01-30T17:27:26,ok
2026-01-30T17:23:36-ed540bb24003,bvh,320,180,10,10,25,43,2,1,0,0,0.010042,0.017792,0.027834,1589.23,1589.26,0,0,5.42322,3420258,0,2,"Apple M1","Darwin 25.2.0","clang 17.0.0 (clang-1700.6.3.2)",8,2026-01-30T17:27:28,ok
2026-01-30T17:23:36-ed540bb24003,bvh,320,180,10,10,25,43,2,1,0,0,0.009625,0.013834,0.023459,1748.14,1748.16,0,0,5.42322,3424490,0,3,"Apple M1","Darwin 25.2.0","clang 17.0.0 (clang-1700.6.3.2)",8,2026-01-30T17:27:30,ok
2026-01-30T17:23:36-ed540bb24003,bvh-mt,320,180,10,10,25,43,2,1,1,0,0.015083,0.015542,0.030625,832.324,832.354,0.039916,0,5.42322,3423108,1,0,"Apple M1","Darwin 25.2.0","clang 17.0.0 (clang-1700.6.3.2)",8,2026-01-30T17:27:30,ok
2026-01-30T17:23:36-ed540bb24003,bvh-mt,320,180,10,10,25,43,2,1,1,0,0.010833,0.019583,0.030416,890.904,890.934,0.034166,0,5.42322,3421852,0,1,"Apple M1","Darwin 25.2.0","clang 17.0.0 (clang-1700.6.3.2)",8,2026-01-30T17:27:31,ok
2026-01-30T17:23:36-ed540bb24003,bvh-mt,320,180,10,10,25,43,2,1,1,0,0.010375,0.015625,0.026,882.424,882.45,0.0225,0,5.42322,3423366,0,2,"Apple M1","Darwin 25.2.0","clang 17.0.0 (clang-1700.6.3.2)",8,2026-01-30T17:27:32,ok
2026-01-30T17:23:36-ed540bb24003,bvh-mt,320,180,10,10,25,43,2,1,1,0,0.008667,0.014792,0.023459,787.068,787.091,0.02275,0,5.42322,3423428,0,3,"Apple M1","Darwin 25.2.0","clang 17.0.0 (clang-1700.6.3.2)",8,2026-01-30T17:27:33,ok
2026-01-30T17:23:36-ed540bb24003,gpu,320,180,10,10,25,43,0,0,0,1,0.011167,0,0.011167,147.502,147.513,0,144.686,5.78259,576000,1,0,"Apple M1","Darwin 25.2.0","clang 17.0.0 (clang-1700.6.3.2)",8,2026-01-30T17:27:33,ok
2026-01-30T17:23:36-ed540bb24003,gpu,320,180,10,10,25,43,0,0,0,1,0.0185,0,0.0185,135.262,135.28,0,131.933,5.78259,576000,0,1,"Apple M1","Darwin 25.2.0","clang 17.0.0 (clang-1700.6.3.2)",8,2026-01-30T17:27:33,ok
2026-01-30T17:23:36-ed540bb24003,gpu,320,180,10,10,25,43,0,0,0,1,0.046458,0,0.046458,136.145,136.192,0,131.881,6.06384,576000,0,2,"Apple M1","Darwin 25.2.0","clang 17.0.0 (clang-1700.6.3.2)",8,2026-01-30T17:27:33,ok
2026-01-30T17:23:36-ed540bb24003,gpu,320,180,10,10,25,43,0,0,0,1,0.042416,0,0.042416,136.348,136.391,0,132.367,6.06384,576000,0,3,"Apple M1","Darwin 25.2.0","clang 17.0.0 (clang-1700.6.3.2)",8,2026-01-30T17:27:34,ok
2026-01-30T17:23:36-ed540bb24003,original,320,180,10,10,25,43,3,0,0,0,0.066958,0,0.066958,4365.04,4365.11,0,0,5.79822,3428989,1,0,"Apple M1","Darwin 25.2.0","clang 17.0.0 (clang-1700.6.3.2)",8,2026-01-30T17:27:38,ok
2026-01-30T17:23:36-ed540bb24003,original,320,180,10,10,25,43,3,0,0,0,0.01125,0,0.01125,4312.92,4312.94,0,0,5.79822,3423059,0,1,"Apple M1","Darwin 25.2.0","clang 17.0.0 (clang-1700.6.3.2)",8,2026-01-30T17:27:42,ok
2026-01-30T17:23:36-ed540bb24003,original,320,180,10,10,25,43,3,0,0,0,0.008917,0,0.008917,4305.79,4305.8,0,0,5.79822,3424987,0,2,"Apple M1","Darwin 25.2.0","clang 17.0.0 (clang-1700.6.3.2)",8,2026-01-30T17:27:47,ok
2026-01-30T17:23:36-ed540bb24003,original,320,180,10,10,25,43,3,0,0,0,0.036542,0,0.036542,4289.64,4289.68,0,0,5.70447,3424137,0,3,"Apple M1","Darwin 25.2.0","clang 17.0.0 (clang-1700.6.3.2)",8,2026-01-30T17:27:51,ok
2026-01-30T17:23:36-ed540bb24003,bvh,320,180,10,10,25,43,3,1,0,0,0.009583,0.033583,0.043166,1617.88,1617.92,0,0,5.70447,3423993,1,0,"Apple M1","Darwin 25.2.0","clang 17.0.0 (clang-1700.6.3.2)",8,2026-01-30T17:27:52,ok
2026-01-30T17:23:36-ed540bb24003,bvh,320,180,10,10,25,43,3,1,0,0,0.01375,0.01475,0.0285,1745.84,1745.87,0,0,5.70447,3423395,0,1,"Apple M1","Darwin 25.2.0","clang 17.0.0 (clang-1700.6.3.2)",8,2026-01-30T17:27:54,ok
2026-01-30T17:23:36-ed540bb24003,bvh,320,180,10,10,25,43,3,1,0,0,0.008583,0.014959,0.023542,1494.23,1494.26,0,0,5.70447,3425342,0,2,"Apple M1","Darwin 25.2.0","clang 17.0.0 (clang-1700.6.3.2)",8,2026-01-30T17:27:56,ok
2026-01-30T17:23:36-ed540bb24003,bvh,320,180,10,10,25,43,3,1,0,0,0.011041,0.01675,0.027791,1538.14,1538.17,0,0,5.70447,3423002,0,3,"Apple M1","Darwin 25.2.0","clang 17.0.0 (clang-1700.6.3.2)",8,2026-01-30T17:27:57,ok
2026-01-30T17:23:36-ed540bb24003,bvh-mt,320,180,10,10,25,43,3,1,1,0,0.016209,0.016959,0.033168,708.042,708.075,0.060042,0,5.43884,3424367,1,0,"Apple M1","Darwin 25.2.0","clang 17.0.0 (clang-1700.6.3.2)",8,2026-01-30T17:27:58,ok
2026-01-30T17:23:36-ed540bb24003,bvh-mt,320,180,10,10,25,43,3,1,1,0,0.015792,0.013542,0.029334,728.559,728.589,0.028791,0,5.43884,3420679,0,1,"Apple M1","Darwin 25.2.0","clang 17.0.0 (clang-1700.6.3.2)",8,2026-01-30T17:27:59,ok
2026-01-30T17:23:36-ed540bb24003,bvh-mt,320,180,10,10,25,43,3,1,1,0,0.010292,0.011875,0.022167,695.361,695.383,0.029917,0,5.43884,3423465,0,2,"Apple M1","Darwin 25.2.0","clang 17.0.0 (clang-1700.6.3.2)",8,2026-01-30T17:27:59,ok
2026-01-30T17:23:36-ed540bb24003,bvh-mt,320,180,10,10,25,43,3,1,1,0,0.008958,0.014292,0.02325,734.325,734.349,0.027667,0,5.43884,3424588,0,3,"Apple M1","Darwin 25.2.0","clang 17.0.0 (clang-1700.6.3.2)",8,2026-01-30T17:28:00,ok
2026-01-30T17:23:36-ed540bb24003,gpu,320,180,10,10,25,43,0,0,0,1,0.01325,0,0.01325,148.962,148.975,0,146.183,5.79822,576000,1,0,"Apple M1","Darwin 25.2.0","clang 17.0.0 (clang-1700.6.3.2)",8,2026-01-30T17:28:00,ok
2026-01-30T17:23:36-ed540bb24003,gpu,320,180,10,10,25,43,0,0,0,1,0.016292,0,0.016292,134.157,134.174,0,131.556,5.79822,576000,0,1,"Apple M1","Darwin 25.2.0","clang 17.0.0 (clang-1700.6.3.2)",8,2026-01-30T17:28:00,ok
2026-01-30T17:23:36-ed540bb24003,gpu,320,180,10,10,25,43,0,0,0,1,0.037958,0,0.037958,135.785,135.822,0,131.701,6.06384,576000,0,2,"Apple M1","Darwin 25.2.0","clang 17.0.0 (clang-1700.6.3.2)",8,2026-01-30T17:28:00,ok
2026-01-30T17:23:36-ed540bb24003,gpu,320,180,10,10,25,43,0,0,0,1,0.025,0,0.025,134.981,135.006,0,132.015,6.06384,576000,0,3,"Apple M1","Darwin 25.2.0","clang 17.0.0 (clang-1700.6.3.2)",8,2026-01-30T17:28:01,ok
2026-01-30T17:23:36-ed540bb24003,original,320,180,10,10,25,43,4,0,0,0,0.026333,0,0.026333,4321.21,4321.24,0,0,5.79822,3418129,1,0,"Apple M1","Darwin 25.2.0","clang 17.0.0 (clang-1700.6.3.2)",8,2026-01-30T17:28:05,ok
2026-01-30T17:23:36-ed540bb24003,original,320,180,10,10,25,43,4,0,0,0,0.011334,0,0.011334,4335.49,4335.5,0,0,5.79822,3420493,0,1,"Apple M1","Darwin 25.2.0","clang 17.0.0 (clang-1700.6.3.2)",8,2026-01-30T17:28:09,ok
2026-01-30T17:23:36-ed540bb24003,original,320,180,10,10,25,43,4,0,0,0,0.017708,0,0.017708,4308.7,4308.72,0,0,5.79822,3418703,0,2,"Apple M1","Darwin 25.2.0","clang 17.0.0 (clang-1700.6.3.2)",8,2026-01-30T17:28:14,ok
2026-01-30T17:23:36-ed540bb24003,original,320,180,10,10,25,43,4,0,0,0,0.009209,0,0.009209,4315.87,4315.88,0,0,5.70447,3424077,0,3,"Apple M1","Darwin 25.2.0","clang 17.0.0 (clang-1700.6.3.2)",8,2026-01-30T17:28:18,ok
2026-01-30T17:23:36-ed540bb24003,bvh,320,180,10,10,25,43,4,1,0,0,0.013375,0.032791,0.046166,1418.92,1418.97,0,0,5.70447,3422950,1,0,"Apple M1","Darwin 25.2.0","clang 17.0.0 (clang-1700.6.3.2)",8,2026-01-30T17:28:19,ok
2026-01-30T17:23:36-ed540bb24003,bvh,320,180,10,10,25,43,4,1,0,0,0.036959,0.013291,0.05025,1803.03,1803.08,0,0,5.70447,3426269,0,1,"Apple M1","Darwin 25.2.0","clang 17.0.0 (clang-1700.6.3.2)",8,2026-01-30T17:28:21,ok
2026-01-30T17:23:36-ed540bb24003,bvh,320,180,10,10,25,43,4,1,0,0,0.009792,0.014125,0.023917,1690.88,1690.91,0,0,5.70447,3420053,0,2,"Apple M1","Darwin 25.2.0","clang 17.0.0 (clang-1700.6.3.2)",8,2026-01-30T17:28:23,ok
2026-01-30T17:23:36-ed540bb24003,bvh,320,180,10,10,25,43,4,1,0,0,0.010667,0.014041,0.024708,1740.89,1740.92,0,0,5.70447,3423317,0,3,"Apple M1","Darwin 25.2.0","clang 17.0.0 (clang-1700.6.3.2)",8,2026-01-30T17:28:25,ok
2026-01-30T17:23:36-ed540bb24003,bvh-mt,320,180,10,10,25,43,4,1,1,0,0.016625,0.019,0.035625,630.944,630.98,0.079334,0,5.70447,3430851,1,0,"Apple M1","Darwin 25.2.0","clang 17.0.0 (clang-1700.6.3.2)",8,2026-01-30T17:28:25,ok
2026-01-30T17:23:36-ed540bb24003,bvh-mt,320,180,10,10,25,43,4,1,1,0,0.017125,0.02075,0.037875,510.477,510.515,0.031542,0,5.70447,3419491,0,1,"Apple M1","Darwin 25.2.0","clang 17.0.0 (clang-1700.6.3.2)",8,2026-01-30T17:28:26,ok
2026-01-30T17:23:36-ed540bb24003,bvh-mt,320,180,10,10,25,43,4,1,1,0,0.009125,0.013334,0.022459,521.258,521.28,0.028375,0,5.70447,3425333,0,2,"Apple M1","Darwin 25.2.0","clang 17.0.0 (clang-1700.6.3.2)",8,2026-01-30T17:28:26,ok
2026-01-30T17:23:36-ed540bb24003,bvh-mt,320,180,10,10,25,43,4,1,1,0,0.01025,0.017042,0.027292,597.929,597.956,0.041709,0,5.70447,3423187,0,3,"Apple M1","Darwin 25.2.0","clang 17.0.0 (clang-1700.6.3.2)",8,2026-01-30T17:28:27,ok
2026-01-30T17:23:36-ed540bb24003,gpu,320,180,10,10,25,43,0,0,0,1,0.009084,0,0.009084,146.485,146.494,0,143.794,6.07947,576000,1,0,"Apple M1","Darwin 25.2.0","clang 17.0.0 (clang-1700.6.3.2)",8,2026-01-30T17:28:27,ok
2026-01-30T17:23:36-ed540bb24003,gpu,320,180,10,10,25,43,0,0,0,1,0.017625,0,0.017625,134.484,134.501,0,131.399,6.07947,576000,0,1,"Apple M1","Darwin 25.2.0","clang 17.0.0 (clang-1700.6.3.2)",8,2026-01-30T17:28:27,ok
2026-01-30T17:23:36-ed540bb24003,gpu,320,180,10,10,25,43,0,0,0,1,0.047417,0,0.047417,136.506,136.553,0,132.066,6.07947,576000,0,2,"Apple M1","Darwin 25.2.0","clang 17.0.0 (clang-1700.6.3.2)",8,2026-01-30T17:28:27,ok
2026-01-30T17:23:36-ed540bb24003,gpu,320,180,10,10,25,43,0,0,0,1,0.059209,0,0.059209,137.973,138.032,0,133.069,6.07947,576000,0,3,"Apple M1","Darwin 25.2.0","clang 17.0.0 (clang-1700.6.3.2)",8,2026-01-30T17:28:27,ok
2026-01-30T17:23:36-ed540bb24003,original,320,180,10,10,25,43,5,0,0,0,0.025541,0,0.025541,4356.71,4356.73,0,0,5.81384,3427861,1,0,"Apple M1","Darwin 25.2.0","clang 17.0.0 (clang-1700.6.3.2)",8,2026-01-30T17:28:32,ok
2026-01-30T17:23:36-ed540bb24003,original,320,180,10,10,25,43,5,0,0,0,0.028667,0,0.028667,4287.12,4287.15,0,0,5.81384,3423593,0,1,"Apple M1","Darwin 25.2.0","clang 17.0.0 (clang-1700.6.3.2)",8,2026-01-30T17:28:36,ok
2026-01-30T17:23:36-ed540bb24003,original,320,180,10,10,25,43,5,0,0,0,0.010166,0,0.010166,4334.66,4334.67,0,0,5.72009,3426334,0,2,"Apple M1","Darwin 25.2.0","clang 17.0.0 (clang-1700.6.3.2)",8,2026-01-30T17:28:40,ok
2026-01-30T17:23:36-ed540bb24003,original,320,180,10,10,25,43,5,0,0,0,0.009875,0,0.009875,4299.76,4299.77,0,0,5.72009,3425269,0,3,"Apple M1","Darwin 25.2.0","clang 17.0.0 (clang-1700.6.3.2)",8,2026-01-30T17:28:45,ok
2026-01-30T17:23:36-ed540bb24003,bvh,320,180,10,10,25,43,5,1,0,0,0.018041,0.026959,0.045,1645.69,1645.73,0,0,5.72009,3420319,1,0,"Apple M1","Darwin 25.2.0","clang 17.0.0 (clang-1700.6.3.2)",8,2026-01-30T17:28:46,ok
2026-01-30T17:23:36-ed540bb24003,bvh,320,180,10,10,25,43,5,1,0,0,0.009792,0.014625,0.024417,1630.15,1630.18,0,0,5.45447,3425548,0,1,"Apple M1","Darwin 25.2.0","clang 17.0.0 (clang-1700.6.3.2)",8,2026-01-30T17:28:48,ok
2026-01-30T17:23:36-ed540bb24003,bvh,320,180,10,10,25,43,5,1,0,0,0.010166,0.014167,0.024333,1660.82,1660.84,0,0,5.45447,3421567,0,2,"Apple M1","Darwin 25.2.0","clang 17.0.0 (clang-1700.6.3.2)",8,2026-01-30T17:28:50,ok
2026-01-30T17:23:36-ed540bb24003,bvh,320,180,10,10,25,43,5,1,0,0,0.009042,0.013708,0.02275,1691.84,1691.86,0,0,5.45447,3423037,0,3,"Apple M1","Darwin 25.2.0","clang 17.0.0 (clang-1700.6.3.2)",8,2026-01-30T17:28:51,ok
2026-01-30T17:23:36-ed540bb24003,bvh-mt,320,180,10,10,25,43,5,1,1,0,0.010583,0.013667,0.02425,556.955,556.979,0.080875,0,5.45447,3424337,1,0,"Apple M1","Darwin 25.2.0","clang 17.0.0 (clang-1700.6.3.2)",8,2026-01-30T17:28:52,ok
2026-01-30T17:23:36-ed540bb24003,bvh-mt,320,180,10,10,25,43,5,1,1,0,0.0095,0.013208,0.022708,571.061,571.084,0.039625,0,5.45447,3421857,0,1,"Apple M1","Darwin 25.2.0","clang 17.0.0 (clang-1700.6.3.2)",8,2026-01-30T17:28:52,ok
2026-01-30T17:23:36-ed540bb24003,bvh-mt,320,180,10,10,25,43,5,1,1,0,0.009292,0.014875,0.024167,481.402,481.426,0.046542,0,5.45447,3417958,0,2,"Apple M1","Darwin 25.2.0","clang 17.0.0 (clang-1700.6.3.2)",8,2026-01-30T17:28:53,ok
2026-01-30T17:23:36-ed540bb24003,bvh-mt,320,180,10,10,25,43,5,1,1,0,0.009167,0.015667,0.024834,519.391,519.415,0.041042,0,5.45447,3426925,0,3,"Apple M1","Darwin 25.2.0","clang 17.0.0 (clang-1700.6.3.2)",8,2026-01-30T17:28:53,ok
2026-01-30T17:23:36-ed540bb24003,gpu,320,180,10,10,25,43,0,0,0,1,0.0095,0,0.0095,146.987,146.996,0,144.645,5.81384,576000,1,0,"Apple M1","Darwin 25.2.0","clang 17.0.0 (clang-1700.6.3.2)",8,2026-01-30T17:28:54,ok
2026-01-30T17:23:36-ed540bb24003,gpu,320,180,10,10,25,43,0,0,0,1,0.017958,0,0.017958,135.39,135.408,0,132.003,5.81384,576000,0,1,"Apple M1","Darwin 25.2.0","clang 17.0.0 (clang-1700.6.3.2)",8,2026-01-30T17:28:54,ok
2026-01-30T17:23:36-ed540bb24003,gpu,320,180,10,10,25,43,0,0,0,1,0.052458,0,0.052458,136.326,136.379,0,132.125,6.07947,576000,0,2,"Apple M1","Darwin 25.2.0","clang 17.0.0 (clang-1700.6.3.2)",8,2026-01-30T17:28:54,ok
2026-01-30T17:23:36-ed540bb24003,gpu,320,180,10,10,25,43,0,0,0,1,0.046459,0,0.046459,138.301,138.347,0,132.82,6.07947,576000,0,3,"Apple M1","Darwin 25.2.0","clang 17.0.0 (clang-1700.6.3.2)",8,2026-01-30T17:28:54,ok
2026-01-30T17:23:36-ed540bb24003,original,320,180,10,10,25,43,6,0,0,0,0.027792,0,0.027792,4349.33,4349.36,0,0,5.81384,3419550,1,0,"Apple M1","Darwin 25.2.0","clang 17.0.0 (clang-1700.6.3.2)",8,2026-01-30T17:28:58,ok
2026-01-30T17:23:36-ed540bb24003,original,320,180,10,10,25,43,6,0,0,0,0.035958,0,0.035958,4297.03,4297.06,0,0,5.81384,3417317,0,1,"Apple M1","Darwin 25.2.0","clang 17.0.0 (clang-1700.6.3.2)",8,2026-01-30T17:29:03,ok
2026-01-30T17:23:36-ed540bb24003,original,320,180,10,10,25,43,6,0,0,0,0.01125,0,0.01125,4345.05,4345.06,0,0,5.81384,3422438,0,2,"Apple M1","Darwin 25.2.0","clang 17.0.0 (clang-1700.6.3.2)",8,2026-01-30T17:29:07,ok
2026-01-30T17:23:36-ed540bb24003,original,320,180,10,10,25,43,6,0,0,0,0.027459,0,0.027459,4312.24,4312.27,0,0,5.72009,3421566,0,3,"Apple M1","Darwin 25.2.0","clang 17.0.0 (clang-1700.6.3.2)",8,2026-01-30T17:29:11,ok
2026-01-30T17:23:36-ed540bb24003,bvh,320,180,10,10,25,43,6,1,0,0,0.01325,0.035375,0.048625,1558.94,1558.99,0,0,5.72009,3422129,1,0,"Apple M1","Darwin 25.2.0","clang 17.0.0 (clang-1700.6.3.2)",8,2026-01-30T17:29:13,ok
2026-01-30T17:23:36-ed540bb24003,bvh,320,180,10,10,25,43,6,1,0,0,0.0105,0.013875,0.024375,1560.39,1560.42,0,0,5.72009,3419823,0,1,"Apple M1","Darwin 25.2.0","clang 17.0.0 (clang-1700.6.3.2)",8,2026-01-30T17:29:14,ok
2026-01-30T17:23:36-ed540bb24003,bvh,320,180,10,10,25,43,6,1,0,0,0.010958,0.013708,0.024666,1584.65,1584.67,0,0,5.72009,3425275,0,2,"Apple M1","Darwin 25.2.0","clang 17.0.0 (clang-1700.6.3.2)",8,2026-01-30T17:29:16,ok
2026-01-30T17:23:36-ed540bb24003,bvh,320,180,10,10,25,43,6,1,0,0,0.01225,0.017583,0.029833,1733.11,1733.14,0,0,5.45447,3421565,0,3,"Apple M1","Darwin 25.2.0","clang 17.0.0 (clang-1700.6.3.2)",8,2026-01-30T17:29:18,ok
2026-01-30T17:23:36-ed540bb24003,bvh-mt,320,180,10,10,25,43,6,1,1,0,0.015375,0.013459,0.028834,501.084,501.113,0.075916,0,5.45447,3421817,1,0,"Apple M1","Darwin 25.2.0","clang 17.0.0 (clang-1700.6.3.2)",8,2026-01-30T17:29:18,ok
2026-01-30T17:23:36-ed540bb24003,bvh-mt,320,180,10,10,25,43,6,1,1,0,0.0105,0.012792,0.023292,503.025,503.048,0.04525,0,5.45447,3421202,0,1,"Apple M1","Darwin 25.2.0","clang 17.0.0 (clang-1700.6.3.2)",8,2026-01-30T17:29:19,ok
2026-01-30T17:23:36-ed540bb24003,bvh-mt,320,180,10,10,25,43,6,1,1,0,0.008958,0.01625,0.025208,492.305,492.33,0.047417,0,5.45447,3420261,0,2,"Apple M1","Darwin 25.2.0","clang 17.0.0 (clang-1700.6.3.2)",8,2026-01-30T17:29:19,ok
2026-01-30T17:23:36-ed540bb24003,bvh-mt,320,180,10,10,25,43,6,1,1,0,0.008792,0.013666,0.022458,500.208,500.23,0.046167,0,5.45447,3427661,0,3,"Apple M1","Darwin 25.2.0","clang 17.0.0 (clang-1700.6.3.2)",8,2026-01-30T17:29:20,ok
2026-01-30T17:23:36-ed540bb24003,gpu,320,180,10,10,25,43,0,0,0,1,0.009042,0,0.009042,149.438,149.447,0,147.143,5.81384,576000,1,0,"Apple M1","Darwin 25.2.0","clang 17.0.0 (clang-1700.6.3.2)",8,2026-01-30T17:29:20,ok
2026-01-30T17:23:36-ed540bb24003,gpu,320,180,10,10,25,43,0,0,0,1,0.018292,0,0.018292,138.451,138.469,0,135.426,5.81384,576000,0,1,"Apple M1","Darwin 25.2.0","clang 17.0.0 (clang-1700.6.3.2)",8,2026-01-30T17:29:20,ok
2026-01-30T17:23:36-ed540bb24003,gpu,320,180,10,10,25,43,0,0,0,1,0.03225,0,0.03225,135.424,135.456,0,131.712,6.07947,576000,0,2,"Apple M1","Darwin 25.2.0","clang 17.0.0 (clang-1700.6.3.2)",8,2026-01-30T17:29:20,ok
2026-01-30T17:23:36-ed540bb24003,gpu,320,180,10,10,25,43,0,0,0,1,0.04125,0,0.04125,137.808,137.85,0,134.062,6.07947,576000,0,3,"Apple M1","Darwin 25.2.0","clang 17.0.0 (clang-1700.6.3.2)",8,2026-01-30T17:29:20,ok
2026-01-30T17:23:36-ed540bb24003,original,320,180,10,10,25,43,7,0,0,0,0.026208,0,0.026208,4426.88,4426.91,0,0,5.81384,3424054,1,0,"Apple M1","Darwin 25.2.0","clang 17.0.0 (clang-1700.6.3.2)",8,2026-01-30T17:29:25,ok
2026-01-30T17:23:36-ed540bb24003,original,320,180,10,10,25,43,7,0,0,0,0.041625,0,0.041625,4309.09,4309.14,0,0,5.81384,3417796,0,1,"Apple M1","Darwin 25.2.0","clang 17.0.0 (clang-1700.6.3.2)",8,2026-01-30T17:29:29,ok
2026-01-30T17:23:36-ed540bb24003,original,320,180,10,10,25,43,7,0,0,0,0.010292,0,0.010292,4387.45,4387.46,0,0,5.81384,3423840,0,2,"Apple M1","Darwin 25.2.0","clang 17.0.0 (clang-1700.6.3.2)",8,2026-01-30T17:29:33,ok
2026-01-30T17:23:36-ed540bb24003,original,320,180,10,10,25,43,7,0,0,0,0.026417,0,0.026417,4361.66,4361.68,0,0,5.72009,3424486,0,3,"Apple M1","Darwin 25.2.0","clang 17.0.0 (clang-1700.6.3.2)",8,2026-01-30T17:29:38,ok
2026-01-30T17:23:36-ed540bb24003,bvh,320,180,10,10,25,43,7,1,0,0,0.025292,0.032875,0.058167,1578.84,1578.89,0,0,5.72009,3422477,1,0,"Apple M1","Darwin 25.2.0","clang 17.0.0 (clang-1700.6.3.2)",8,2026-01-30T17:29:39,ok
2026-01-30T17:23:36-ed540bb24003,bvh,320,180,10,10,25,43,7,1,0,0,0.011333,0.015792,0.027125,1656.96,1656.99,0,0,5.72009,3431109,0,1,"Apple M1","Darwin 25.2.0","clang 17.0.0 (clang-1700.6.3.2)",8,2026-01-30T17:29:41,ok
2026-01-30T17:23:36-ed540bb24003,bvh,320,180,10,10,25,43,7,1,0,0,0.0105,0.014042,0.024542,1504.18,1504.2,0,0,5.72009,3422398,0,2,"Apple M1","Darwin 25.2.0","clang 17.0.0 (clang-1700.6.3.2)",8,2026-01-30T17:29:43,ok
2026-01-30T17:23:36-ed540bb24003,bvh,320,180,10,10,25,43,7,1,0,0,0.013167,0.015166,0.028333,1904.65,1904.68,0,0,5.72009,3424787,0,3,"Apple M1","Darwin 25.2.0","clang 17.0.0 (clang-1700.6.3.2)",8,2026-01-30T17:29:44,ok
2026-01-30T17:23:36-ed540bb24003,bvh-mt,320,180,10,10,25,43,7,1,1,0,0.013167,0.015125,0.028292,450.034,450.062,0.136459,0,5.72009,3427485,1,0,"Apple M1","Darwin 25.2.0","clang 17.0.0 (clang-1700.6.3.2)",8,2026-01-30T17:29:45,ok
2026-01-30T17:23:36-ed540bb24003,bvh-mt,320,180,10,10,25,43,7,1,1,0,0.011333,0.014709,0.026042,469.073,469.099,0.061125,0,5.72009,3429917,0,1,"Apple M1","Darwin 25.2.0","clang 17.0.0 (clang-1700.6.3.2)",8,2026-01-30T17:29:45,ok
2026-01-30T17:23:36-ed540bb24003,bvh-mt,320,180,10,10,25,43,7,1,1,0,0.009166,0.013375,0.022541,489.828,489.85,0.065042,0,5.72009,3425498,0,2,"Apple M1","Darwin 25.2.0","clang 17.0.0 (clang-1700.6.3.2)",8,2026-01-30T17:29:46,ok
2026-01-30T17:23:36-ed540bb24003,bvh-mt,320,180,10,10,25,43,7,1,1,0,0.008542,0.01325,0.021792,470.806,470.827,0.059209,0,5.72009,3426460,0,3,"Apple M1","Darwin 25.2.0","clang 17.0.0 (clang-1700.6.3.2)",8,2026-01-30T17:29:46,ok
2026-01-30T17:23:36-ed540bb24003,gpu,320,180,10,10,25,43,0,0,0,1,0.009041,0,0.009041,150.535,150.544,0,148.325,6.07947,576000,1,0,"Apple M1","Darwin 25.2.0","clang 17.0.0 (clang-1700.6.3.2)",8,2026-01-30T17:29:46,ok
2026-01-30T17:23:36-ed540bb24003,gpu,320,180,10,10,25,43,0,0,0,1,0.018167,0,0.018167,134.317,134.335,0,131.409,6.07947,576000,0,1,"Apple M1","Darwin 25.2.0","clang 17.0.0 (clang-1700.6.3.2)",8,2026-01-30T17:29:47,ok
2026-01-30T17:23:36-ed540bb24003,gpu,320,180,10,10,25,43,0,0,0,1,0.038208,0,0.038208,136.595,136.633,0,132.475,6.07947,576000,0,2,"Apple M1","Darwin 25.2.0","clang 17.0.0 (clang-1700.6.3.2)",8,2026-01-30T17:29:47,ok
2026-01-30T17:23:36-ed540bb24003,gpu,320,180,10,10,25,43,0,0,0,1,0.039208,0,0.039208,138.402,138.441,0,134.433,6.07947,576000,0,3,"Apple M1","Darwin 25.2.0","clang 17.0.0 (clang-1700.6.3.2)",8,2026-01-30T17:29:47,ok
2026-01-30T17:23:36-ed540bb24003,original,320,180,10,10,25,43,8,0,0,0,0.017458,0,0.017458,4331.24,4331.26,0,0,5.54822,3425117,1,0,"Apple M1","Darwin 25.2.0","clang 17.0.0 (clang-1700.6.3.2)",8,2026-01-30T17:29:51,ok
2026-01-30T17:23:36-ed540bb24003,original,320,180,10,10,25,43,8,0,0,0,0.010375,0,0.010375,4284.91,4284.92,0,0,5.54822,3422920,0,1,"Apple M1","Darwin 25.2.0","clang 17.0.0 (clang-1700.6.3.2)",8,2026-01-30T17:29:55,ok
2026-01-30T17:23:36-ed540bb24003,original,320,180,10,10,25,43,8,0,0,0,0.010084,0,0.010084,4372.28,4372.29,0,0,5.54822,3423081,0,2,"Apple M1","Darwin 25.2.0","clang 17.0.0 (clang-1700.6.3.2)",8,2026-01-30T17:30:00,ok
2026-01-30T17:23:36-ed540bb24003,original,320,180,10,10,25,43,8,0,0,0,0.0435,0,0.0435,4314.58,4314.62,0,0,5.54822,3419337,0,3,"Apple M1","Darwin 25.2.0","clang 17.0.0 (clang-1700.6.3.2)",8,2026-01-30T17:30:04,ok
2026-01-30T17:23:36-ed540bb24003,bvh,320,180,10,10,25,43,8,1,0,0,0.020916,0.032542,0.053458,1769.17,1769.22,0,0,5.54822,3419317,1,0,"Apple M1","Darwin 25.2.0","clang 17.0.0 (clang-1700.6.3.2)",8,2026-01-30T17:30:06,ok
2026-01-30T17:23:36-ed540bb24003,bvh,320,180,10,10,25,43,8,1,0,0,0.009792,0.013416,0.023208,1600.72,1600.74,0,0,5.54822,3423473,0,1,"Apple M1","Darwin 25.2.0","clang 17.0.0 (clang-1700.6.3.2)",8,2026-01-30T17:30:08,ok
2026-01-30T17:23:36-ed540bb24003,bvh,320,180,10,10,25,43,8,1,0,0,0.017583,0.024791,0.042374,1674.6,1674.64,0,0,5.54822,3421895,0,2,"Apple M1","Darwin 25.2.0","clang 17.0.0 (clang-1700.6.3.2)",8,2026-01-30T17:30:09,ok
2026-01-30T17:23:36-ed540bb24003,bvh,320,180,10,10,25,43,8,1,0,0,0.010125,0.015417,0.025542,1733.26,1733.29,0,0,5.54822,3424152,0,3,"Apple M1","Darwin 25.2.0","clang 17.0.0 (clang-1700.6.3.2)",8,2026-01-30T17:30:11,ok
2026-01-30T17:23:36-ed540bb24003,bvh-mt,320,180,10,10,25,43,8,1,1,0,0.01425,0.022125,0.036375,499.696,499.733,0.102333,0,5.54822,3426345,1,0,"Apple M1","Darwin 25.2.0","clang 17.0.0 (clang-1700.6.3.2)",8,2026-01-30T17:30:11,ok
2026-01-30T17:23:36-ed540bb24003,bvh-mt,320,180,10,10,25,43,8,1,1,0,0.009584,0.015459,0.025043,495.815,495.84,0.070208,0,5.54822,3421776,0,1,"Apple M1","Darwin 25.2.0","clang 17.0.0 (clang-1700.6.3.2)",8,2026-01-30T17:30:12,ok
2026-01-30T17:23:36-ed540bb24003,bvh-mt,320,180,10,10,25,43,8,1,1,0,0.008958,0.014083,0.023041,522.124,522.147,0.071958,0,5.54822,3422384,0,2,"Apple M1","Darwin 25.2.0","clang 17.0.0 (clang-1700.6.3.2)",8,2026-01-30T17:30:12,ok
2026-01-30T17:23:36-ed540bb24003,bvh-mt,320,180,10,10,25,43,8,1,1,0,0.009,0.012084,0.021084,448.931,448.952,0.066666,0,5.54822,3422225,0,3,"Apple M1","Darwin 25.2.0","clang 17.0.0 (clang-1700.6.3.2)",8,2026-01-30T17:30:13,ok
2026-01-30T17:23:36-ed540bb24003,gpu,320,180,10,10,25,43,0,0,0,1,0.009167,0,0.009167,147.743,147.752,0,145.45,5.81384,576000,1,0,"Apple M1","Darwin 25.2.0","clang 17.0.0 (clang-1700.6.3.2)",8,2026-01-30T17:30:13,ok
2026-01-30T17:23:36-ed540bb24003,gpu,320,180,10,10,25,43,0,0,0,1,0.018375,0,0.018375,134.523,134.542,0,131.866,5.81384,576000,0,1,"Apple M1","Darwin 25.2.0","clang 17.0.0 (clang-1700.6.3.2)",8,2026-01-30T17:30:13,ok
2026-01-30T17:23:36-ed540bb24003,gpu,320,180,10,10,25,43,0,0,0,1,0.026542,0,0.026542,135.039,135.065,0,131.911,6.07947,576000,0,2,"Apple M1","Darwin 25.2.0","clang 17.0.0 (clang-1700.6.3.2)",8,2026-01-30T17:30:13,ok
2026-01-30T17:23:36-ed540bb24003,gpu,320,180,10,10,25,43,0,0,0,1,0.017333,0,0.017333,137.381,137.399,0,134.747,6.07947,576000,0,3,"Apple M1","Darwin 25.2.0","clang 17.0.0 (clang-1700.6.3.2)",8,2026-01-30T17:30:13,ok
2026-01-30T17:23:36-ed540bb24003,original,320,180,10,10,100,118,1,0,0,0,0.048792,0,0.048792,6792.57,6792.62,0,0,5.81384,3462064,1,0,"Apple M1","Darwin 25.2.0","clang 17.0.0 (clang-1700.6.3.2)",8,2026-01-30T17:30:20,ok
2026-01-30T17:23:36-ed540bb24003,original,320,180,10,10,100,118,1,0,0,0,0.05125,0,0.05125,6721.72,6721.77,0,0,5.81384,3459293,0,1,"Apple M1","Darwin 25.2.0","clang 17.0.0 (clang-1700.6.3.2)",8,2026-01-30T17:30:27,ok
2026-01-30T17:23:36-ed540bb24003,original,320,180,10,10,100,118,1,0,0,0,0.023916,0,0.023916,6703.22,6703.24,0,0,5.72009,3462654,0,2,"Apple M1","Darwin 25.2.0","clang 17.0.0 (clang-1700.6.3.2)",8,2026-01-30T17:30:34,ok
2026-01-30T17:23:36-ed540bb24003,original,320,180,10,10,100,118,1,0,0,0,0.031792,0,0.031792,6849.19,6849.22,0,0,5.45447,3462192,0,3,"Apple M1","Darwin 25.2.0","clang 17.0.0 (clang-1700.6.3.2)",8,2026-01-30T17:30:41,ok
2026-01-30T17:23:36-ed540bb24003,bvh,320,180,10,10,100,118,1,1,0,0,0.035834,0.056458,0.092292,2341.56,2341.66,0,0,5.47009,3467190,1,0,"Apple M1","Darwin 25.2.0","clang 17.0.0 (clang-1700.6.3.2)",8,2026-01-30T17:30:43,ok
2026-01-30T17:23:36-ed540bb24003,bvh,320,180,10,10,100,118,1,1,0,0,0.01425,0.043416,0.057666,1975.12,1975.18,0,0,5.47009,3457169,0,1,"Apple M1","Darwin 25.2.0","clang 17.0.0 (clang-1700.6.3.2)",8,2026-01-30T17:30:45,ok
2026-01-30T17:23:36-ed540bb24003,bvh,320,180,10,10,100,118,1,1,0,0,0.014125,0.034791,0.048916,2547.58,2547.63,0,0,5.47009,3463859,0,2,"Apple M1","Darwin 25.2.0","clang 17.0.0 (clang-1700.6.3.2)",8,2026-01-30T17:30:47,ok
2026-01-30T17:23:36-ed540bb24003,bvh,320,180,10,10,100,118,1,1,0,0,0.020917,0.036125,0.057042,2363.08,2363.14,0,0,5.47009,3463526,0,3,"Apple M1","Darwin 25.2.0","clang 17.0.0 (clang-1700.6.3.2)",8,2026-01-30T17:30:50,ok
2026-01-30T17:23:36-ed540bb24003,bvh-mt,320,180,10,10,100,118,1,1,1,0,0.013709,0.039084,0.052793,2341.96,2342.01,0,0,5.47009,3461192,1,0,"Apple M1","Darwin 25.2.0","clang 17.0.0 (clang-1700.6.3.2)",8,2026-01-30T17:30:52,ok
2026-01-30T17:23:36-ed540bb24003,bvh-mt,320,180,10,10,100,118,1,1,1,0,0.013209,0.038959,0.052168,2573.78,2573.83,0,0,5.47009,3462125,0,1,"Apple M1","Darwin 25.2.0","clang 17.0.0 (clang-1700.6.3.2)",8,2026-01-30T17:30:55,ok
2026-01-30T17:23:36-ed540bb24003,bvh-mt,320,180,10,10,100,118,1,1,1,0,0.016958,0.036375,0.053333,2452.08,2452.13,0,0,5.47009,3462340,0,2,"Apple M1","Darwin 25.2.0","clang 17.0.0 (clang-1700.6.3.2)",8,2026-01-30T17:30:57,ok
2026-01-30T17:23:36-ed540bb24003,bvh-mt,320,180,10,10,100,118,1,1,1,0,0.034292,0.040792,0.075084,2602.35,2602.43,0,0,5.47009,3460892,0,3,"Apple M1","Darwin 25.2.0","clang 17.0.0 (clang-1700.6.3.2)",8,2026-01-30T17:31:00,ok
2026-01-30T17:23:36-ed540bb24003,gpu,320,180,10,10,100,118,0,0,0,1,0.020084,0,0.020084,227.249,227.269,0,224.926,5.82947,576000,1,0,"Apple M1","Darwin 25.2.0","clang 17.0.0 (clang-1700.6.3.2)",8,2026-01-30T17:31:00,ok
2026-01-30T17:23:36-ed540bb24003,gpu,320,180,10,10,100,118,0,0,0,1,0.018875,0,0.018875,222.557,222.576,0,210.18,5.84509,576000,0,1,"Apple M1","Darwin 25.2.0","clang 17.0.0 (clang-1700.6.3.2)",8,2026-01-30T17:31:00,ok
2026-01-30T17:23:36-ed540bb24003,gpu,320,180,10,10,100,118,0,0,0,1,0.013917,0,0.013917,220.752,220.766,0,215.591,5.82947,576000,0,2,"Apple M1","Darwin 25.2.0","clang 17.0.0 (clang-1700.6.3.2)",8,2026-01-30T17:31:00,ok
2026-01-30T17:23:36-ed540bb24003,gpu,320,180,10,10,100,118,0,0,0,1,0.032959,0,0.032959,218.736,218.769,0,213.757,6.09509,576000,0,3,"Apple M1","Darwin 25.2.0","clang 17.0.0 (clang-1700.6.3.2)",8,2026-01-30T17:31:01,ok
2026-01-30T17:23:36-ed540bb24003,original,320,180,10,10,100,118,2,0,0,0,0.437666,0,0.437666,6822.64,6823.08,0,0,5.82947,3463708,1,0,"Apple M1","Darwin 25.2.0","clang 17.0.0 (clang-1700.6.3.2)",8,2026-01-30T17:31:07,ok
2026-01-30T17:23:36-ed540bb24003,original,320,180,10,10,100,118,2,0,0,0,0.054334,0,0.054334,6781.18,6781.24,0,0,5.82947,3464514,0,1,"Apple M1","Darwin 25.2.0","clang 17.0.0 (clang-1700.6.3.2)",8,2026-01-30T17:31:14,ok
2026-01-30T17:23:36-ed540bb24003,original,320,180,10,10,100,118,2,0,0,0,0.036625,0,0.036625,6960.65,6960.69,0,0,5.73572,3463440,0,2,"Apple M1","Darwin 25.2.0","clang 17.0.0 (clang-1700.6.3.2)",8,2026-01-30T17:31:21,ok
2026-01-30T17:23:36-ed540bb24003,original,320,180,10,10,100,118,2,0,0,0,0.080041,0,0.080041,6765.59,6765.67,0,0,5.47009,3465835,0,3,"Apple M1","Darwin 25.2.0","clang 17.0.0 (clang-1700.6.3.2)",8,2026-01-30T17:31:28,ok
2026-01-30T17:23:36-ed540bb24003,bvh,320,180,10,10,100,118,2,1,0,0,0.034292,0.321459,0.355751,2283.64,2284,0,0,5.47009,3457650,1,0,"Apple M1","Darwin 25.2.0","clang 17.0.0 (clang-1700.6.3.2)",8,2026-01-30T17:31:30,ok
2026-01-30T17:23:36-ed540bb24003,bvh,320,180,10,10,100,118,2,1,0,0,0.013125,0.035083,0.048208,2239.94,2239.99,0,0,5.47009,3458470,0,1,"Apple M1","Darwin 25.2.0","clang 17.0.0 (clang-1700.6.3.2)",8,2026-01-30T17:31:32,ok
2026-01-30T17:23:36-ed540bb24003,bvh,320,180,10,10,100,118,2,1,0,0,0.016334,0.039542,0.055876,2271.9,2271.95,0,0,5.47009,3465001,0,2,"Apple M1","Darwin 25.2.0","clang 17.0.0 (clang-1700.6.3.2)",8,2026-01-30T17:31:35,ok
2026-01-30T17:23:36-ed540bb24003,bvh,320,180,10,10,100,118,2,1,0,0,0.018541,0.04525,0.063791,2020.1,2020.17,0,0,5.47009,3464176,0,3,"Apple M1","Darwin 25.2.0","clang 17.0.0 (clang-1700.6.3.2)",8,2026-01-30T17:31:37,ok
2026-01-30T17:23:36-ed540bb24003,bvh-mt,320,180,10,10,100,118,2,1,1,0,0.013125,0.043209,0.056334,1031.74,1031.79,0.040375,0,5.47009,3461557,1,0,"Apple M1","Darwin 25.2.0","clang 17.0.0 (clang-1700.6.3.2)",8,2026-01-30T17:31:38,ok
2026-01-30T17:23:36-ed540bb24003,bvh-mt,320,180,10,10,100,118,2,1,1,0,0.013375,0.046167,0.059542,1076.77,1076.83,0.018584,0,5.47009,3463096,0,1,"Apple M1","Darwin 25.2.0","clang 17.0.0 (clang-1700.6.3.2)",8,2026-01-30T17:31:39,ok
2026-01-30T17:23:36-ed540bb24003,bvh-mt,320,180,10,10,100,118,2,1,1,0,0.011708,0.039875,0.051583,1142.05,1142.1,0.021042,0,5.47009,3464674,0,2,"Apple M1","Darwin 25.2.0","clang 17.0.0 (clang-1700.6.3.2)",8,2026-01-30T17:31:40,ok
2026-01-30T17:23:36-ed540bb24003,bvh-mt,320,180,10,10,100,118,2,1,1,0,0.01475,0.045916,0.060666,1063.22,1063.28,0.025667,0,5.47009,3465966,0,3,"Apple M1","Darwin 25.2.0","clang 17.0.0 (clang-1700.6.3.2)",8,2026-01-30T17:31:41,ok
2026-01-30T17:23:36-ed540bb24003,gpu,320,180,10,10,100,118,0,0,0,1,0.026208,0,0.026208,227.943,227.969,0,224.759,5.82947,576000,1,0,"Apple M1","Darwin 25.2.0","clang 17.0.0 (clang-1700.6.3.2)",8,2026-01-30T17:31:41,ok
2026-01-30T17:23:36-ed540bb24003,gpu,320,180,10,10,100,118,0,0,0,1,0.059625,0,0.059625,214.253,214.313,0,209.695,6.09509,576000,0,1,"Apple M1","Darwin 25.2.0","clang 17.0.0 (clang-1700.6.3.2)",8,2026-01-30T17:31:42,ok
2026-01-30T17:23:36-ed540bb24003,gpu,320,180,10,10,100,118,0,0,0,1,0.058167,0,0.058167,219.532,219.59,0,215.182,6.09509,576000,0,2,"Apple M1","Darwin 25.2.0","clang 17.0.0 (clang-1700.6.3.2)",8,2026-01-30T17:31:42,ok
2026-01-30T17:23:36-ed540bb24003,gpu,320,180,10,10,100,118,0,0,0,1,0.04775,0,0.04775,215.207,215.255,0,211.02,6.09509,576000,0,3,"Apple M1","Darwin 25.2.0","clang 17.0.0 (clang-1700.6.3.2)",8,2026-01-30T17:31:42,ok
2026-01-30T17:23:36-ed540bb24003,original,320,180,10,10,100,118,3,0,0,0,0.097042,0,0.097042,6810.41,6810.51,0,0,5.82947,3462133,1,0,"Apple M1","Darwin 25.2.0","clang 17.0.0 (clang-1700.6.3.2)",8,2026-01-30T17:31:49,ok
2026-01-30T17:23:36-ed540bb24003,original,320,180,10,10,100,118,3,0,0,0,0.023,0,0.023,6724.21,6724.23,0,0,5.82947,3460526,0,1,"Apple M1","Darwin 25.2.0","clang 17.0.0 (clang-1700.6.3.2)",8,2026-01-30T17:31:56,ok
2026-01-30T17:23:36-ed540bb24003,original,320,180,10,10,100,118,3,0,0,0,0.024666,0,0.024666,6936.23,6936.26,0,0,5.73572,3461664,0,2,"Apple M1","Darwin 25.2.0","clang 17.0.0 (clang-1700.6.3.2)",8,2026-01-30T17:32:02,ok
2026-01-30T17:23:36-ed540bb24003,original,320,180,10,10,100,118,3,0,0,0,0.050875,0,0.050875,6773.63,6773.68,0,0,5.47009,3461076,0,3,"Apple M1","Darwin 25.2.0","clang 17.0.0 (clang-1700.6.3.2)",8,2026-01-30T17:32:09,ok
2026-01-30T17:23:36-ed540bb24003,bvh,320,180,10,10,100,118,3,1,0,0,0.014125,0.088791,0.102916,2073.53,2073.64,0,0,5.47009,3458954,1,0,"Apple M1","Darwin 25.2.0","clang 17.0.0 (clang-1700.6.3.2)",8,2026-01-30T17:32:11,ok
2026-01-30T17:23:36-ed540bb24003,bvh,320,180,10,10,100,118,3,1,0,0,0.043625,0.041834,0.085459,1908.46,1908.55,0,0,5.47009,3466664,0,1,"Apple M1","Darwin 25.2.0","clang 17.0.0 (clang-1700.6.3.2)",8,2026-01-30T17:32:13,ok
2026-01-30T17:23:36-ed540bb24003,bvh,320,180,10,10,100,118,3,1,0,0,0.011333,0.034916,0.046249,2450.29,2450.34,0,0,5.47009,3463744,0,2,"Apple M1","Darwin 25.2.0","clang 17.0.0 (clang-1700.6.3.2)",8,2026-01-30T17:32:16,ok
2026-01-30T17:23:36-ed540bb24003,bvh,320,180,10,10,100,118,3,1,0,0,0.012542,0.032792,0.045334,2433.04,2433.08,0,0,5.47009,3459068,0,3,"Apple M1","Darwin 25.2.0","clang 17.0.0 (clang-1700.6.3.2)",8,2026-01-30T17:32:18,ok
2026-01-30T17:23:36-ed540bb24003,bvh-mt,320,180,10,10,100,118,3,1,1,0,0.014083,0.043292,0.057375,1012.39,1012.45,0.0695,0,5.47009,3461565,1,0,"Apple M1","Darwin 25.2.0","clang 17.0.0 (clang-1700.6.3.2)",8,2026-01-30T17:32:19,ok
2026-01-30T17:23:36-ed540bb24003,bvh-mt,320,180,10,10,100,118,3,1,1,0,0.013833,0.03025,0.044083,1029.45,1029.49,0.029666,0,5.47009,3460207,0,1,"Apple M1","Darwin 25.2.0","clang 17.0.0 (clang-1700.6.3.2)",8,2026-01-30T17:32:20,ok
2026-01-30T17:23:36-ed540bb24003,bvh-mt,320,180,10,10,100,118,3,1,1,0,0.021667,0.037833,0.0595,983.105,983.164,0.03725,0,5.47009,3463583,0,2,"Apple M1","Darwin 25.2.0","clang 17.0.0 (clang-1700.6.3.2)",8,2026-01-30T17:32:21,ok
2026-01-30T17:23:36-ed540bb24003,bvh-mt,320,180,10,10,100,118,3,1,1,0,0.01475,0.047833,0.062583,783.584,783.647,0.038084,0,5.47009,3466278,0,3,"Apple M1","Darwin 25.2.0","clang 17.0.0 (clang-1700.6.3.2)",8,2026-01-30T17:32:22,ok
2026-01-30T17:23:36-ed540bb24003,gpu,320,180,10,10,100,118,0,0,0,1,0.011666,0,0.011666,228.874,228.885,0,226.364,5.82947,576000,1,0,"Apple M1","Darwin 25.2.0","clang 17.0.0 (clang-1700.6.3.2)",8,2026-01-30T17:32:22,ok
2026-01-30T17:23:36-ed540bb24003,gpu,320,180,10,10,100,118,0,0,0,1,0.035958,0,0.035958,217.085,217.121,0,213.582,6.09509,576000,0,1,"Apple M1","Darwin 25.2.0","clang 17.0.0 (clang-1700.6.3.2)",8,2026-01-30T17:32:22,ok
2026-01-30T17:23:36-ed540bb24003,gpu,320,180,10,10,100,118,0,0,0,1,0.057375,0,0.057375,219.672,219.729,0,215.256,6.09509,576000,0,2,"Apple M1","Darwin 25.2.0","clang 17.0.0 (clang-1700.6.3.2)",8,2026-01-30T17:32:23,ok
2026-01-30T17:23:36-ed540bb24003,gpu,320,180,10,10,100,118,0,0,0,1,0.058333,0,0.058333,215.847,215.905,0,210.898,6.09509,576000,0,3,"Apple M1","Darwin 25.2.0","clang 17.0.0 (clang-1700.6.3.2)",8,2026-01-30T17:32:23,ok
2026-01-30T17:23:36-ed540bb24003,original,320,180,10,10,100,118,4,0,0,0,0.045375,0,0.045375,6783.27,6783.32,0,0,5.82947,3462172,1,0,"Apple M1","Darwin 25.2.0","clang 17.0.0 (clang-1700.6.3.2)",8,2026-01-30T17:32:30,ok
2026-01-30T17:23:36-ed540bb24003,original,320,180,10,10,100,118,4,0,0,0,0.023084,0,0.023084,6689.21,6689.23,0,0,5.82947,3457561,0,1,"Apple M1","Darwin 25.2.0","clang 17.0.0 (clang-1700.6.3.2)",8,2026-01-30T17:32:36,ok
2026-01-30T17:23:36-ed540bb24003,original,320,180,10,10,100,118,4,0,0,0,0.03275,0,0.03275,6752.43,6752.46,0,0,5.73572,3457569,0,2,"Apple M1","Darwin 25.2.0","clang 17.0.0 (clang-1700.6.3.2)",8,2026-01-30T17:32:43,ok
2026-01-30T17:23:36-ed540bb24003,original,320,180,10,10,100,118,4,0,0,0,0.016292,0,0.016292,6710.95,6710.97,0,0,5.47009,3462933,0,3,"Apple M1","Darwin 25.2.0","clang 17.0.0 (clang-1700.6.3.2)",8,2026-01-30T17:32:50,ok
2026-01-30T17:23:36-ed540bb24003,bvh,320,180,10,10,100,118,4,1,0,0,0.019792,0.040833,0.060625,2539.93,2539.99,0,0,5.47009,3463551,1,0,"Apple M1","Darwin 25.2.0","clang 17.0.0 (clang-1700.6.3.2)",8,2026-01-30T17:32:52,ok
2026-01-30T17:23:36-ed540bb24003,bvh,320,180,10,10,100,118,4,1,0,0,0.013416,0.037083,0.050499,1855.82,1855.87,0,0,5.47009,3457897,0,1,"Apple M1","Darwin 25.2.0","clang 17.0.0 (clang-1700.6.3.2)",8,2026-01-30T17:32:54,ok
2026-01-30T17:23:36-ed540bb24003,bvh,320,180,10,10,100,118,4,1,0,0,0.011666,0.039292,0.050958,1992.86,1992.91,0,0,5.47009,3459680,0,2,"Apple M1","Darwin 25.2.0","clang 17.0.0 (clang-1700.6.3.2)",8,2026-01-30T17:32:56,ok
2026-01-30T17:23:36-ed540bb24003,bvh,320,180,10,10,100,118,4,1,0,0,0.011667,0.029541,0.041208,2517.09,2517.13,0,0,5.47009,3461427,0,3,"Apple M1","Darwin 25.2.0","clang 17.0.0 (clang-1700.6.3.2)",8,2026-01-30T17:32:59,ok
2026-01-30T17:23:36-ed540bb24003,bvh-mt,320,180,10,10,100,118,4,1,1,0,0.022708,0.047333,0.070041,643.573,643.643,0.07025,0,5.47009,3460172,1,0,"Apple M1","Darwin 25.2.0","clang 17.0.0 (clang-1700.6.3.2)",8,2026-01-30T17:32:59,ok
2026-01-30T17:23:36-ed540bb24003,bvh-mt,320,180,10,10,100,118,4,1,1,0,0.01275,0.040833,0.053583,588.124,588.178,0.0325,0,5.47009,3462823,0,1,"Apple M1","Darwin 25.2.0","clang 17.0.0 (clang-1700.6.3.2)",8,2026-01-30T17:33:00,ok
2026-01-30T17:23:36-ed540bb24003,bvh-mt,320,180,10,10,100,118,4,1,1,0,0.012833,0.047708,0.060541,644.482,644.543,0.038208,0,5.47009,3463911,0,2,"Apple M1","Darwin 25.2.0","clang 17.0.0 (clang-1700.6.3.2)",8,2026-01-30T17:33:01,ok
2026-01-30T17:23:36-ed540bb24003,bvh-mt,320,180,10,10,100,118,4,1,1,0,0.012125,0.03975,0.051875,832.517,832.569,0.03375,0,5.47009,3462365,0,3,"Apple M1","Darwin 25.2.0","clang 17.0.0 (clang-1700.6.3.2)",8,2026-01-30T17:33:01,ok
2026-01-30T17:23:36-ed540bb24003,gpu,320,180,10,10,100,118,0,0,0,1,0.018208,0,0.018208,250.406,250.424,0,247.169,5.82947,576000,1,0,"Apple M1","Darwin 25.2.0","clang 17.0.0 (clang-1700.6.3.2)",8,2026-01-30T17:33:02,ok
2026-01-30T17:23:36-ed540bb24003,gpu,320,180,10,10,100,118,0,0,0,1,0.033917,0,0.033917,231.771,231.805,0,228.978,6.09509,576000,0,1,"Apple M1","Darwin 25.2.0","clang 17.0.0 (clang-1700.6.3.2)",8,2026-01-30T17:33:02,ok
2026-01-30T17:23:36-ed540bb24003,gpu,320,180,10,10,100,118,0,0,0,1,0.030834,0,0.030834,219.583,219.613,0,216.454,6.09509,576000,0,2,"Apple M1","Darwin 25.2.0","clang 17.0.0 (clang-1700.6.3.2)",8,2026-01-30T17:33:02,ok
2026-01-30T17:23:36-ed540bb24003,gpu,320,180,10,10,100,118,0,0,0,1,0.044084,0,0.044084,216.041,216.085,0,212.569,6.09509,576000,0,3,"Apple M1","Darwin 25.2.0","clang 17.0.0 (clang-1700.6.3.2)",8,2026-01-30T17:33:02,ok
2026-01-30T17:23:36-ed540bb24003,original,320,180,10,10,100,118,5,0,0,0,0.044416,0,0.044416,6992.94,6992.99,0,0,5.82947,3466942,1,0,"Apple M1","Darwin 25.2.0","clang 17.0.0 (clang-1700.6.3.2)",8,2026-01-30T17:33:09,ok
2026-01-30T17:23:36-ed540bb24003,original,320,180,10,10,100,118,5,0,0,0,0.040667,0,0.040667,6720.62,6720.66,0,0,5.82947,3463189,0,1,"Apple M1","Darwin 25.2.0","clang 17.0.0 (clang-1700.6.3.2)",8,2026-01-30T17:33:16,ok
2026-01-30T17:23:36-ed540bb24003,original,320,180,10,10,100,118,5,0,0,0,0.016916,0,0.016916,6740.22,6740.24,0,0,5.73572,3462022,0,2,"Apple M1","Darwin 25.2.0","clang 17.0.0 (clang-1700.6.3.2)",8,2026-01-30T17:33:23,ok
2026-01-30T17:23:36-ed540bb24003,original,320,180,10,10,100,118,5,0,0,0,0.017417,0,0.017417,6723.73,6723.75,0,0,5.47009,3461769,0,3,"Apple M1","Darwin 25.2.0","clang 17.0.0 (clang-1700.6.3.2)",8,2026-01-30T17:33:29,ok
2026-01-30T17:23:36-ed540bb24003,bvh,320,180,10,10,100,118,5,1,0,0,0.017958,0.076459,0.094417,2119.84,2119.93,0,0,5.47009,3463345,1,0,"Apple M1","Darwin 25.2.0","clang 17.0.0 (clang-1700.6.3.2)",8,2026-01-30T17:33:32,ok
2026-01-30T17:23:36-ed540bb24003,bvh,320,180,10,10,100,118,5,1,0,0,0.029625,0.048083,0.077708,2135.82,2135.89,0,0,5.47009,3466988,0,1,"Apple M1","Darwin 25.2.0","clang 17.0.0 (clang-1700.6.3.2)",8,2026-01-30T17:33:34,ok
2026-01-30T17:23:36-ed540bb24003,bvh,320,180,10,10,100,118,5,1,0,0,0.01175,0.047333,0.059083,2013.61,2013.67,0,0,5.47009,3460937,0,2,"Apple M1","Darwin 25.2.0","clang 17.0.0 (clang-1700.6.3.2)",8,2026-01-30T17:33:36,ok
2026-01-30T17:23:36-ed540bb24003,bvh,320,180,10,10,100,118,5,1,0,0,0.0125,0.044958,0.057458,2258.59,2258.64,0,0,5.47009,3461305,0,3,"Apple M1","Darwin 25.2.0","clang 17.0.0 (clang-1700.6.3.2)",8,2026-01-30T17:33:38,ok
2026-01-30T17:23:36-ed540bb24003,bvh-mt,320,180,10,10,100,118,5,1,1,0,0.017375,0.046209,0.063584,727.064,727.127,0.105916,0,5.47009,3463088,1,0,"Apple M1","Darwin 25.2.0","clang 17.0.0 (clang-1700.6.3.2)",8,2026-01-30T17:33:39,ok
2026-01-30T17:23:36-ed540bb24003,bvh-mt,320,180,10,10,100,118,5,1,1,0,0.012833,0.030916,0.043749,830.068,830.112,0.043208,0,5.47009,3466822,0,1,"Apple M1","Darwin 25.2.0","clang 17.0.0 (clang-1700.6.3.2)",8,2026-01-30T17:33:40,ok
2026-01-30T17:23:36-ed540bb24003,bvh-mt,320,180,10,10,100,118,5,1,1,0,0.012167,0.042875,0.055042,630.476,630.531,0.032667,0,5.47009,3460639,0,2,"Apple M1","Darwin 25.2.0","clang 17.0.0 (clang-1700.6.3.2)",8,2026-01-30T17:33:40,ok
2026-01-30T17:23:36-ed540bb24003,bvh-mt,320,180,10,10,100,118,5,1,1,0,0.012042,0.035375,0.047417,727.034,727.082,0.038208,0,5.47009,3458739,0,3,"Apple M1","Darwin 25.2.0","clang 17.0.0 (clang-1700.6.3.2)",8,2026-01-30T17:33:41,ok
2026-01-30T17:23:36-ed540bb24003,gpu,320,180,10,10,100,118,0,0,0,1,0.012167,0,0.012167,228.277,228.289,0,225.645,5.82947,576000,1,0,"Apple M1","Darwin 25.2.0","clang 17.0.0 (clang-1700.6.3.2)",8,2026-01-30T17:33:41,ok
2026-01-30T17:23:36-ed540bb24003,gpu,320,180,10,10,100,118,0,0,0,1,0.036166,0,0.036166,214.597,214.633,0,212.057,5.87634,576000,0,1,"Apple M1","Darwin 25.2.0","clang 17.0.0 (clang-1700.6.3.2)",8,2026-01-30T17:33:41,ok
2026-01-30T17:23:36-ed540bb24003,gpu,320,180,10,10,100,118,0,0,0,1,0.05825,0,0.05825,217.624,217.682,0,213.708,6.11072,576000,0,2,"Apple M1","Darwin 25.2.0","clang 17.0.0 (clang-1700.6.3.2)",8,2026-01-30T17:33:42,ok
2026-01-30T17:23:36-ed540bb24003,gpu,320,180,10,10,100,118,0,0,0,1,0.0585,0,0.0585,215.54,215.598,0,211.352,6.11072,576000,0,3,"Apple M1","Darwin 25.2.0","clang 17.0.0 (clang-1700.6.3.2)",8,2026-01-30T17:33:42,ok
2026-01-30T17:23:36-ed540bb24003,original,320,180,10,10,100,118,6,0,0,0,0.06125,0,0.06125,6761.71,6761.77,0,0,5.82947,3458900,1,0,"Apple M1","Darwin 25.2.0","clang 17.0.0 (clang-1700.6.3.2)",8,2026-01-30T17:33:49,ok
2026-01-30T17:23:36-ed540bb24003,original,320,180,10,10,100,118,6,0,0,0,0.025375,0,0.025375,6689.28,6689.31,0,0,5.82947,3461922,0,1,"Apple M1","Darwin 25.2.0","clang 17.0.0 (clang-1700.6.3.2)",8,2026-01-30T17:33:55,ok
2026-01-30T17:23:36-ed540bb24003,original,320,180,10,10,100,118,6,0,0,0,0.012792,0,0.012792,6724.46,6724.47,0,0,5.56384,3464874,0,2,"Apple M1","Darwin 25.2.0","clang 17.0.0 (clang-1700.6.3.2)",8,2026-01-30T17:34:02,ok
2026-01-30T17:23:36-ed540bb24003,original,320,180,10,10,100,118,6,0,0,0,0.013375,0,0.013375,6767.63,6767.65,0,0,5.56384,3460199,0,3,"Apple M1","Darwin 25.2.0","clang 17.0.0 (clang-1700.6.3.2)",8,2026-01-30T17:34:09,ok
2026-01-30T17:23:36-ed540bb24003,bvh,320,180,10,10,100,118,6,1,0,0,0.035709,0.053042,0.088751,2418.7,2418.79,0,0,5.56384,3462826,1,0,"Apple M1","Darwin 25.2.0","clang 17.0.0 (clang-1700.6.3.2)",8,2026-01-30T17:34:11,ok
2026-01-30T17:23:36-ed540bb24003,bvh,320,180,10,10,100,118,6,1,0,0,0.017125,0.03825,0.055375,2253.43,2253.48,0,0,5.56384,3458675,0,1,"Apple M1","Darwin 25.2.0","clang 17.0.0 (clang-1700.6.3.2)",8,2026-01-30T17:34:13,ok
2026-01-30T17:23:36-ed540bb24003,bvh,320,180,10,10,100,118,6,1,0,0,0.011875,0.030334,0.042209,2277.27,2277.31,0,0,5.56384,3464653,0,2,"Apple M1","Darwin 25.2.0","clang 17.0.0 (clang-1700.6.3.2)",8,2026-01-30T17:34:16,ok
2026-01-30T17:23:36-ed540bb24003,bvh,320,180,10,10,100,118,6,1,0,0,0.0115,0.036916,0.048416,2117.31,2117.36,0,0,5.56384,3457447,0,3,"Apple M1","Darwin 25.2.0","clang 17.0.0 (clang-1700.6.3.2)",8,2026-01-30T17:34:18,ok
2026-01-30T17:23:36-ed540bb24003,bvh-mt,320,180,10,10,100,118,6,1,1,0,0.019167,0.040167,0.059334,664.484,664.544,0.079625,0,5.56384,3463116,1,0,"Apple M1","Darwin 25.2.0","clang 17.0.0 (clang-1700.6.3.2)",8,2026-01-30T17:34:18,ok
2026-01-30T17:23:36-ed540bb24003,bvh-mt,320,180,10,10,100,118,6,1,1,0,0.012458,0.035875,0.048333,616.308,616.356,0.049084,0,5.56384,3459661,0,1,"Apple M1","Darwin 25.2.0","clang 17.0.0 (clang-1700.6.3.2)",8,2026-01-30T17:34:19,ok
2026-01-30T17:23:36-ed540bb24003,bvh-mt,320,180,10,10,100,118,6,1,1,0,0.012,0.049417,0.061417,580.148,580.209,0.045333,0,5.56384,3464801,0,2,"Apple M1","Darwin 25.2.0","clang 17.0.0 (clang-1700.6.3.2)",8,2026-01-30T17:34:20,ok
2026-01-30T17:23:36-ed540bb24003,bvh-mt,320,180,10,10,100,118,6,1,1,0,0.011875,0.040833,0.052708,671.422,671.474,0.048042,0,5.56384,3461929,0,3,"Apple M1","Darwin 25.2.0","clang 17.0.0 (clang-1700.6.3.2)",8,2026-01-30T17:34:20,ok
2026-01-30T17:23:36-ed540bb24003,gpu,320,180,10,10,100,118,0,0,0,1,0.011833,0,0.011833,229.402,229.414,0,226.644,5.82947,576000,1,0,"Apple M1","Darwin 25.2.0","clang 17.0.0 (clang-1700.6.3.2)",8,2026-01-30T17:34:21,ok
2026-01-30T17:23:36-ed540bb24003,gpu,320,180,10,10,100,118,0,0,0,1,0.03925,0,0.03925,213.919,213.958,0,210.172,6.09509,576000,0,1,"Apple M1","Darwin 25.2.0","clang 17.0.0 (clang-1700.6.3.2)",8,2026-01-30T17:34:21,ok
2026-01-30T17:23:36-ed540bb24003,gpu,320,180,10,10,100,118,0,0,0,1,0.0575,0,0.0575,218.673,218.731,0,214.225,6.09509,576000,0,2,"Apple M1","Darwin 25.2.0","clang 17.0.0 (clang-1700.6.3.2)",8,2026-01-30T17:34:21,ok
2026-01-30T17:23:36-ed540bb24003,gpu,320,180,10,10,100,118,0,0,0,1,0.047917,0,0.047917,216.935,216.983,0,210.287,6.09509,576000,0,3,"Apple M1","Darwin 25.2.0","clang 17.0.0 (clang-1700.6.3.2)",8,2026-01-30T17:34:21,ok
2026-01-30T17:23:36-ed540bb24003,original,320,180,10,10,100,118,7,0,0,0,0.034333,0,0.034333,6870.16,6870.19,0,0,5.82947,3458108,1,0,"Apple M1","Darwin 25.2.0","clang 17.0.0 (clang-1700.6.3.2)",8,2026-01-30T17:34:28,ok
2026-01-30T17:23:36-ed540bb24003,original,320,180,10,10,100,118,7,0,0,0,0.05925,0,0.05925,6718.26,6718.32,0,0,5.82947,3469643,0,1,"Apple M1","Darwin 25.2.0","clang 17.0.0 (clang-1700.6.3.2)",8,2026-01-30T17:34:35,ok
2026-01-30T17:23:36-ed540bb24003,original,320,180,10,10,100,118,7,0,0,0,0.012334,0,0.012334,6744.75,6744.76,0,0,5.73572,3465368,0,2,"Apple M1","Darwin 25.2.0","clang 17.0.0 (clang-1700.6.3.2)",8,2026-01-30T17:34:42,ok
2026-01-30T17:23:36-ed540bb24003,original,320,180,10,10,100,118,7,0,0,0,0.016584,0,0.016584,6713.8,6713.82,0,0,5.73572,3461193,0,3,"Apple M1","Darwin 25.2.0","clang 17.0.0 (clang-1700.6.3.2)",8,2026-01-30T17:34:48,ok
2026-01-30T17:23:36-ed540bb24003,bvh,320,180,10,10,100,118,7,1,0,0,0.030125,0.079042,0.109167,1964.25,1964.36,0,0,5.47009,3462582,1,0,"Apple M1","Darwin 25.2.0","clang 17.0.0 (clang-1700.6.3.2)",8,2026-01-30T17:34:50,ok
2026-01-30T17:23:36-ed540bb24003,bvh,320,180,10,10,100,118,7,1,0,0,0.013042,0.042041,0.055083,2141.86,2141.92,0,0,5.47009,3460883,0,1,"Apple M1","Darwin 25.2.0","clang 17.0.0 (clang-1700.6.3.2)",8,2026-01-30T17:34:52,ok
2026-01-30T17:23:36-ed540bb24003,bvh,320,180,10,10,100,118,7,1,0,0,0.0135,0.03425,0.04775,2469.92,2469.97,0,0,5.47009,3462245,0,2,"Apple M1","Darwin 25.2.0","clang 17.0.0 (clang-1700.6.3.2)",8,2026-01-30T17:34:55,ok
2026-01-30T17:23:36-ed540bb24003,bvh,320,180,10,10,100,118,7,1,0,0,0.020792,0.040125,0.060917,1983.35,1983.41,0,0,5.47009,3462338,0,3,"Apple M1","Darwin 25.2.0","clang 17.0.0 (clang-1700.6.3.2)",8,2026-01-30T17:34:57,ok
2026-01-30T17:23:36-ed540bb24003,bvh-mt,320,180,10,10,100,118,7,1,1,0,0.013125,0.044542,0.057667,637.095,637.153,0.07975,0,5.47009,3462651,1,0,"Apple M1","Darwin 25.2.0","clang 17.0.0 (clang-1700.6.3.2)",8,2026-01-30T17:34:57,ok
2026-01-30T17:23:36-ed540bb24003,bvh-mt,320,180,10,10,100,118,7,1,1,0,0.012041,0.048334,0.060375,610.223,610.283,0.064375,0,5.47009,3465447,0,1,"Apple M1","Darwin 25.2.0","clang 17.0.0 (clang-1700.6.3.2)",8,2026-01-30T17:34:58,ok
2026-01-30T17:23:36-ed540bb24003,bvh-mt,320,180,10,10,100,118,7,1,1,0,0.011542,0.047125,0.058667,548.009,548.068,0.055541,0,5.47009,3466612,0,2,"Apple M1","Darwin 25.2.0","clang 17.0.0 (clang-1700.6.3.2)",8,2026-01-30T17:34:59,ok
2026-01-30T17:23:36-ed540bb24003,bvh-mt,320,180,10,10,100,118,7,1,1,0,0.012708,0.049125,0.061833,579.666,579.728,0.066083,0,5.47009,3461877,0,3,"Apple M1","Darwin 25.2.0","clang 17.0.0 (clang-1700.6.3.2)",8,2026-01-30T17:34:59,ok
2026-01-30T17:23:36-ed540bb24003,gpu,320,180,10,10,100,118,0,0,0,1,0.0115,0,0.0115,228.17,228.181,0,225.35,5.82947,576000,1,0,"Apple M1","Darwin 25.2.0","clang 17.0.0 (clang-1700.6.3.2)",8,2026-01-30T17:34:59,ok
2026-01-30T17:23:36-ed540bb24003,gpu,320,180,10,10,100,118,0,0,0,1,0.058333,0,0.058333,214.355,214.413,0,210.308,6.09509,576000,0,1,"Apple M1","Darwin 25.2.0","clang 17.0.0 (clang-1700.6.3.2)",8,2026-01-30T17:35:00,ok
2026-01-30T17:23:36-ed540bb24003,gpu,320,180,10,10,100,118,0,0,0,1,0.027875,0,0.027875,224.529,224.556,0,222.02,6.09509,576000,0,2,"Apple M1","Darwin 25.2.0","clang 17.0.0 (clang-1700.6.3.2)",8,2026-01-30T17:35:00,ok
2026-01-30T17:23:36-ed540bb24003,gpu,320,180,10,10,100,118,0,0,0,1,0.02025,0,0.02025,215.345,215.365,0,213.152,6.09509,576000,0,3,"Apple M1","Darwin 25.2.0","clang 17.0.0 (clang-1700.6.3.2)",8,2026-01-30T17:35:00,ok
2026-01-30T17:23:36-ed540bb24003,original,320,180,10,10,100,118,8,0,0,0,0.023708,0,0.023708,6756.5,6756.53,0,0,5.82947,3462216,1,0,"Apple M1","Darwin 25.2.0","clang 17.0.0 (clang-1700.6.3.2)",8,2026-01-30T17:35:07,ok
2026-01-30T17:23:36-ed540bb24003,original,320,180,10,10,100,118,8,0,0,0,0.06025,0,0.06025,6760.01,6760.07,0,0,5.82947,3460730,0,1,"Apple M1","Darwin 25.2.0","clang 17.0.0 (clang-1700.6.3.2)",8,2026-01-30T17:35:14,ok
2026-01-30T17:23:36-ed540bb24003,original,320,180,10,10,100,118,8,0,0,0,0.016125,0,0.016125,6726.55,6726.56,0,0,5.73572,3462193,0,2,"Apple M1","Darwin 25.2.0","clang 17.0.0 (clang-1700.6.3.2)",8,2026-01-30T17:35:20,ok
2026-01-30T17:23:36-ed540bb24003,original,320,180,10,10,100,118,8,0,0,0,0.037333,0,0.037333,6707.41,6707.44,0,0,5.73572,3464544,0,3,"Apple M1","Darwin 25.2.0","clang 17.0.0 (clang-1700.6.3.2)",8,2026-01-30T17:35:27,ok
2026-01-30T17:23:36-ed540bb24003,bvh,320,180,10,10,100,118,8,1,0,0,0.015,0.065958,0.080958,1881,1881.08,0,0,5.47009,3462969,1,0,"Apple M1","Darwin 25.2.0","clang 17.0.0 (clang-1700.6.3.2)",8,2026-01-30T17:35:29,ok
2026-01-30T17:23:36-ed540bb24003,bvh,320,180,10,10,100,118,8,1,0,0,0.030458,0.046209,0.076667,2038.33,2038.4,0,0,5.47009,3464016,0,1,"Apple M1","Darwin 25.2.0","clang 17.0.0 (clang-1700.6.3.2)",8,2026-01-30T17:35:31,ok
2026-01-30T17:23:36-ed540bb24003,bvh,320,180,10,10,100,118,8,1,0,0,0.012625,0.044042,0.056667,1959.44,1959.49,0,0,5.47009,3465067,0,2,"Apple M1","Darwin 25.2.0","clang 17.0.0 (clang-1700.6.3.2)",8,2026-01-30T17:35:33,ok
2026-01-30T17:23:36-ed540bb24003,bvh,320,180,10,10,100,118,8,1,0,0,0.016333,0.035959,0.052292,2210.8,2210.86,0,0,5.47009,3464035,0,3,"Apple M1","Darwin 25.2.0","clang 17.0.0 (clang-1700.6.3.2)",8,2026-01-30T17:35:35,ok
2026-01-30T17:23:36-ed540bb24003,bvh-mt,320,180,10,10,100,118,8,1,1,0,0.014667,0.036541,0.051208,675.15,675.202,0.122875,0,5.47009,3464977,1,0,"Apple M1","Darwin 25.2.0","clang 17.0.0 (clang-1700.6.3.2)",8,2026-01-30T17:35:36,ok
2026-01-30T17:23:36-ed540bb24003,bvh-mt,320,180,10,10,100,118,8,1,1,0,0.013709,0.037917,0.051626,622.201,622.253,0.06025,0,5.47009,3459850,0,1,"Apple M1","Darwin 25.2.0","clang 17.0.0 (clang-1700.6.3.2)",8,2026-01-30T17:35:36,ok
2026-01-30T17:23:36-ed540bb24003,bvh-mt,320,180,10,10,100,118,8,1,1,0,0.011125,0.035125,0.04625,706.254,706.3,0.060167,0,5.47009,3470252,0,2,"Apple M1","Darwin 25.2.0","clang 17.0.0 (clang-1700.6.3.2)",8,2026-01-30T17:35:37,ok
2026-01-30T17:23:36-ed540bb24003,bvh-mt,320,180,10,10,100,118,8,1,1,0,0.018542,0.03425,0.052792,637.817,637.87,0.066042,0,5.47009,3457188,0,3,"Apple M1","Darwin 25.2.0","clang 17.0.0 (clang-1700.6.3.2)",8,2026-01-30T17:35:38,ok
2026-01-30T17:23:36-ed540bb24003,gpu,320,180,10,10,100,118,0,0,0,1,0.0115,0,0.0115,227.689,227.7,0,224.927,5.82947,576000,1,0,"Apple M1","Darwin 25.2.0","clang 17.0.0 (clang-1700.6.3.2)",8,2026-01-30T17:35:38,ok
2026-01-30T17:23:36-ed540bb24003,gpu,320,180,10,10,100,118,0,0,0,1,0.061958,0,0.061958,213.786,213.848,0,209.561,6.09509,576000,0,1,"Apple M1","Darwin 25.2.0","clang 17.0.0 (clang-1700.6.3.2)",8,2026-01-30T17:35:38,ok
2026-01-30T17:23:36-ed540bb24003,gpu,320,180,10,10,100,118,0,0,0,1,0.036834,0,0.036834,219.091,219.128,0,215.029,6.09509,576000,0,2,"Apple M1","Darwin 25.2.0","clang 17.0.0 (clang-1700.6.3.2)",8,2026-01-30T17:35:38,ok
2026-01-30T17:23:36-ed540bb24003,gpu,320,180,10,10,100,118,0,0,0,1,0.05875,0,0.05875,219.375,219.434,0,213.792,6.09509,576000,0,3,"Apple M1","Darwin 25.2.0","clang 17.0.0 (clang-1700.6.3.2)",8,2026-01-30T17:35:39,ok
2026-01-30T17:23:36-ed540bb24003,original,320,180,10,20,0,18,1,0,0,0,0.039667,0,0.039667,4714.71,4714.74,0,0,5.82947,4313742,1,0,"Apple M1","Darwin 25.2.0","clang 17.0.0 (clang-1700.6.3.2)",8,2026-01-30T17:35:43,ok
2026-01-30T17:23:36-ed540bb24003,original,320,180,10,20,0,18,1,0,0,0,0.025958,0,0.025958,4778.77,4778.79,0,0,5.82947,4320707,0,1,"Apple M1","Darwin 25.2.0","clang 17.0.0 (clang-1700.6.3.2)",8,2026-01-30T17:35:48,ok
2026-01-30T17:23:36-ed540bb24003,original,320,180,10,20,0,18,1,0,0,0,0.01975,0,0.01975,4644.73,4644.75,0,0,5.73572,4310681,0,2,"Apple M1","Darwin 25.2.0","clang 17.0.0 (clang-1700.6.3.2)",8,2026-01-30T17:35:53,ok
2026-01-30T17:23:36-ed540bb24003,original,320,180,10,20,0,18,1,0,0,0,0.008792,0,0.008792,4653.64,4653.65,0,0,5.73572,4315362,0,3,"Apple M1","Darwin 25.2.0","clang 17.0.0 (clang-1700.6.3.2)",8,2026-01-30T17:35:57,ok
2026-01-30T17:23:36-ed540bb24003,bvh,320,180,10,20,0,18,1,1,0,0,0.013208,0.01925,0.032458,1924.69,1924.72,0,0,5.47009,4312939,1,0,"Apple M1","Darwin 25.2.0","clang 17.0.0 (clang-1700.6.3.2)",8,2026-01-30T17:35:59,ok
2026-01-30T17:23:36-ed540bb24003,bvh,320,180,10,20,0,18,1,1,0,0,0.018,0.004667,0.022667,1755.21,1755.23,0,0,5.47009,4315189,0,1,"Apple M1","Darwin 25.2.0","clang 17.0.0 (clang-1700.6.3.2)",8,2026-01-30T17:36:01,ok
2026-01-30T17:23:36-ed540bb24003,bvh,320,180,10,20,0,18,1,1,0,0,0.0075,0.004708,0.012208,2228.22,2228.23,0,0,5.47009,4319642,0,2,"Apple M1","Darwin 25.2.0","clang 17.0.0 (clang-1700.6.3.2)",8,2026-01-30T17:36:03,ok
2026-01-30T17:23:36-ed540bb24003,bvh,320,180,10,20,0,18,1,1,0,0,0.00975,0.00525,0.015,1951.52,1951.53,0,0,5.47009,4313705,0,3,"Apple M1","Darwin 25.2.0","clang 17.0.0 (clang-1700.6.3.2)",8,2026-01-30T17:36:05,ok
2026-01-30T17:23:36-ed540bb24003,bvh-mt,320,180,10,20,0,18,1,1,1,0,0.008583,0.005,0.013583,2025.84,2025.85,0,0,5.47009,4322517,1,0,"Apple M1","Darwin 25.2.0","clang 17.0.0 (clang-1700.6.3.2)",8,2026-01-30T17:36:07,ok
2026-01-30T17:23:36-ed540bb24003,bvh-mt,320,180,10,20,0,18,1,1,1,0,0.023875,0.01475,0.038625,1891.09,1891.13,0,0,5.47009,4307336,0,1,"Apple M1","Darwin 25.2.0","clang 17.0.0 (clang-1700.6.3.2)",8,2026-01-30T17:36:09,ok
2026-01-30T17:23:36-ed540bb24003,bvh-mt,320,180,10,20,0,18,1,1,1,0,0.012583,0.005083,0.017666,1684.3,1684.32,0,0,5.47009,4311159,0,2,"Apple M1","Darwin 25.2.0","clang 17.0.0 (clang-1700.6.3.2)",8,2026-01-30T17:36:11,ok
2026-01-30T17:23:36-ed540bb24003,bvh-mt,320,180,10,20,0,18,1,1,1,0,0.011541,0.005542,0.017083,1850.89,1850.91,0,0,5.47009,4310738,0,3,"Apple M1","Darwin 25.2.0","clang 17.0.0 (clang-1700.6.3.2)",8,2026-01-30T17:36:13,ok
2026-01-30T17:23:36-ed540bb24003,gpu,320,180,10,20,0,18,0,0,0,1,0.009875,0,0.009875,224.569,224.579,0,222.149,5.82947,576000,1,0,"Apple M1","Darwin 25.2.0","clang 17.0.0 (clang-1700.6.3.2)",8,2026-01-30T17:36:13,ok
2026-01-30T17:23:36-ed540bb24003,gpu,320,180,10,20,0,18,0,0,0,1,0.018417,0,0.018417,210.619,210.637,0,207.58,5.82947,576000,0,1,"Apple M1","Darwin 25.2.0","clang 17.0.0 (clang-1700.6.3.2)",8,2026-01-30T17:36:13,ok
2026-01-30T17:23:36-ed540bb24003,gpu,320,180,10,20,0,18,0,0,0,1,0.028375,0,0.028375,217.011,217.039,0,212.252,6.09509,576000,0,2,"Apple M1","Darwin 25.2.0","clang 17.0.0 (clang-1700.6.3.2)",8,2026-01-30T17:36:13,ok
2026-01-30T17:23:36-ed540bb24003,gpu,320,180,10,20,0,18,0,0,0,1,0.03725,0,0.03725,212.621,212.658,0,208.631,6.09509,576000,0,3,"Apple M1","Darwin 25.2.0","clang 17.0.0 (clang-1700.6.3.2)",8,2026-01-30T17:36:14,ok
2026-01-30T17:23:36-ed540bb24003,original,320,180,10,20,0,18,2,0,0,0,0.018541,0,0.018541,4710.73,4710.75,0,0,5.82947,4328148,1,0,"Apple M1","Darwin 25.2.0","clang 17.0.0 (clang-1700.6.3.2)",8,2026-01-30T17:36:18,ok
2026-01-30T17:23:36-ed540bb24003,original,320,180,10,20,0,18,2,0,0,0,0.013,0,0.013,4633.21,4633.22,0,0,5.82947,4316199,0,1,"Apple M1","Darwin 25.2.0","clang 17.0.0 (clang-1700.6.3.2)",8,2026-01-30T17:36:23,ok
2026-01-30T17:23:36-ed540bb24003,original,320,180,10,20,0,18,2,0,0,0,0.022958,0,0.022958,4667.17,4667.19,0,0,5.82947,4320111,0,2,"Apple M1","Darwin 25.2.0","clang 17.0.0 (clang-1700.6.3.2)",8,2026-01-30T17:36:28,ok
2026-01-30T17:23:36-ed540bb24003,original,320,180,10,20,0,18,2,0,0,0,0.00825,0,0.00825,4635.9,4635.91,0,0,5.73572,4321004,0,3,"Apple M1","Darwin 25.2.0","clang 17.0.0 (clang-1700.6.3.2)",8,2026-01-30T17:36:32,ok
2026-01-30T17:23:36-ed540bb24003,bvh,320,180,10,20,0,18,2,1,0,0,0.019166,0.023208,0.042374,1845.28,1845.33,0,0,5.73572,4315177,1,0,"Apple M1","Darwin 25.2.0","clang 17.0.0 (clang-1700.6.3.2)",8,2026-01-30T17:36:34,ok
2026-01-30T17:23:36-ed540bb24003,bvh,320,180,10,20,0,18,2,1,0,0,0.008667,0.004959,0.013626,2180.03,2180.04,0,0,5.73572,4320179,0,1,"Apple M1","Darwin 25.2.0","clang 17.0.0 (clang-1700.6.3.2)",8,2026-01-30T17:36:36,ok
2026-01-30T17:23:36-ed540bb24003,bvh,320,180,10,20,0,18,2,1,0,0,0.009,0.004791,0.013791,1844.68,1844.7,0,0,5.73572,4322522,0,2,"Apple M1","Darwin 25.2.0","clang 17.0.0 (clang-1700.6.3.2)",8,2026-01-30T17:36:38,ok
2026-01-30T17:23:36-ed540bb24003,bvh,320,180,10,20,0,18,2,1,0,0,0.011333,0.006292,0.017625,2016.1,2016.12,0,0,5.47009,4322939,0,3,"Apple M1","Darwin 25.2.0","clang 17.0.0 (clang-1700.6.3.2)",8,2026-01-30T17:36:40,ok
2026-01-30T17:23:36-ed540bb24003,bvh-mt,320,180,10,20,0,18,2,1,1,0,0.009125,0.005083,0.014208,1112.15,1112.16,0.085792,0,5.47009,4310274,1,0,"Apple M1","Darwin 25.2.0","clang 17.0.0 (clang-1700.6.3.2)",8,2026-01-30T17:36:41,ok
2026-01-30T17:23:36-ed540bb24003,bvh-mt,320,180,10,20,0,18,2,1,1,0,0.009666,0.004917,0.014583,916.238,916.253,0.022083,0,5.47009,4316356,0,1,"Apple M1","Darwin 25.2.0","clang 17.0.0 (clang-1700.6.3.2)",8,2026-01-30T17:36:42,ok
2026-01-30T17:23:36-ed540bb24003,bvh-mt,320,180,10,20,0,18,2,1,1,0,0.008417,0.005084,0.013501,976.329,976.342,0.018292,0,5.47009,4317305,0,2,"Apple M1","Darwin 25.2.0","clang 17.0.0 (clang-1700.6.3.2)",8,2026-01-30T17:36:43,ok
2026-01-30T17:23:36-ed540bb24003,bvh-mt,320,180,10,20,0,18,2,1,1,0,0.007834,0.005041,0.012875,945.212,945.225,0.022875,0,5.47009,4314542,0,3,"Apple M1","Darwin 25.2.0","clang 17.0.0 (clang-1700.6.3.2)",8,2026-01-30T17:36:44,ok
2026-01-30T17:23:36-ed540bb24003,gpu,320,180,10,20,0,18,0,0,0,1,0.007666,0,0.007666,223.711,223.719,0,220.201,5.82947,576000,1,0,"Apple M1","Darwin 25.2.0","clang 17.0.0 (clang-1700.6.3.2)",8,2026-01-30T17:36:44,ok
2026-01-30T17:23:36-ed540bb24003,gpu,320,180,10,20,0,18,0,0,0,1,0.022792,0,0.022792,212.116,212.139,0,208.399,6.09509,576000,0,1,"Apple M1","Darwin 25.2.0","clang 17.0.0 (clang-1700.6.3.2)",8,2026-01-30T17:36:45,ok
2026-01-30T17:23:36-ed540bb24003,gpu,320,180,10,20,0,18,0,0,0,1,0.032917,0,0.032917,216.65,216.683,0,211.969,6.09509,576000,0,2,"Apple M1","Darwin 25.2.0","clang 17.0.0 (clang-1700.6.3.2)",8,2026-01-30T17:36:45,ok
2026-01-30T17:23:36-ed540bb24003,gpu,320,180,10,20,0,18,0,0,0,1,0.033167,0,0.033167,213.108,213.141,0,208.816,6.09509,576000,0,3,"Apple M1","Darwin 25.2.0","clang 17.0.0 (clang-1700.6.3.2)",8,2026-01-30T17:36:45,ok
2026-01-30T17:23:36-ed540bb24003,original,320,180,10,20,0,18,3,0,0,0,0.027125,0,0.027125,4713.55,4713.58,0,0,5.82947,4317647,1,0,"Apple M1","Darwin 25.2.0","clang 17.0.0 (clang-1700.6.3.2)",8,2026-01-30T17:36:50,ok
2026-01-30T17:23:36-ed540bb24003,original,320,180,10,20,0,18,3,0,0,0,0.021875,0,0.021875,4722.93,4722.95,0,0,5.82947,4326201,0,1,"Apple M1","Darwin 25.2.0","clang 17.0.0 (clang-1700.6.3.2)",8,2026-01-30T17:36:54,ok
2026-01-30T17:23:36-ed540bb24003,original,320,180,10,20,0,18,3,0,0,0,0.021583,0,0.021583,4652.49,4652.51,0,0,5.82947,4311744,0,2,"Apple M1","Darwin 25.2.0","clang 17.0.0 (clang-1700.6.3.2)",8,2026-01-30T17:36:59,ok
2026-01-30T17:23:36-ed540bb24003,original,320,180,10,20,0,18,3,0,0,0,0.008833,0,0.008833,4630.64,4630.65,0,0,5.73572,4315265,0,3,"Apple M1","Darwin 25.2.0","clang 17.0.0 (clang-1700.6.3.2)",8,2026-01-30T17:37:04,ok
2026-01-30T17:23:36-ed540bb24003,bvh,320,180,10,20,0,18,3,1,0,0,0.010292,0.018291,0.028583,1885.83,1885.86,0,0,5.73572,4312612,1,0,"Apple M1","Darwin 25.2.0","clang 17.0.0 (clang-1700.6.3.2)",8,2026-01-30T17:37:06,ok
2026-01-30T17:23:36-ed540bb24003,bvh,320,180,10,20,0,18,3,1,0,0,0.013667,0.005417,0.019084,1825.01,1825.03,0,0,5.73572,4308112,0,1,"Apple M1","Darwin 25.2.0","clang 17.0.0 (clang-1700.6.3.2)",8,2026-01-30T17:37:07,ok
2026-01-30T17:23:36-ed540bb24003,bvh,320,180,10,20,0,18,3,1,0,0,0.061291,0.004584,0.065875,1685.17,1685.24,0,0,5.73572,4320002,0,2,"Apple M1","Darwin 25.2.0","clang 17.0.0 (clang-1700.6.3.2)",8,2026-01-30T17:37:09,ok
2026-01-30T17:23:36-ed540bb24003,bvh,320,180,10,20,0,18,3,1,0,0,0.008375,0.004917,0.013292,1796.16,1796.18,0,0,5.47009,4314518,0,3,"Apple M1","Darwin 25.2.0","clang 17.0.0 (clang-1700.6.3.2)",8,2026-01-30T17:37:11,ok
2026-01-30T17:23:36-ed540bb24003,bvh-mt,320,180,10,20,0,18,3,1,1,0,0.00925,0.005333,0.014583,801.75,801.765,0.06725,0,5.47009,4322038,1,0,"Apple M1","Darwin 25.2.0","clang 17.0.0 (clang-1700.6.3.2)",8,2026-01-30T17:37:12,ok
2026-01-30T17:23:36-ed540bb24003,bvh-mt,320,180,10,20,0,18,3,1,1,0,0.00925,0.009708,0.018958,818.456,818.474,0.035167,0,5.47009,4312140,0,1,"Apple M1","Darwin 25.2.0","clang 17.0.0 (clang-1700.6.3.2)",8,2026-01-30T17:37:12,ok
2026-01-30T17:23:36-ed540bb24003,bvh-mt,320,180,10,20,0,18,3,1,1,0,0.012125,0.006083,0.018208,809.814,809.832,0.042541,0,5.47009,4310868,0,2,"Apple M1","Darwin 25.2.0","clang 17.0.0 (clang-1700.6.3.2)",8,2026-01-30T17:37:13,ok
2026-01-30T17:23:36-ed540bb24003,bvh-mt,320,180,10,20,0,18,3,1,1,0,0.009125,0.005292,0.014417,952.57,952.584,0.036458,0,5.47009,4320012,0,3,"Apple M1","Darwin 25.2.0","clang 17.0.0 (clang-1700.6.3.2)",8,2026-01-30T17:37:14,ok
2026-01-30T17:23:36-ed540bb24003,gpu,320,180,10,20,0,18,0,0,0,1,0.007916,0,0.007916,224.472,224.48,0,222.275,5.82947,576000,1,0,"Apple M1","Darwin 25.2.0","clang 17.0.0 (clang-1700.6.3.2)",8,2026-01-30T17:37:14,ok
2026-01-30T17:23:36-ed540bb24003,gpu,320,180,10,20,0,18,0,0,0,1,0.018833,0,0.018833,211.67,211.689,0,208.669,6.09509,576000,0,1,"Apple M1","Darwin 25.2.0","clang 17.0.0 (clang-1700.6.3.2)",8,2026-01-30T17:37:15,ok
2026-01-30T17:23:36-ed540bb24003,gpu,320,180,10,20,0,18,0,0,0,1,0.033458,0,0.033458,219.584,219.617,0,215.007,6.09509,576000,0,2,"Apple M1","Darwin 25.2.0","clang 17.0.0 (clang-1700.6.3.2)",8,2026-01-30T17:37:15,ok
2026-01-30T17:23:36-ed540bb24003,gpu,320,180,10,20,0,18,0,0,0,1,0.02575,0,0.02575,211.724,211.75,0,208.055,6.09509,576000,0,3,"Apple M1","Darwin 25.2.0","clang 17.0.0 (clang-1700.6.3.2)",8,2026-01-30T17:37:15,ok
2026-01-30T17:23:36-ed540bb24003,original,320,180,10,20,0,18,4,0,0,0,0.041291,0,0.041291,4699.46,4699.5,0,0,5.82947,4315345,1,0,"Apple M1","Darwin 25.2.0","clang 17.0.0 (clang-1700.6.3.2)",8,2026-01-30T17:37:20,ok
2026-01-30T17:23:36-ed540bb24003,original,320,180,10,20,0,18,4,0,0,0,0.031125,0,0.031125,4617.06,4617.09,0,0,5.82947,4310667,0,1,"Apple M1","Darwin 25.2.0","clang 17.0.0 (clang-1700.6.3.2)",8,2026-01-30T17:37:24,ok
2026-01-30T17:23:36-ed540bb24003,original,320,180,10,20,0,18,4,0,0,0,0.008,0,0.008,4667.85,4667.86,0,0,5.82947,4308175,0,2,"Apple M1","Darwin 25.2.0","clang 17.0.0 (clang-1700.6.3.2)",8,2026-01-30T17:37:29,ok
2026-01-30T17:23:36-ed540bb24003,original,320,180,10,20,0,18,4,0,0,0,0.024125,0,0.024125,4644.36,4644.38,0,0,5.73572,4313137,0,3,"Apple M1","Darwin 25.2.0","clang 17.0.0 (clang-1700.6.3.2)",8,2026-01-30T17:37:34,ok
2026-01-30T17:23:36-ed540bb24003,bvh,320,180,10,20,0,18,4,1,0,0,0.0135,0.026375,0.039875,1987.59,1987.63,0,0,5.73572,4312528,1,0,"Apple M1","Darwin 25.2.0","clang 17.0.0 (clang-1700.6.3.2)",8,2026-01-30T17:37:36,ok
2026-01-30T17:23:36-ed540bb24003,bvh,320,180,10,20,0,18,4,1,0,0,0.012417,0.004542,0.016959,1680.22,1680.23,0,0,5.73572,4321208,0,1,"Apple M1","Darwin 25.2.0","clang 17.0.0 (clang-1700.6.3.2)",8,2026-01-30T17:37:37,ok
2026-01-30T17:23:36-ed540bb24003,bvh,320,180,10,20,0,18,4,1,0,0,0.019416,0.006209,0.025625,1850.38,1850.41,0,0,5.73572,4312882,0,2,"Apple M1","Darwin 25.2.0","clang 17.0.0 (clang-1700.6.3.2)",8,2026-01-30T17:37:39,ok
2026-01-30T17:23:36-ed540bb24003,bvh,320,180,10,20,0,18,4,1,0,0,0.007583,0.004958,0.012541,1709.3,1709.31,0,0,5.47009,4314803,0,3,"Apple M1","Darwin 25.2.0","clang 17.0.0 (clang-1700.6.3.2)",8,2026-01-30T17:37:41,ok
2026-01-30T17:23:36-ed540bb24003,bvh-mt,320,180,10,20,0,18,4,1,1,0,0.01225,0.008875,0.021125,619.386,619.407,0.074333,0,5.47009,4319132,1,0,"Apple M1","Darwin 25.2.0","clang 17.0.0 (clang-1700.6.3.2)",8,2026-01-30T17:37:42,ok
2026-01-30T17:23:36-ed540bb24003,bvh-mt,320,180,10,20,0,18,4,1,1,0,0.013416,0.00475,0.018166,612.349,612.367,0.041916,0,5.47009,4298506,0,1,"Apple M1","Darwin 25.2.0","clang 17.0.0 (clang-1700.6.3.2)",8,2026-01-30T17:37:42,ok
2026-01-30T17:23:36-ed540bb24003,bvh-mt,320,180,10,20,0,18,4,1,1,0,0.007625,0.004916,0.012541,644.66,644.672,0.040333,0,5.47009,4319594,0,2,"Apple M1","Darwin 25.2.0","clang 17.0.0 (clang-1700.6.3.2)",8,2026-01-30T17:37:43,ok
2026-01-30T17:23:36-ed540bb24003,bvh-mt,320,180,10,20,0,18,4,1,1,0,0.013417,0.004875,0.018292,641.176,641.194,0.032791,0,5.47009,4326125,0,3,"Apple M1","Darwin 25.2.0","clang 17.0.0 (clang-1700.6.3.2)",8,2026-01-30T17:37:44,ok
2026-01-30T17:23:36-ed540bb24003,gpu,320,180,10,20,0,18,0,0,0,1,0.013667,0,0.013667,283.556,283.569,0,220.045,5.82947,576000,1,0,"Apple M1","Darwin 25.2.0","clang 17.0.0 (clang-1700.6.3.2)",8,2026-01-30T17:37:44,ok
2026-01-30T17:23:36-ed540bb24003,gpu,320,180,10,20,0,18,0,0,0,1,0.011083,0,0.011083,220.014,220.025,0,217.576,5.82947,576000,0,1,"Apple M1","Darwin 25.2.0","clang 17.0.0 (clang-1700.6.3.2)",8,2026-01-30T17:37:44,ok
2026-01-30T17:23:36-ed540bb24003,gpu,320,180,10,20,0,18,0,0,0,1,0.018291,0,0.018291,215.426,215.444,0,212.641,6.09509,576000,0,2,"Apple M1","Darwin 25.2.0","clang 17.0.0 (clang-1700.6.3.2)",8,2026-01-30T17:37:44,ok
2026-01-30T17:23:36-ed540bb24003,gpu,320,180,10,20,0,18,0,0,0,1,0.009666,0,0.009666,212.019,212.029,0,207.613,6.09509,576000,0,3,"Apple M1","Darwin 25.2.0","clang 17.0.0 (clang-1700.6.3.2)",8,2026-01-30T17:37:44,ok
2026-01-30T17:23:36-ed540bb24003,original,320,180,10,20,0,18,5,0,0,0,0.034917,0,0.034917,4817.4,4817.44,0,0,5.82947,4319185,1,0,"Apple M1","Darwin 25.2.0","clang 17.0.0 (clang-1700.6.3.2)",8,2026-01-30T17:37:49,ok
2026-01-30T17:23:36-ed540bb24003,original,320,180,10,20,0,18,5,0,0,0,0.035791,0,0.035791,4686.85,4686.88,0,0,5.82947,4321431,0,1,"Apple M1","Darwin 25.2.0","clang 17.0.0 (clang-1700.6.3.2)",8,2026-01-30T17:37:54,ok
2026-01-30T17:23:36-ed540bb24003,original,320,180,10,20,0,18,5,0,0,0,0.01575,0,0.01575,4703.98,4704,0,0,5.82947,4318761,0,2,"Apple M1","Darwin 25.2.0","clang 17.0.0 (clang-1700.6.3.2)",8,2026-01-30T17:37:59,ok
2026-01-30T17:23:36-ed540bb24003,original,320,180,10,20,0,18,5,0,0,0,0.015875,0,0.015875,4728.74,4728.75,0,0,5.73572,4312861,0,3,"Apple M1","Darwin 25.2.0","clang 17.0.0 (clang-1700.6.3.2)",8,2026-01-30T17:38:03,ok
2026-01-30T17:23:36-ed540bb24003,bvh,320,180,10,20,0,18,5,1,0,0,0.03725,0.470542,0.507792,1857.72,1858.22,0,0,5.73572,4319330,1,0,"Apple M1","Darwin 25.2.0","clang 17.0.0 (clang-1700.6.3.2)",8,2026-01-30T17:38:05,ok
2026-01-30T17:23:36-ed540bb24003,bvh,320,180,10,20,0,18,5,1,0,0,0.009333,0.005042,0.014375,2279.59,2279.6,0,0,5.73572,4305556,0,1,"Apple M1","Darwin 25.2.0","clang 17.0.0 (clang-1700.6.3.2)",8,2026-01-30T17:38:08,ok
2026-01-30T17:23:36-ed540bb24003,bvh,320,180,10,20,0,18,5,1,0,0,0.012458,0.00625,0.018708,1947.9,1947.92,0,0,5.73572,4322205,0,2,"Apple M1","Darwin 25.2.0","clang 17.0.0 (clang-1700.6.3.2)",8,2026-01-30T17:38:09,ok
2026-01-30T17:23:36-ed540bb24003,bvh,320,180,10,20,0,18,5,1,0,0,0.008209,0.005209,0.013418,1843.51,1843.53,0,0,5.47009,4314692,0,3,"Apple M1","Darwin 25.2.0","clang 17.0.0 (clang-1700.6.3.2)",8,2026-01-30T17:38:11,ok
2026-01-30T17:23:36-ed540bb24003,bvh-mt,320,180,10,20,0,18,5,1,1,0,0.015666,0.008167,0.023833,619.284,619.308,0.236583,0,5.47009,4313938,1,0,"Apple M1","Darwin 25.2.0","clang 17.0.0 (clang-1700.6.3.2)",8,2026-01-30T17:38:12,ok
2026-01-30T17:23:36-ed540bb24003,bvh-mt,320,180,10,20,0,18,5,1,1,0,0.009083,0.005875,0.014958,609.211,609.226,0.041583,0,5.47009,4311760,0,1,"Apple M1","Darwin 25.2.0","clang 17.0.0 (clang-1700.6.3.2)",8,2026-01-30T17:38:13,ok
2026-01-30T17:23:36-ed540bb24003,bvh-mt,320,180,10,20,0,18,5,1,1,0,0.007416,0.005084,0.0125,613.964,613.977,0.038375,0,5.47009,4314398,0,2,"Apple M1","Darwin 25.2.0","clang 17.0.0 (clang-1700.6.3.2)",8,2026-01-30T17:38:13,ok
2026-01-30T17:23:36-ed540bb24003,bvh-mt,320,180,10,20,0,18,5,1,1,0,0.008208,0.005375,0.013583,567.058,567.071,0.038875,0,5.47009,4315697,0,3,"Apple M1","Darwin 25.2.0","clang 17.0.0 (clang-1700.6.3.2)",8,2026-01-30T17:38:14,ok
2026-01-30T17:23:36-ed540bb24003,gpu,320,180,10,20,0,18,0,0,0,1,0.008458,0,0.008458,225.029,225.037,0,222.296,5.82947,576000,1,0,"Apple M1","Darwin 25.2.0","clang 17.0.0 (clang-1700.6.3.2)",8,2026-01-30T17:38:14,ok
2026-01-30T17:23:36-ed540bb24003,gpu,320,180,10,20,0,18,0,0,0,1,0.027083,0,0.027083,211.246,211.273,0,207.591,6.09509,576000,0,1,"Apple M1","Darwin 25.2.0","clang 17.0.0 (clang-1700.6.3.2)",8,2026-01-30T17:38:14,ok
2026-01-30T17:23:36-ed540bb24003,gpu,320,180,10,20,0,18,0,0,0,1,0.019709,0,0.019709,218.453,218.472,0,212.026,6.09509,576000,0,2,"Apple M1","Darwin 25.2.0","clang 17.0.0 (clang-1700.6.3.2)",8,2026-01-30T17:38:14,ok
2026-01-30T17:23:36-ed540bb24003,gpu,320,180,10,20,0,18,0,0,0,1,0.035291,0,0.035291,213.33,213.366,0,208.965,6.09509,576000,0,3,"Apple M1","Darwin 25.2.0","clang 17.0.0 (clang-1700.6.3.2)",8,2026-01-30T17:38:15,ok
2026-01-30T17:23:36-ed540bb24003,original,320,180,10,20,0,18,6,0,0,0,0.019,0,0.019,4696.74,4696.76,0,0,5.82947,4314217,1,0,"Apple M1","Darwin 25.2.0","clang 17.0.0 (clang-1700.6.3.2)",8,2026-01-30T17:38:19,ok
2026-01-30T17:23:36-ed540bb24003,original,320,180,10,20,0,18,6,0,0,0,0.016292,0,0.016292,4637.09,4637.1,0,0,5.82947,4321029,0,1,"Apple M1","Darwin 25.2.0","clang 17.0.0 (clang-1700.6.3.2)",8,2026-01-30T17:38:24,ok
2026-01-30T17:23:36-ed540bb24003,original,320,180,10,20,0,18,6,0,0,0,0.012125,0,0.012125,4654.15,4654.16,0,0,5.82947,4313024,0,2,"Apple M1","Darwin 25.2.0","clang 17.0.0 (clang-1700.6.3.2)",8,2026-01-30T17:38:29,ok
2026-01-30T17:23:36-ed540bb24003,original,320,180,10,20,0,18,6,0,0,0,0.017375,0,0.017375,4626.38,4626.4,0,0,5.73572,4316743,0,3,"Apple M1","Darwin 25.2.0","clang 17.0.0 (clang-1700.6.3.2)",8,2026-01-30T17:38:33,ok
2026-01-30T17:23:36-ed540bb24003,bvh,320,180,10,20,0,18,6,1,0,0,0.012792,0.02425,0.037042,2267.55,2267.58,0,0,5.73572,4314949,1,0,"Apple M1","Darwin 25.2.0","clang 17.0.0 (clang-1700.6.3.2)",8,2026-01-30T17:38:35,ok
2026-01-30T17:23:36-ed540bb24003,bvh,320,180,10,20,0,18,6,1,0,0,0.008875,0.004417,0.013292,1820.18,1820.19,0,0,5.73572,4310128,0,1,"Apple M1","Darwin 25.2.0","clang 17.0.0 (clang-1700.6.3.2)",8,2026-01-30T17:38:37,ok
2026-01-30T17:23:36-ed540bb24003,bvh,320,180,10,20,0,18,6,1,0,0,0.027083,0.006542,0.033625,1879.2,1879.23,0,0,5.73572,4318082,0,2,"Apple M1","Darwin 25.2.0","clang 17.0.0 (clang-1700.6.3.2)",8,2026-01-30T17:38:39,ok
2026-01-30T17:23:36-ed540bb24003,bvh,320,180,10,20,0,18,6,1,0,0,0.008292,0.004833,0.013125,1901.65,1901.67,0,0,5.47009,4307958,0,3,"Apple M1","Darwin 25.2.0","clang 17.0.0 (clang-1700.6.3.2)",8,2026-01-30T17:38:41,ok
2026-01-30T17:23:36-ed540bb24003,bvh-mt,320,180,10,20,0,18,6,1,1,0,0.012166,0.006458,0.018624,608.311,608.33,0.096667,0,5.47009,4321781,1,0,"Apple M1","Darwin 25.2.0","clang 17.0.0 (clang-1700.6.3.2)",8,2026-01-30T17:38:42,ok
2026-01-30T17:23:36-ed540bb24003,bvh-mt,320,180,10,20,0,18,6,1,1,0,0.008667,0.005292,0.013959,585.534,585.548,0.052916,0,5.47009,4304097,0,1,"Apple M1","Darwin 25.2.0","clang 17.0.0 (clang-1700.6.3.2)",8,2026-01-30T17:38:42,ok
2026-01-30T17:23:36-ed540bb24003,bvh-mt,320,180,10,20,0,18,6,1,1,0,0.007333,0.004333,0.011666,543.951,543.963,0.047166,0,5.47009,4312196,0,2,"Apple M1","Darwin 25.2.0","clang 17.0.0 (clang-1700.6.3.2)",8,2026-01-30T17:38:43,ok
2026-01-30T17:23:36-ed540bb24003,bvh-mt,320,180,10,20,0,18,6,1,1,0,0.007417,0.004792,0.012209,617.208,617.22,0.053542,0,5.47009,4316430,0,3,"Apple M1","Darwin 25.2.0","clang 17.0.0 (clang-1700.6.3.2)",8,2026-01-30T17:38:43,ok
2026-01-30T17:23:36-ed540bb24003,gpu,320,180,10,20,0,18,0,0,0,1,0.008833,0,0.008833,221.394,221.402,0,219.011,5.82947,576000,1,0,"Apple M1","Darwin 25.2.0","clang 17.0.0 (clang-1700.6.3.2)",8,2026-01-30T17:38:44,ok
2026-01-30T17:23:36-ed540bb24003,gpu,320,180,10,20,0,18,0,0,0,1,0.011042,0,0.011042,210.951,210.962,0,208.449,5.82947,576000,0,1,"Apple M1","Darwin 25.2.0","clang 17.0.0 (clang-1700.6.3.2)",8,2026-01-30T17:38:44,ok
2026-01-30T17:23:36-ed540bb24003,gpu,320,180,10,20,0,18,0,0,0,1,0.037917,0,0.037917,216.618,216.656,0,211.963,6.09509,576000,0,2,"Apple M1","Darwin 25.2.0","clang 17.0.0 (clang-1700.6.3.2)",8,2026-01-30T17:38:44,ok
2026-01-30T17:23:36-ed540bb24003,gpu,320,180,10,20,0,18,0,0,0,1,0.043166,0,0.043166,212.316,212.359,0,208.256,6.09509,576000,0,3,"Apple M1","Darwin 25.2.0","clang 17.0.0 (clang-1700.6.3.2)",8,2026-01-30T17:38:44,ok
2026-01-30T17:23:36-ed540bb24003,original,320,180,10,20,0,18,7,0,0,0,0.03425,0,0.03425,4694.19,4694.23,0,0,5.82947,4319833,1,0,"Apple M1","Darwin 25.2.0","clang 17.0.0 (clang-1700.6.3.2)",8,2026-01-30T17:38:49,ok
2026-01-30T17:23:36-ed540bb24003,original,320,180,10,20,0,18,7,0,0,0,0.016375,0,0.016375,4623.39,4623.41,0,0,5.82947,4320160,0,1,"Apple M1","Darwin 25.2.0","clang 17.0.0 (clang-1700.6.3.2)",8,2026-01-30T17:38:54,ok
2026-01-30T17:23:36-ed540bb24003,original,320,180,10,20,0,18,7,0,0,0,0.007917,0,0.007917,4639.34,4639.35,0,0,5.82947,4315357,0,2,"Apple M1","Darwin 25.2.0","clang 17.0.0 (clang-1700.6.3.2)",8,2026-01-30T17:38:58,ok
2026-01-30T17:23:36-ed540bb24003,original,320,180,10,20,0,18,7,0,0,0,0.01825,0,0.01825,4641.05,4641.06,0,0,5.73572,4317068,0,3,"Apple M1","Darwin 25.2.0","clang 17.0.0 (clang-1700.6.3.2)",8,2026-01-30T17:39:03,ok
2026-01-30T17:23:36-ed540bb24003,bvh,320,180,10,20,0,18,7,1,0,0,0.021625,0.029292,0.050917,2017.99,2018.04,0,0,5.73572,4322082,1,0,"Apple M1","Darwin 25.2.0","clang 17.0.0 (clang-1700.6.3.2)",8,2026-01-30T17:39:05,ok
2026-01-30T17:23:36-ed540bb24003,bvh,320,180,10,20,0,18,7,1,0,0,0.009333,0.004292,0.013625,1884.23,1884.24,0,0,5.73572,4312541,0,1,"Apple M1","Darwin 25.2.0","clang 17.0.0 (clang-1700.6.3.2)",8,2026-01-30T17:39:07,ok
2026-01-30T17:23:36-ed540bb24003,bvh,320,180,10,20,0,18,7,1,0,0,0.01475,0.006541,0.021291,1708.08,1708.1,0,0,5.73572,4310566,0,2,"Apple M1","Darwin 25.2.0","clang 17.0.0 (clang-1700.6.3.2)",8,2026-01-30T17:39:09,ok
2026-01-30T17:23:36-ed540bb24003,bvh,320,180,10,20,0,18,7,1,0,0,0.010709,0.006708,0.017417,1914.77,1914.78,0,0,5.73572,4317209,0,3,"Apple M1","Darwin 25.2.0","clang 17.0.0 (clang-1700.6.3.2)",8,2026-01-30T17:39:10,ok
2026-01-30T17:23:36-ed540bb24003,bvh-mt,320,180,10,20,0,18,7,1,1,0,0.008333,0.005208,0.013541,600.428,600.442,0.073625,0,5.73572,4320987,1,0,"Apple M1","Darwin 25.2.0","clang 17.0.0 (clang-1700.6.3.2)",8,2026-01-30T17:39:11,ok
2026-01-30T17:23:36-ed540bb24003,bvh-mt,320,180,10,20,0,18,7,1,1,0,0.0085,0.004875,0.013375,563.881,563.895,0.055292,0,5.47009,4320133,0,1,"Apple M1","Darwin 25.2.0","clang 17.0.0 (clang-1700.6.3.2)",8,2026-01-30T17:39:12,ok
2026-01-30T17:23:36-ed540bb24003,bvh-mt,320,180,10,20,0,18,7,1,1,0,0.007291,0.004709,0.012,570.54,570.552,0.066125,0,5.47009,4311463,0,2,"Apple M1","Darwin 25.2.0","clang 17.0.0 (clang-1700.6.3.2)",8,2026-01-30T17:39:12,ok
2026-01-30T17:23:36-ed540bb24003,bvh-mt,320,180,10,20,0,18,7,1,1,0,0.007792,0.004875,0.012667,547.668,547.68,0.059458,0,5.47009,4326329,0,3,"Apple M1","Darwin 25.2.0","clang 17.0.0 (clang-1700.6.3.2)",8,2026-01-30T17:39:13,ok
2026-01-30T17:23:36-ed540bb24003,gpu,320,180,10,20,0,18,0,0,0,1,0.007458,0,0.007458,224.199,224.206,0,219.211,5.82947,576000,1,0,"Apple M1","Darwin 25.2.0","clang 17.0.0 (clang-1700.6.3.2)",8,2026-01-30T17:39:13,ok
2026-01-30T17:23:36-ed540bb24003,gpu,320,180,10,20,0,18,0,0,0,1,0.047667,0,0.047667,211.717,211.765,0,207.992,6.09509,576000,0,1,"Apple M1","Darwin 25.2.0","clang 17.0.0 (clang-1700.6.3.2)",8,2026-01-30T17:39:13,ok
2026-01-30T17:23:36-ed540bb24003,gpu,320,180,10,20,0,18,0,0,0,1,0.022,0,0.022,215.921,215.943,0,212.438,6.09509,576000,0,2,"Apple M1","Darwin 25.2.0","clang 17.0.0 (clang-1700.6.3.2)",8,2026-01-30T17:39:13,ok
2026-01-30T17:23:36-ed540bb24003,gpu,320,180,10,20,0,18,0,0,0,1,0.036333,0,0.036333,213.519,213.555,0,208.979,6.09509,576000,0,3,"Apple M1","Darwin 25.2.0","clang 17.0.0 (clang-1700.6.3.2)",8,2026-01-30T17:39:14,ok
2026-01-30T17:23:36-ed540bb24003,original,320,180,10,20,0,18,8,0,0,0,0.035584,0,0.035584,4678.82,4678.85,0,0,5.82947,4306290,1,0,"Apple M1","Darwin 25.2.0","clang 17.0.0 (clang-1700.6.3.2)",8,2026-01-30T17:39:18,ok
2026-01-30T17:23:36-ed540bb24003,original,320,180,10,20,0,18,8,0,0,0,0.01475,0,0.01475,4630.25,4630.26,0,0,5.82947,4320497,0,1,"Apple M1","Darwin 25.2.0","clang 17.0.0 (clang-1700.6.3.2)",8,2026-01-30T17:39:23,ok
2026-01-30T17:23:36-ed540bb24003,original,320,180,10,20,0,18,8,0,0,0,0.007834,0,0.007834,4641.51,4641.52,0,0,5.82947,4316741,0,2,"Apple M1","Darwin 25.2.0","clang 17.0.0 (clang-1700.6.3.2)",8,2026-01-30T17:39:28,ok
2026-01-30T17:23:36-ed540bb24003,original,320,180,10,20,0,18,8,0,0,0,0.010333,0,0.010333,4632.79,4632.8,0,0,5.73572,4316587,0,3,"Apple M1","Darwin 25.2.0","clang 17.0.0 (clang-1700.6.3.2)",8,2026-01-30T17:39:32,ok
2026-01-30T17:23:36-ed540bb24003,bvh,320,180,10,20,0,18,8,1,0,0,0.013,0.017709,0.030709,1916.16,1916.19,0,0,5.73572,4315092,1,0,"Apple M1","Darwin 25.2.0","clang 17.0.0 (clang-1700.6.3.2)",8,2026-01-30T17:39:34,ok
2026-01-30T17:23:36-ed540bb24003,bvh,320,180,10,20,0,18,8,1,0,0,0.011959,0.005417,0.017376,1864.83,1864.84,0,0,5.73572,4321275,0,1,"Apple M1","Darwin 25.2.0","clang 17.0.0 (clang-1700.6.3.2)",8,2026-01-30T17:39:36,ok
2026-01-30T17:23:36-ed540bb24003,bvh,320,180,10,20,0,18,8,1,0,0,0.009375,0.005417,0.014792,2037.29,2037.31,0,0,5.73572,4319171,0,2,"Apple M1","Darwin 25.2.0","clang 17.0.0 (clang-1700.6.3.2)",8,2026-01-30T17:39:38,ok
2026-01-30T17:23:36-ed540bb24003,bvh,320,180,10,20,0,18,8,1,0,0,0.008917,0.005459,0.014376,1704.9,1704.92,0,0,5.73572,4320105,0,3,"Apple M1","Darwin 25.2.0","clang 17.0.0 (clang-1700.6.3.2)",8,2026-01-30T17:39:40,ok
2026-01-30T17:23:36-ed540bb24003,bvh-mt,320,180,10,20,0,18,8,1,1,0,0.00875,0.005417,0.014167,631.399,631.413,0.093875,0,5.73572,4316547,1,0,"Apple M1","Darwin 25.2.0","clang 17.0.0 (clang-1700.6.3.2)",8,2026-01-30T17:39:40,ok
2026-01-30T17:23:36-ed540bb24003,bvh-mt,320,180,10,20,0,18,8,1,1,0,0.010333,0.006625,0.016958,632.397,632.414,0.069375,0,5.73572,4310610,0,1,"Apple M1","Darwin 25.2.0","clang 17.0.0 (clang-1700.6.3.2)",8,2026-01-30T17:39:41,ok
2026-01-30T17:23:36-ed540bb24003,bvh-mt,320,180,10,20,0,18,8,1,1,0,0.007833,0.006584,0.014417,619.491,619.505,0.056209,0,5.47009,4319446,0,2,"Apple M1","Darwin 25.2.0","clang 17.0.0 (clang-1700.6.3.2)",8,2026-01-30T17:39:42,ok
2026-01-30T17:23:36-ed540bb24003,bvh-mt,320,180,10,20,0,18,8,1,1,0,0.0075,0.004625,0.012125,521.781,521.793,0.068458,0,5.47009,4316648,0,3,"Apple M1","Darwin 25.2.0","clang 17.0.0 (clang-1700.6.3.2)",8,2026-01-30T17:39:42,ok
2026-01-30T17:23:36-ed540bb24003,gpu,320,180,10,20,0,18,0,0,0,1,0.00775,0,0.00775,223.475,223.482,0,220.022,5.82947,576000,1,0,"Apple M1","Darwin 25.2.0","clang 17.0.0 (clang-1700.6.3.2)",8,2026-01-30T17:39:42,ok
2026-01-30T17:23:36-ed540bb24003,gpu,320,180,10,20,0,18,0,0,0,1,0.025542,0,0.025542,211.214,211.239,0,207.606,6.09509,576000,0,1,"Apple M1","Darwin 25.2.0","clang 17.0.0 (clang-1700.6.3.2)",8,2026-01-30T17:39:43,ok
2026-01-30T17:23:36-ed540bb24003,gpu,320,180,10,20,0,18,0,0,0,1,0.032875,0,0.032875,217.656,217.689,0,212.827,6.09509,576000,0,2,"Apple M1","Darwin 25.2.0","clang 17.0.0 (clang-1700.6.3.2)",8,2026-01-30T17:39:43,ok
2026-01-30T17:23:36-ed540bb24003,gpu,320,180,10,20,0,18,0,0,0,1,0.026,0,0.026,213.424,213.45,0,209.17,6.09509,576000,0,3,"Apple M1","Darwin 25.2.0","clang 17.0.0 (clang-1700.6.3.2)",8,2026-01-30T17:39:43,ok
2026-01-30T17:23:36-ed540bb24003,original,320,180,10,20,25,43,1,0,0,0,0.042833,0,0.042833,5923.87,5923.91,0,0,5.82947,4416106,1,0,"Apple M1","Darwin 25.2.0","clang 17.0.0 (clang-1700.6.3.2)",8,2026-01-30T17:39:49,ok
2026-01-30T17:23:36-ed540bb24003,original,320,180,10,20,25,43,1,0,0,0,0.0135,0,0.0135,5869.96,5869.98,0,0,5.82947,4415723,0,1,"Apple M1","Darwin 25.2.0","clang 17.0.0 (clang-1700.6.3.2)",8,2026-01-30T17:39:55,ok
2026-01-30T17:23:36-ed540bb24003,original,320,180,10,20,25,43,1,0,0,0,0.016375,0,0.016375,5934.21,5934.23,0,0,5.82947,4416049,0,2,"Apple M1","Darwin 25.2.0","clang 17.0.0 (clang-1700.6.3.2)",8,2026-01-30T17:40:01,ok
2026-01-30T17:23:36-ed540bb24003,original,320,180,10,20,25,43,1,0,0,0,0.009834,0,0.009834,5893.11,5893.12,0,0,5.73572,4416441,0,3,"Apple M1","Darwin 25.2.0","clang 17.0.0 (clang-1700.6.3.2)",8,2026-01-30T17:40:07,ok
2026-01-30T17:23:36-ed540bb24003,bvh,320,180,10,20,25,43,1,1,0,0,0.037666,0.034375,0.072041,2357.59,2357.67,0,0,5.73572,4419900,1,0,"Apple M1","Darwin 25.2.0","clang 17.0.0 (clang-1700.6.3.2)",8,2026-01-30T17:40:09,ok
2026-01-30T17:23:36-ed540bb24003,bvh,320,180,10,20,25,43,1,1,0,0,1.30317,0.021708,1.32488,2263.29,2264.62,0,0,5.73572,4419171,0,1,"Apple M1","Darwin 25.2.0","clang 17.0.0 (clang-1700.6.3.2)",8,2026-01-30T17:40:11,ok
2026-01-30T17:23:36-ed540bb24003,bvh,320,180,10,20,25,43,1,1,0,0,0.008958,0.012166,0.021124,2085.03,2085.05,0,0,5.47009,4416689,0,2,"Apple M1","Darwin 25.2.0","clang 17.0.0 (clang-1700.6.3.2)",8,2026-01-30T17:40:13,ok
2026-01-30T17:23:36-ed540bb24003,bvh,320,180,10,20,25,43,1,1,0,0,0.00925,0.013042,0.022292,2498.21,2498.24,0,0,5.47009,4416270,0,3,"Apple M1","Darwin 25.2.0","clang 17.0.0 (clang-1700.6.3.2)",8,2026-01-30T17:40:16,ok
2026-01-30T17:23:36-ed540bb24003,bvh-mt,320,180,10,20,25,43,1,1,1,0,0.016,0.014084,0.030084,2669.74,2669.77,0,0,5.47009,4417935,1,0,"Apple M1","Darwin 25.2.0","clang 17.0.0 (clang-1700.6.3.2)",8,2026-01-30T17:40:18,ok
2026-01-30T17:23:36-ed540bb24003,bvh-mt,320,180,10,20,25,43,1,1,1,0,0.010125,0.014041,0.024166,2198.01,2198.04,0,0,5.47009,4412031,0,1,"Apple M1","Darwin 25.2.0","clang 17.0.0 (clang-1700.6.3.2)",8,2026-01-30T17:40:21,ok
2026-01-30T17:23:36-ed540bb24003,bvh-mt,320,180,10,20,25,43,1,1,1,0,0.010375,0.014125,0.0245,2019.89,2019.91,0,0,5.47009,4412883,0,2,"Apple M1","Darwin 25.2.0","clang 17.0.0 (clang-1700.6.3.2)",8,2026-01-30T17:40:23,ok
2026-01-30T17:23:36-ed540bb24003,bvh-mt,320,180,10,20,25,43,1,1,1,0,0.00925,0.014458,0.023708,2461.86,2461.88,0,0,5.47009,4422035,0,3,"Apple M1","Darwin 25.2.0","clang 17.0.0 (clang-1700.6.3.2)",8,2026-01-30T17:40:25,ok
2026-01-30T17:23:36-ed540bb24003,gpu,320,180,10,20,25,43,0,0,0,1,0.038542,0,0.038542,275.847,275.886,0,271.251,5.82947,576000,1,0,"Apple M1","Darwin 25.2.0","clang 17.0.0 (clang-1700.6.3.2)",8,2026-01-30T17:40:25,ok
2026-01-30T17:23:36-ed540bb24003,gpu,320,180,10,20,25,43,0,0,0,1,0.016375,0,0.016375,261.319,261.336,0,259.161,5.82947,576000,0,1,"Apple M1","Darwin 25.2.0","clang 17.0.0 (clang-1700.6.3.2)",8,2026-01-30T17:40:26,ok
2026-01-30T17:23:36-ed540bb24003,gpu,320,180,10,20,25,43,0,0,0,1,0.021333,0,0.021333,267.191,267.213,0,263.848,5.82947,576000,0,2,"Apple M1","Darwin 25.2.0","clang 17.0.0 (clang-1700.6.3.2)",8,2026-01-30T17:40:26,ok
2026-01-30T17:23:36-ed540bb24003,gpu,320,180,10,20,25,43,0,0,0,1,0.037833,0,0.037833,262.928,262.966,0,259.516,6.09509,576000,0,3,"Apple M1","Darwin 25.2.0","clang 17.0.0 (clang-1700.6.3.2)",8,2026-01-30T17:40:26,ok
2026-01-30T17:23:36-ed540bb24003,original,320,180,10,20,25,43,2,0,0,0,0.012959,0,0.012959,5914.61,5914.63,0,0,5.82947,4420284,1,0,"Apple M1","Darwin 25.2.0","clang 17.0.0 (clang-1700.6.3.2)",8,2026-01-30T17:40:32,ok
2026-01-30T17:23:36-ed540bb24003,original,320,180,10,20,25,43,2,0,0,0,0.024917,0,0.024917,5877.45,5877.47,0,0,5.82947,4421770,0,1,"Apple M1","Darwin 25.2.0","clang 17.0.0 (clang-1700.6.3.2)",8,2026-01-30T17:40:38,ok
2026-01-30T17:23:36-ed540bb24003,original,320,180,10,20,25,43,2,0,0,0,0.010916,0,0.010916,5903.89,5903.9,0,0,5.73572,4419882,0,2,"Apple M1","Darwin 25.2.0","clang 17.0.0 (clang-1700.6.3.2)",8,2026-01-30T17:40:44,ok
2026-01-30T17:23:36-ed540bb24003,original,320,180,10,20,25,43,2,0,0,0,0.0145,0,0.0145,5895.87,5895.88,0,0,5.73572,4419387,0,3,"Apple M1","Darwin 25.2.0","clang 17.0.0 (clang-1700.6.3.2)",8,2026-01-30T17:40:50,ok
2026-01-30T17:23:36-ed540bb24003,bvh,320,180,10,20,25,43,2,1,0,0,0.017458,0.063042,0.0805,2333.97,2334.05,0,0,5.73572,4416394,1,0,"Apple M1","Darwin 25.2.0","clang 17.0.0 (clang-1700.6.3.2)",8,2026-01-30T17:40:52,ok
2026-01-30T17:23:36-ed540bb24003,bvh,320,180,10,20,25,43,2,1,0,0,0.010667,0.01325,0.023917,2074.09,2074.11,0,0,5.47009,4408682,0,1,"Apple M1","Darwin 25.2.0","clang 17.0.0 (clang-1700.6.3.2)",8,2026-01-30T17:40:54,ok
2026-01-30T17:23:36-ed540bb24003,bvh,320,180,10,20,25,43,2,1,0,0,0.009833,0.014083,0.023916,2132.72,2132.75,0,0,5.47009,4415593,0,2,"Apple M1","Darwin 25.2.0","clang 17.0.0 (clang-1700.6.3.2)",8,2026-01-30T17:40:56,ok
2026-01-30T17:23:36-ed540bb24003,bvh,320,180,10,20,25,43,2,1,0,0,0.010542,0.014458,0.025,2444.21,2444.24,0,0,5.47009,4424891,0,3,"Apple M1","Darwin 25.2.0","clang 17.0.0 (clang-1700.6.3.2)",8,2026-01-30T17:40:59,ok
2026-01-30T17:23:36-ed540bb24003,bvh-mt,320,180,10,20,25,43,2,1,1,0,0.009791,0.017084,0.026875,1190.06,1190.09,0.039709,0,5.47009,4409263,1,0,"Apple M1","Darwin 25.2.0","clang 17.0.0 (clang-1700.6.3.2)",8,2026-01-30T17:41:00,ok
2026-01-30T17:23:36-ed540bb24003,bvh-mt,320,180,10,20,25,43,2,1,1,0,0.018083,0.015125,0.033208,1155.6,1155.63,0.02575,0,5.47009,4417715,0,1,"Apple M1","Darwin 25.2.0","clang 17.0.0 (clang-1700.6.3.2)",8,2026-01-30T17:41:01,ok
2026-01-30T17:23:36-ed540bb24003,bvh-mt,320,180,10,20,25,43,2,1,1,0,0.00925,0.014417,0.023667,1116.84,1116.86,0.020334,0,5.47009,4417767,0,2,"Apple M1","Darwin 25.2.0","clang 17.0.0 (clang-1700.6.3.2)",8,2026-01-30T17:41:02,ok
2026-01-30T17:23:36-ed540bb24003,bvh-mt,320,180,10,20,25,43,2,1,1,0,0.010459,0.016875,0.027334,1100.09,1100.12,0.021084,0,5.47009,4412188,0,3,"Apple M1","Darwin 25.2.0","clang 17.0.0 (clang-1700.6.3.2)",8,2026-01-30T17:41:03,ok
2026-01-30T17:23:36-ed540bb24003,gpu,320,180,10,20,25,43,0,0,0,1,0.010625,0,0.010625,272.861,272.871,0,269.801,5.82947,576000,1,0,"Apple M1","Darwin 25.2.0","clang 17.0.0 (clang-1700.6.3.2)",8,2026-01-30T17:41:04,ok
2026-01-30T17:23:36-ed540bb24003,gpu,320,180,10,20,25,43,0,0,0,1,0.040834,0,0.040834,263.652,263.693,0,259.955,6.09509,576000,0,1,"Apple M1","Darwin 25.2.0","clang 17.0.0 (clang-1700.6.3.2)",8,2026-01-30T17:41:04,ok
2026-01-30T17:23:36-ed540bb24003,gpu,320,180,10,20,25,43,0,0,0,1,0.026,0,0.026,261.824,261.85,0,258.839,6.09509,576000,0,2,"Apple M1","Darwin 25.2.0","clang 17.0.0 (clang-1700.6.3.2)",8,2026-01-30T17:41:04,ok
2026-01-30T17:23:36-ed540bb24003,gpu,320,180,10,20,25,43,0,0,0,1,0.0265,0,0.0265,263.537,263.564,0,259.817,6.09509,576000,0,3,"Apple M1","Darwin 25.2.0","clang 17.0.0 (clang-1700.6.3.2)",8,2026-01-30T17:41:04,ok
2026-01-30T17:23:36-ed540bb24003,original,320,180,10,20,25,43,3,0,0,0,0.049292,0,0.049292,5973.09,5973.14,0,0,5.82947,4416793,1,0,"Apple M1","Darwin 25.2.0","clang 17.0.0 (clang-1700.6.3.2)",8,2026-01-30T17:41:10,ok
2026-01-30T17:23:36-ed540bb24003,original,320,180,10,20,25,43,3,0,0,0,0.017083,0,0.017083,5862.15,5862.17,0,0,5.82947,4414235,0,1,"Apple M1","Darwin 25.2.0","clang 17.0.0 (clang-1700.6.3.2)",8,2026-01-30T17:41:16,ok
2026-01-30T17:23:36-ed540bb24003,original,320,180,10,20,25,43,3,0,0,0,0.009917,0,0.009917,5925.49,5925.5,0,0,5.82947,4420186,0,2,"Apple M1","Darwin 25.2.0","clang 17.0.0 (clang-1700.6.3.2)",8,2026-01-30T17:41:22,ok
2026-01-30T17:23:36-ed540bb24003,original,320,180,10,20,25,43,3,0,0,0,0.026959,0,0.026959,5918.12,5918.15,0,0,5.73572,4427401,0,3,"Apple M1","Darwin 25.2.0","clang 17.0.0 (clang-1700.6.3.2)",8,2026-01-30T17:41:28,ok
2026-01-30T17:23:36-ed540bb24003,bvh,320,180,10,20,25,43,3,1,0,0,0.022291,0.030542,0.052833,2497.77,2497.83,0,0,5.73572,4404951,1,0,"Apple M1","Darwin 25.2.0","clang 17.0.0 (clang-1700.6.3.2)",8,2026-01-30T17:41:31,ok
2026-01-30T17:23:36-ed540bb24003,bvh,320,180,10,20,25,43,3,1,0,0,0.010167,0.010583,0.02075,2720.84,2720.86,0,0,5.47009,4410206,0,1,"Apple M1","Darwin 25.2.0","clang 17.0.0 (clang-1700.6.3.2)",8,2026-01-30T17:41:33,ok
2026-01-30T17:23:36-ed540bb24003,bvh,320,180,10,20,25,43,3,1,0,0,0.009083,0.014666,0.023749,2171.15,2171.17,0,0,5.47009,4423930,0,2,"Apple M1","Darwin 25.2.0","clang 17.0.0 (clang-1700.6.3.2)",8,2026-01-30T17:41:36,ok
2026-01-30T17:23:36-ed540bb24003,bvh,320,180,10,20,25,43,3,1,0,0,0.011917,0.01425,0.026167,2508.34,2508.36,0,0,5.47009,4415910,0,3,"Apple M1","Darwin 25.2.0","clang 17.0.0 (clang-1700.6.3.2)",8,2026-01-30T17:41:38,ok
2026-01-30T17:23:36-ed540bb24003,bvh-mt,320,180,10,20,25,43,3,1,1,0,0.022084,0.021084,0.043168,915.915,915.958,0.041833,0,5.47009,4422265,1,0,"Apple M1","Darwin 25.2.0","clang 17.0.0 (clang-1700.6.3.2)",8,2026-01-30T17:41:39,ok
2026-01-30T17:23:36-ed540bb24003,bvh-mt,320,180,10,20,25,43,3,1,1,0,0.009708,0.0155,0.025208,1001.73,1001.76,0.027083,0,5.47009,4417824,0,1,"Apple M1","Darwin 25.2.0","clang 17.0.0 (clang-1700.6.3.2)",8,2026-01-30T17:41:40,ok
2026-01-30T17:23:36-ed540bb24003,bvh-mt,320,180,10,20,25,43,3,1,1,0,0.009416,0.01275,0.022166,1036.19,1036.21,0.032292,0,5.47009,4413755,0,2,"Apple M1","Darwin 25.2.0","clang 17.0.0 (clang-1700.6.3.2)",8,2026-01-30T17:41:41,ok
2026-01-30T17:23:36-ed540bb24003,bvh-mt,320,180,10,20,25,43,3,1,1,0,0.012167,0.01675,0.028917,856.777,856.806,0.031041,0,5.47009,4419339,0,3,"Apple M1","Darwin 25.2.0","clang 17.0.0 (clang-1700.6.3.2)",8,2026-01-30T17:41:42,ok
2026-01-30T17:23:36-ed540bb24003,gpu,320,180,10,20,25,43,0,0,0,1,0.015583,0,0.015583,274.619,274.635,0,271.751,5.82947,576000,1,0,"Apple M1","Darwin 25.2.0","clang 17.0.0 (clang-1700.6.3.2)",8,2026-01-30T17:41:42,ok
2026-01-30T17:23:36-ed540bb24003,gpu,320,180,10,20,25,43,0,0,0,1,0.042083,0,0.042083,263.841,263.883,0,259.556,6.09509,576000,0,1,"Apple M1","Darwin 25.2.0","clang 17.0.0 (clang-1700.6.3.2)",8,2026-01-30T17:41:42,ok
2026-01-30T17:23:36-ed540bb24003,gpu,320,180,10,20,25,43,0,0,0,1,0.025584,0,0.025584,272.948,272.973,0,263.64,6.09509,576000,0,2,"Apple M1","Darwin 25.2.0","clang 17.0.0 (clang-1700.6.3.2)",8,2026-01-30T17:41:43,ok
2026-01-30T17:23:36-ed540bb24003,gpu,320,180,10,20,25,43,0,0,0,1,0.041041,0,0.041041,267.178,267.219,0,262.011,6.09509,576000,0,3,"Apple M1","Darwin 25.2.0","clang 17.0.0 (clang-1700.6.3.2)",8,2026-01-30T17:41:43,ok
2026-01-30T17:23:36-ed540bb24003,original,320,180,10,20,25,43,4,0,0,0,0.049,0,0.049,5942.61,5942.66,0,0,5.82947,4413473,1,0,"Apple M1","Darwin 25.2.0","clang 17.0.0 (clang-1700.6.3.2)",8,2026-01-30T17:41:49,ok
2026-01-30T17:23:36-ed540bb24003,original,320,180,10,20,25,43,4,0,0,0,0.010458,0,0.010458,5867.09,5867.11,0,0,5.73572,4412392,0,1,"Apple M1","Darwin 25.2.0","clang 17.0.0 (clang-1700.6.3.2)",8,2026-01-30T17:41:55,ok
2026-01-30T17:23:36-ed540bb24003,original,320,180,10,20,25,43,4,0,0,0,0.010875,0,0.010875,5881.79,5881.8,0,0,5.73572,4416652,0,2,"Apple M1","Darwin 25.2.0","clang 17.0.0 (clang-1700.6.3.2)",8,2026-01-30T17:42:01,ok
2026-01-30T17:23:36-ed540bb24003,original,320,180,10,20,25,43,4,0,0,0,0.0145,0,0.0145,5876.25,5876.26,0,0,5.47009,4417194,0,3,"Apple M1","Darwin 25.2.0","clang 17.0.0 (clang-1700.6.3.2)",8,2026-01-30T17:42:06,ok
2026-01-30T17:23:36-ed540bb24003,bvh,320,180,10,20,25,43,4,1,0,0,0.010792,0.026584,0.037376,2033.33,2033.37,0,0,5.47009,4424691,1,0,"Apple M1","Darwin 25.2.0","clang 17.0.0 (clang-1700.6.3.2)",8,2026-01-30T17:42:09,ok
2026-01-30T17:23:36-ed540bb24003,bvh,320,180,10,20,25,43,4,1,0,0,0.014792,0.013041,0.027833,2440.71,2440.74,0,0,5.47009,4422867,0,1,"Apple M1","Darwin 25.2.0","clang 17.0.0 (clang-1700.6.3.2)",8,2026-01-30T17:42:11,ok
2026-01-30T17:23:36-ed540bb24003,bvh,320,180,10,20,25,43,4,1,0,0,0.021583,0.011666,0.033249,2210.94,2210.97,0,0,5.47009,4417456,0,2,"Apple M1","Darwin 25.2.0","clang 17.0.0 (clang-1700.6.3.2)",8,2026-01-30T17:42:13,ok
2026-01-30T17:23:36-ed540bb24003,bvh,320,180,10,20,25,43,4,1,0,0,0.012583,0.026833,0.039416,2023.47,2023.51,0,0,5.47009,4419259,0,3,"Apple M1","Darwin 25.2.0","clang 17.0.0 (clang-1700.6.3.2)",8,2026-01-30T17:42:15,ok
2026-01-30T17:23:36-ed540bb24003,bvh-mt,320,180,10,20,25,43,4,1,1,0,0.010333,0.014167,0.0245,680.577,680.602,0.058791,0,5.47009,4421000,1,0,"Apple M1","Darwin 25.2.0","clang 17.0.0 (clang-1700.6.3.2)",8,2026-01-30T17:42:16,ok
2026-01-30T17:23:36-ed540bb24003,bvh-mt,320,180,10,20,25,43,4,1,1,0,0.0125,0.012166,0.024666,763.81,763.834,0.035833,0,5.47009,4417632,0,1,"Apple M1","Darwin 25.2.0","clang 17.0.0 (clang-1700.6.3.2)",8,2026-01-30T17:42:17,ok
2026-01-30T17:23:36-ed540bb24003,bvh-mt,320,180,10,20,25,43,4,1,1,0,0.009875,0.015,0.024875,805.538,805.563,0.034792,0,5.47009,4419066,0,2,"Apple M1","Darwin 25.2.0","clang 17.0.0 (clang-1700.6.3.2)",8,2026-01-30T17:42:17,ok
2026-01-30T17:23:36-ed540bb24003,bvh-mt,320,180,10,20,25,43,4,1,1,0,0.015625,0.016292,0.031917,713.899,713.931,0.035333,0,5.47009,4410822,0,3,"Apple M1","Darwin 25.2.0","clang 17.0.0 (clang-1700.6.3.2)",8,2026-01-30T17:42:18,ok
2026-01-30T17:23:36-ed540bb24003,gpu,320,180,10,20,25,43,0,0,0,1,0.009166,0,0.009166,276.443,276.452,0,273.358,5.82947,576000,1,0,"Apple M1","Darwin 25.2.0","clang 17.0.0 (clang-1700.6.3.2)",8,2026-01-30T17:42:18,ok
2026-01-30T17:23:36-ed540bb24003,gpu,320,180,10,20,25,43,0,0,0,1,0.042167,0,0.042167,264.267,264.309,0,260.444,6.09509,576000,0,1,"Apple M1","Darwin 25.2.0","clang 17.0.0 (clang-1700.6.3.2)",8,2026-01-30T17:42:19,ok
2026-01-30T17:23:36-ed540bb24003,gpu,320,180,10,20,25,43,0,0,0,1,0.009084,0,0.009084,266.095,266.104,0,264.057,6.09509,576000,0,2,"Apple M1","Darwin 25.2.0","clang 17.0.0 (clang-1700.6.3.2)",8,2026-01-30T17:42:19,ok
2026-01-30T17:23:36-ed540bb24003,gpu,320,180,10,20,25,43,0,0,0,1,0.035167,0,0.035167,266.502,266.537,0,259.228,6.09509,576000,0,3,"Apple M1","Darwin 25.2.0","clang 17.0.0 (clang-1700.6.3.2)",8,2026-01-30T17:42:19,ok
2026-01-30T17:23:36-ed540bb24003,original,320,180,10,20,25,43,5,0,0,0,0.027541,0,0.027541,5914.72,5914.75,0,0,5.82947,4417369,1,0,"Apple M1","Darwin 25.2.0","clang 17.0.0 (clang-1700.6.3.2)",8,2026-01-30T17:42:25,ok
2026-01-30T17:23:36-ed540bb24003,original,320,180,10,20,25,43,5,0,0,0,0.013333,0,0.013333,5885.15,5885.16,0,0,5.82947,4422536,0,1,"Apple M1","Darwin 25.2.0","clang 17.0.0 (clang-1700.6.3.2)",8,2026-01-30T17:42:31,ok
2026-01-30T17:23:36-ed540bb24003,original,320,180,10,20,25,43,5,0,0,0,0.01275,0,0.01275,5864.52,5864.53,0,0,5.73572,4418702,0,2,"Apple M1","Darwin 25.2.0","clang 17.0.0 (clang-1700.6.3.2)",8,2026-01-30T17:42:37,ok
2026-01-30T17:23:36-ed540bb24003,original,320,180,10,20,25,43,5,0,0,0,0.022,0,0.022,5891.29,5891.31,0,0,5.73572,4410427,0,3,"Apple M1","Darwin 25.2.0","clang 17.0.0 (clang-1700.6.3.2)",8,2026-01-30T17:42:43,ok
2026-01-30T17:23:36-ed540bb24003,bvh,320,180,10,20,25,43,5,1,0,0,0.010833,0.0295,0.040333,2412.28,2412.32,0,0,5.47009,4409028,1,0,"Apple M1","Darwin 25.2.0","clang 17.0.0 (clang-1700.6.3.2)",8,2026-01-30T17:42:45,ok
2026-01-30T17:23:36-ed540bb24003,bvh,320,180,10,20,25,43,5,1,0,0,0.009791,0.012,0.021791,2194.19,2194.22,0,0,5.47009,4411575,0,1,"Apple M1","Darwin 25.2.0","clang 17.0.0 (clang-1700.6.3.2)",8,2026-01-30T17:42:47,ok
2026-01-30T17:23:36-ed540bb24003,bvh,320,180,10,20,25,43,5,1,0,0,0.011958,0.014167,0.026125,2092.23,2092.25,0,0,5.47009,4424724,0,2,"Apple M1","Darwin 25.2.0","clang 17.0.0 (clang-1700.6.3.2)",8,2026-01-30T17:42:50,ok
2026-01-30T17:23:36-ed540bb24003,bvh,320,180,10,20,25,43,5,1,0,0,0.02525,0.015958,0.041208,1987.99,1988.03,0,0,5.47009,4417449,0,3,"Apple M1","Darwin 25.2.0","clang 17.0.0 (clang-1700.6.3.2)",8,2026-01-30T17:42:51,ok
2026-01-30T17:23:36-ed540bb24003,bvh-mt,320,180,10,20,25,43,5,1,1,0,0.012792,0.01825,0.031042,711.664,711.695,0.111708,0,5.47009,4414864,1,0,"Apple M1","Darwin 25.2.0","clang 17.0.0 (clang-1700.6.3.2)",8,2026-01-30T17:42:52,ok
2026-01-30T17:23:36-ed540bb24003,bvh-mt,320,180,10,20,25,43,5,1,1,0,0.009666,0.017708,0.027374,792.359,792.387,0.040667,0,5.47009,4419822,0,1,"Apple M1","Darwin 25.2.0","clang 17.0.0 (clang-1700.6.3.2)",8,2026-01-30T17:42:53,ok
2026-01-30T17:23:36-ed540bb24003,bvh-mt,320,180,10,20,25,43,5,1,1,0,0.009834,0.014459,0.024293,720.795,720.819,0.054375,0,5.47009,4415729,0,2,"Apple M1","Darwin 25.2.0","clang 17.0.0 (clang-1700.6.3.2)",8,2026-01-30T17:42:54,ok
2026-01-30T17:23:36-ed540bb24003,bvh-mt,320,180,10,20,25,43,5,1,1,0,0.008875,0.010833,0.019708,816.942,816.961,0.039166,0,5.47009,4418143,0,3,"Apple M1","Darwin 25.2.0","clang 17.0.0 (clang-1700.6.3.2)",8,2026-01-30T17:42:55,ok
2026-01-30T17:23:36-ed540bb24003,gpu,320,180,10,20,25,43,0,0,0,1,0.008917,0,0.008917,278.495,278.504,0,275.497,5.82947,576000,1,0,"Apple M1","Darwin 25.2.0","clang 17.0.0 (clang-1700.6.3.2)",8,2026-01-30T17:42:55,ok
2026-01-30T17:23:36-ed540bb24003,gpu,320,180,10,20,25,43,0,0,0,1,0.041,0,0.041,263.501,263.542,0,259.471,6.09509,576000,0,1,"Apple M1","Darwin 25.2.0","clang 17.0.0 (clang-1700.6.3.2)",8,2026-01-30T17:42:55,ok
2026-01-30T17:23:36-ed540bb24003,gpu,320,180,10,20,25,43,0,0,0,1,0.025458,0,0.025458,265.843,265.869,0,262.432,6.09509,576000,0,2,"Apple M1","Darwin 25.2.0","clang 17.0.0 (clang-1700.6.3.2)",8,2026-01-30T17:42:55,ok
2026-01-30T17:23:36-ed540bb24003,gpu,320,180,10,20,25,43,0,0,0,1,0.030958,0,0.030958,262.977,263.008,0,258.988,6.09509,576000,0,3,"Apple M1","Darwin 25.2.0","clang 17.0.0 (clang-1700.6.3.2)",8,2026-01-30T17:42:56,ok
2026-01-30T17:23:36-ed540bb24003,original,320,180,10,20,25,43,6,0,0,0,0.043166,0,0.043166,6028.47,6028.51,0,0,5.82947,4413897,1,0,"Apple M1","Darwin 25.2.0","clang 17.0.0 (clang-1700.6.3.2)",8,2026-01-30T17:43:02,ok
2026-01-30T17:23:36-ed540bb24003,original,320,180,10,20,25,43,6,0,0,0,0.051917,0,0.051917,5909.58,5909.64,0,0,5.82947,4417643,0,1,"Apple M1","Darwin 25.2.0","clang 17.0.0 (clang-1700.6.3.2)",8,2026-01-30T17:43:08,ok
2026-01-30T17:23:36-ed540bb24003,original,320,180,10,20,25,43,6,0,0,0,0.012833,0,0.012833,5894.08,5894.1,0,0,5.82947,4415057,0,2,"Apple M1","Darwin 25.2.0","clang 17.0.0 (clang-1700.6.3.2)",8,2026-01-30T17:43:13,ok
2026-01-30T17:23:36-ed540bb24003,original,320,180,10,20,25,43,6,0,0,0,0.017417,0,0.017417,5883.09,5883.11,0,0,5.73572,4418002,0,3,"Apple M1","Darwin 25.2.0","clang 17.0.0 (clang-1700.6.3.2)",8,2026-01-30T17:43:19,ok
2026-01-30T17:23:36-ed540bb24003,bvh,320,180,10,20,25,43,6,1,0,0,0.008875,0.031375,0.04025,2391.07,2391.11,0,0,5.73572,4412228,1,0,"Apple M1","Darwin 25.2.0","clang 17.0.0 (clang-1700.6.3.2)",8,2026-01-30T17:43:22,ok
2026-01-30T17:23:36-ed540bb24003,bvh,320,180,10,20,25,43,6,1,0,0,0.010333,0.013583,0.023916,2361.61,2361.63,0,0,5.47009,4418300,0,1,"Apple M1","Darwin 25.2.0","clang 17.0.0 (clang-1700.6.3.2)",8,2026-01-30T17:43:24,ok
2026-01-30T17:23:36-ed540bb24003,bvh,320,180,10,20,25,43,6,1,0,0,0.034667,0.013583,0.04825,2093.04,2093.09,0,0,5.47009,4421483,0,2,"Apple M1","Darwin 25.2.0","clang 17.0.0 (clang-1700.6.3.2)",8,2026-01-30T17:43:26,ok
2026-01-30T17:23:36-ed540bb24003,bvh,320,180,10,20,25,43,6,1,0,0,0.009917,0.016958,0.026875,2432.73,2432.76,0,0,5.47009,4420873,0,3,"Apple M1","Darwin 25.2.0","clang 17.0.0 (clang-1700.6.3.2)",8,2026-01-30T17:43:29,ok
2026-01-30T17:23:36-ed540bb24003,bvh-mt,320,180,10,20,25,43,6,1,1,0,0.013791,0.017042,0.030833,706.821,706.852,0.114959,0,5.47009,4412398,1,0,"Apple M1","Darwin 25.2.0","clang 17.0.0 (clang-1700.6.3.2)",8,2026-01-30T17:43:29,ok
2026-01-30T17:23:36-ed540bb24003,bvh-mt,320,180,10,20,25,43,6,1,1,0,0.01075,0.012709,0.023459,684.565,684.588,0.052417,0,5.47009,4417549,0,1,"Apple M1","Darwin 25.2.0","clang 17.0.0 (clang-1700.6.3.2)",8,2026-01-30T17:43:30,ok
2026-01-30T17:23:36-ed540bb24003,bvh-mt,320,180,10,20,25,43,6,1,1,0,0.008542,0.013416,0.021958,746.204,746.226,0.049,0,5.47009,4412793,0,2,"Apple M1","Darwin 25.2.0","clang 17.0.0 (clang-1700.6.3.2)",8,2026-01-30T17:43:31,ok
2026-01-30T17:23:36-ed540bb24003,bvh-mt,320,180,10,20,25,43,6,1,1,0,0.01475,0.01375,0.0285,663.899,663.928,0.051,0,5.47009,4417652,0,3,"Apple M1","Darwin 25.2.0","clang 17.0.0 (clang-1700.6.3.2)",8,2026-01-30T17:43:31,ok
2026-01-30T17:23:36-ed540bb24003,gpu,320,180,10,20,25,43,0,0,0,1,0.008708,0,0.008708,275.835,275.844,0,272.796,5.82947,576000,1,0,"Apple M1","Darwin 25.2.0","clang 17.0.0 (clang-1700.6.3.2)",8,2026-01-30T17:43:32,ok
2026-01-30T17:23:36-ed540bb24003,gpu,320,180,10,20,25,43,0,0,0,1,0.027584,0,0.027584,264.789,264.816,0,261.48,6.09509,576000,0,1,"Apple M1","Darwin 25.2.0","clang 17.0.0 (clang-1700.6.3.2)",8,2026-01-30T17:43:32,ok
2026-01-30T17:23:36-ed540bb24003,gpu,320,180,10,20,25,43,0,0,0,1,0.025958,0,0.025958,267.446,267.472,0,263.928,6.09509,576000,0,2,"Apple M1","Darwin 25.2.0","clang 17.0.0 (clang-1700.6.3.2)",8,2026-01-30T17:43:32,ok
2026-01-30T17:23:36-ed540bb24003,gpu,320,180,10,20,25,43,0,0,0,1,0.040458,0,0.040458,265.869,265.909,0,261.633,6.09509,576000,0,3,"Apple M1","Darwin 25.2.0","clang 17.0.0 (clang-1700.6.3.2)",8,2026-01-30T17:43:32,ok
2026-01-30T17:23:36-ed540bb24003,original,320,180,10,20,25,43,7,0,0,0,0.021334,0,0.021334,5919.46,5919.48,0,0,5.82947,4416851,1,0,"Apple M1","Darwin 25.2.0","clang 17.0.0 (clang-1700.6.3.2)",8,2026-01-30T17:43:38,ok
2026-01-30T17:23:36-ed540bb24003,original,320,180,10,20,25,43,7,0,0,0,0.011916,0,0.011916,5895.19,5895.2,0,0,5.56384,4420767,0,1,"Apple M1","Darwin 25.2.0","clang 17.0.0 (clang-1700.6.3.2)",8,2026-01-30T17:43:44,ok
2026-01-30T17:23:36-ed540bb24003,original,320,180,10,20,25,43,7,0,0,0,0.017333,0,0.017333,5879.8,5879.82,0,0,5.56384,4420063,0,2,"Apple M1","Darwin 25.2.0","clang 17.0.0 (clang-1700.6.3.2)",8,2026-01-30T17:43:50,ok
2026-01-30T17:23:36-ed540bb24003,original,320,180,10,20,25,43,7,0,0,0,0.026917,0,0.026917,5885.72,5885.75,0,0,5.56384,4413211,0,3,"Apple M1","Darwin 25.2.0","clang 17.0.0 (clang-1700.6.3.2)",8,2026-01-30T17:43:56,ok
2026-01-30T17:23:36-ed540bb24003,bvh,320,180,10,20,25,43,7,1,0,0,0.013292,0.032334,0.045626,2136.3,2136.35,0,0,5.56384,4420431,1,0,"Apple M1","Darwin 25.2.0","clang 17.0.0 (clang-1700.6.3.2)",8,2026-01-30T17:43:58,ok
2026-01-30T17:23:36-ed540bb24003,bvh,320,180,10,20,25,43,7,1,0,0,0.025417,0.013792,0.039209,2340.79,2340.82,0,0,5.56384,4411248,0,1,"Apple M1","Darwin 25.2.0","clang 17.0.0 (clang-1700.6.3.2)",8,2026-01-30T17:44:01,ok
2026-01-30T17:23:36-ed540bb24003,bvh,320,180,10,20,25,43,7,1,0,0,0.009334,0.013208,0.022542,2274.34,2274.37,0,0,5.56384,4411007,0,2,"Apple M1","Darwin 25.2.0","clang 17.0.0 (clang-1700.6.3.2)",8,2026-01-30T17:44:03,ok
2026-01-30T17:23:36-ed540bb24003,bvh,320,180,10,20,25,43,7,1,0,0,0.01,0.018167,0.028167,2448.73,2448.76,0,0,5.56384,4418527,0,3,"Apple M1","Darwin 25.2.0","clang 17.0.0 (clang-1700.6.3.2)",8,2026-01-30T17:44:05,ok
2026-01-30T17:23:36-ed540bb24003,bvh-mt,320,180,10,20,25,43,7,1,1,0,0.014291,0.01675,0.031041,660.828,660.859,0.125041,0,5.56384,4416169,1,0,"Apple M1","Darwin 25.2.0","clang 17.0.0 (clang-1700.6.3.2)",8,2026-01-30T17:44:06,ok
2026-01-30T17:23:36-ed540bb24003,bvh-mt,320,180,10,20,25,43,7,1,1,0,0.0095,0.0135,0.023,766.947,766.97,0.059041,0,5.56384,4417408,0,1,"Apple M1","Darwin 25.2.0","clang 17.0.0 (clang-1700.6.3.2)",8,2026-01-30T17:44:07,ok
2026-01-30T17:23:36-ed540bb24003,bvh-mt,320,180,10,20,25,43,7,1,1,0,0.022,0.017292,0.039292,670.669,670.709,0.064208,0,5.56384,4415195,0,2,"Apple M1","Darwin 25.2.0","clang 17.0.0 (clang-1700.6.3.2)",8,2026-01-30T17:44:07,ok
2026-01-30T17:23:36-ed540bb24003,bvh-mt,320,180,10,20,25,43,7,1,1,0,0.008459,0.012916,0.021375,738.927,738.949,0.054417,0,5.56384,4421487,0,3,"Apple M1","Darwin 25.2.0","clang 17.0.0 (clang-1700.6.3.2)",8,2026-01-30T17:44:08,ok
2026-01-30T17:23:36-ed540bb24003,gpu,320,180,10,20,25,43,0,0,0,1,0.008584,0,0.008584,278.381,278.389,0,274.223,5.82947,576000,1,0,"Apple M1","Darwin 25.2.0","clang 17.0.0 (clang-1700.6.3.2)",8,2026-01-30T17:44:08,ok
2026-01-30T17:23:36-ed540bb24003,gpu,320,180,10,20,25,43,0,0,0,1,0.042541,0,0.042541,262.046,262.089,0,258.447,6.09509,576000,0,1,"Apple M1","Darwin 25.2.0","clang 17.0.0 (clang-1700.6.3.2)",8,2026-01-30T17:44:09,ok
2026-01-30T17:23:36-ed540bb24003,gpu,320,180,10,20,25,43,0,0,0,1,0.0245,0,0.0245,267.245,267.269,0,264.218,6.09509,576000,0,2,"Apple M1","Darwin 25.2.0","clang 17.0.0 (clang-1700.6.3.2)",8,2026-01-30T17:44:09,ok
2026-01-30T17:23:36-ed540bb24003,gpu,320,180,10,20,25,43,0,0,0,1,0.041292,0,0.041292,264.555,264.597,0,261.51,6.09509,576000,0,3,"Apple M1","Darwin 25.2.0","clang 17.0.0 (clang-1700.6.3.2)",8,2026-01-30T17:44:09,ok
2026-01-30T17:23:36-ed540bb24003,original,320,180,10,20,25,43,8,0,0,0,0.022833,0,0.022833,5894.43,5894.45,0,0,5.82947,4415816,1,0,"Apple M1","Darwin 25.2.0","clang 17.0.0 (clang-1700.6.3.2)",8,2026-01-30T17:44:15,ok
2026-01-30T17:23:36-ed540bb24003,original,320,180,10,20,25,43,8,0,0,0,0.052125,0,0.052125,5904.66,5904.71,0,0,5.82947,4421220,0,1,"Apple M1","Darwin 25.2.0","clang 17.0.0 (clang-1700.6.3.2)",8,2026-01-30T17:44:21,ok
2026-01-30T17:23:36-ed540bb24003,original,320,180,10,20,25,43,8,0,0,0,0.014416,0,0.014416,5865.06,5865.08,0,0,5.73572,4414590,0,2,"Apple M1","Darwin 25.2.0","clang 17.0.0 (clang-1700.6.3.2)",8,2026-01-30T17:44:27,ok
2026-01-30T17:23:36-ed540bb24003,original,320,180,10,20,25,43,8,0,0,0,0.020292,0,0.020292,5877.59,5877.61,0,0,5.73572,4415463,0,3,"Apple M1","Darwin 25.2.0","clang 17.0.0 (clang-1700.6.3.2)",8,2026-01-30T17:44:33,ok
2026-01-30T17:23:36-ed540bb24003,bvh,320,180,10,20,25,43,8,1,0,0,0.010209,0.039708,0.049917,2199.07,2199.12,0,0,5.73572,4421490,1,0,"Apple M1","Darwin 25.2.0","clang 17.0.0 (clang-1700.6.3.2)",8,2026-01-30T17:44:35,ok
2026-01-30T17:23:36-ed540bb24003,bvh,320,180,10,20,25,43,8,1,0,0,0.015208,0.016708,0.031916,2334.51,2334.54,0,0,5.47009,4419203,0,1,"Apple M1","Darwin 25.2.0","clang 17.0.0 (clang-1700.6.3.2)",8,2026-01-30T17:44:37,ok
2026-01-30T17:23:36-ed540bb24003,bvh,320,180,10,20,25,43,8,1,0,0,0.009375,0.013333,0.022708,2196.44,2196.47,0,0,5.47009,4418577,0,2,"Apple M1","Darwin 25.2.0","clang 17.0.0 (clang-1700.6.3.2)",8,2026-01-30T17:44:39,ok
2026-01-30T17:23:36-ed540bb24003,bvh,320,180,10,20,25,43,8,1,0,0,0.009167,0.014167,0.023334,2233.61,2233.64,0,0,5.47009,4415397,0,3,"Apple M1","Darwin 25.2.0","clang 17.0.0 (clang-1700.6.3.2)",8,2026-01-30T17:44:42,ok
2026-01-30T17:23:36-ed540bb24003,bvh-mt,320,180,10,20,25,43,8,1,1,0,0.009041,0.014875,0.023916,645.377,645.401,0.09175,0,5.47009,4419064,1,0,"Apple M1","Darwin 25.2.0","clang 17.0.0 (clang-1700.6.3.2)",8,2026-01-30T17:44:42,ok
2026-01-30T17:23:36-ed540bb24003,bvh-mt,320,180,10,20,25,43,8,1,1,0,0.0095,0.01375,0.02325,640.566,640.589,0.063208,0,5.47009,4411812,0,1,"Apple M1","Darwin 25.2.0","clang 17.0.0 (clang-1700.6.3.2)",8,2026-01-30T17:44:43,ok
2026-01-30T17:23:36-ed540bb24003,bvh-mt,320,180,10,20,25,43,8,1,1,0,0.008625,0.013375,0.022,641.084,641.106,0.059125,0,5.47009,4418981,0,2,"Apple M1","Darwin 25.2.0","clang 17.0.0 (clang-1700.6.3.2)",8,2026-01-30T17:44:44,ok
2026-01-30T17:23:36-ed540bb24003,bvh-mt,320,180,10,20,25,43,8,1,1,0,0.009209,0.012125,0.021334,704.509,704.53,0.075292,0,5.47009,4409494,0,3,"Apple M1","Darwin 25.2.0","clang 17.0.0 (clang-1700.6.3.2)",8,2026-01-30T17:44:44,ok
2026-01-30T17:23:36-ed540bb24003,gpu,320,180,10,20,25,43,0,0,0,1,0.009083,0,0.009083,275.783,275.792,0,271.936,5.82947,576000,1,0,"Apple M1","Darwin 25.2.0","clang 17.0.0 (clang-1700.6.3.2)",8,2026-01-30T17:44:45,ok
2026-01-30T17:23:36-ed540bb24003,gpu,320,180,10,20,25,43,0,0,0,1,0.03375,0,0.03375,263.375,263.408,0,259.092,6.09509,576000,0,1,"Apple M1","Darwin 25.2.0","clang 17.0.0 (clang-1700.6.3.2)",8,2026-01-30T17:44:45,ok
2026-01-30T17:23:36-ed540bb24003,gpu,320,180,10,20,25,43,0,0,0,1,0.023292,0,0.023292,266.129,266.153,0,262.758,6.09509,576000,0,2,"Apple M1","Darwin 25.2.0","clang 17.0.0 (clang-1700.6.3.2)",8,2026-01-30T17:44:45,ok
2026-01-30T17:23:36-ed540bb24003,gpu,320,180,10,20,25,43,0,0,0,1,0.044667,0,0.044667,264.463,264.508,0,260.562,6.09509,576000,0,3,"Apple M1","Darwin 25.2.0","clang 17.0.0 (clang-1700.6.3.2)",8,2026-01-30T17:44:45,ok
2026-01-30T17:23:36-ed540bb24003,original,320,180,10,20,100,118,1,0,0,0,0.082375,0,0.082375,9334.05,9334.14,0,0,5.82947,4562578,1,0,"Apple M1","Darwin 25.2.0","clang 17.0.0 (clang-1700.6.3.2)",8,2026-01-30T17:44:55,ok
2026-01-30T17:23:36-ed540bb24003,original,320,180,10,20,100,118,1,0,0,0,0.016542,0,0.016542,9289.65,9289.67,0,0,5.73572,4559213,0,1,"Apple M1","Darwin 25.2.0","clang 17.0.0 (clang-1700.6.3.2)",8,2026-01-30T17:45:04,ok
2026-01-30T17:23:36-ed540bb24003,original,320,180,10,20,100,118,1,0,0,0,0.038,0,0.038,9324.51,9324.55,0,0,5.47009,4556883,0,2,"Apple M1","Darwin 25.2.0","clang 17.0.0 (clang-1700.6.3.2)",8,2026-01-30T17:45:13,ok
2026-01-30T17:23:36-ed540bb24003,original,320,180,10,20,100,118,1,0,0,0,0.013875,0,0.013875,9281.62,9281.63,0,0,5.47009,4562351,0,3,"Apple M1","Darwin 25.2.0","clang 17.0.0 (clang-1700.6.3.2)",8,2026-01-30T17:45:23,ok
2026-01-30T17:23:36-ed540bb24003,bvh,320,180,10,20,100,118,1,1,0,0,0.031875,0.057958,0.089833,3245.88,3245.97,0,0,5.47009,4556712,1,0,"Apple M1","Darwin 25.2.0","clang 17.0.0 (clang-1700.6.3.2)",8,2026-01-30T17:45:26,ok
2026-01-30T17:23:36-ed540bb24003,bvh,320,180,10,20,100,118,1,1,0,0,0.017583,0.040542,0.058125,3480.31,3480.37,0,0,5.47009,4558821,0,1,"Apple M1","Darwin 25.2.0","clang 17.0.0 (clang-1700.6.3.2)",8,2026-01-30T17:45:29,ok
2026-01-30T17:23:36-ed540bb24003,bvh,320,180,10,20,100,118,1,1,0,0,0.013917,0.042542,0.056459,3125.25,3125.31,0,0,5.47009,4566861,0,2,"Apple M1","Darwin 25.2.0","clang 17.0.0 (clang-1700.6.3.2)",8,2026-01-30T17:45:32,ok
2026-01-30T17:23:36-ed540bb24003,bvh,320,180,10,20,100,118,1,1,0,0,0.021542,0.039875,0.061417,3015.13,3015.19,0,0,5.47009,4551828,0,3,"Apple M1","Darwin 25.2.0","clang 17.0.0 (clang-1700.6.3.2)",8,2026-01-30T17:45:36,ok
2026-01-30T17:23:36-ed540bb24003,bvh-mt,320,180,10,20,100,118,1,1,1,0,0.013541,0.04075,0.054291,3157.86,3157.92,0,0,5.47009,4552818,1,0,"Apple M1","Darwin 25.2.0","clang 17.0.0 (clang-1700.6.3.2)",8,2026-01-30T17:45:39,ok
2026-01-30T17:23:36-ed540bb24003,bvh-mt,320,180,10,20,100,118,1,1,1,0,0.014541,0.046917,0.061458,3141.31,3141.37,0,0,5.47009,4557103,0,1,"Apple M1","Darwin 25.2.0","clang 17.0.0 (clang-1700.6.3.2)",8,2026-01-30T17:45:42,ok
2026-01-30T17:23:36-ed540bb24003,bvh-mt,320,180,10,20,100,118,1,1,1,0,0.02325,0.0515,0.07475,3026.5,3026.57,0,0,5.47009,4558567,0,2,"Apple M1","Darwin 25.2.0","clang 17.0.0 (clang-1700.6.3.2)",8,2026-01-30T17:45:45,ok
2026-01-30T17:23:36-ed540bb24003,bvh-mt,320,180,10,20,100,118,1,1,1,0,0.013875,0.041125,0.055,2941.53,2941.59,0,0,5.47009,4553710,0,3,"Apple M1","Darwin 25.2.0","clang 17.0.0 (clang-1700.6.3.2)",8,2026-01-30T17:45:48,ok
2026-01-30T17:23:36-ed540bb24003,gpu,320,180,10,20,100,118,0,0,0,1,0.012542,0,0.012542,430.24,430.253,0,426.801,5.82947,576000,1,0,"Apple M1","Darwin 25.2.0","clang 17.0.0 (clang-1700.6.3.2)",8,2026-01-30T17:45:48,ok
2026-01-30T17:23:36-ed540bb24003,gpu,320,180,10,20,100,118,0,0,0,1,0.035,0,0.035,421.946,421.981,0,418.488,6.06384,576000,0,1,"Apple M1","Darwin 25.2.0","clang 17.0.0 (clang-1700.6.3.2)",8,2026-01-30T17:45:49,ok
2026-01-30T17:23:36-ed540bb24003,gpu,320,180,10,20,100,118,0,0,0,1,0.027792,0,0.027792,425.952,425.98,0,419.302,6.06384,576000,0,2,"Apple M1","Darwin 25.2.0","clang 17.0.0 (clang-1700.6.3.2)",8,2026-01-30T17:45:49,ok
2026-01-30T17:23:36-ed540bb24003,gpu,320,180,10,20,100,118,0,0,0,1,0.022541,0,0.022541,422.841,422.864,0,419.89,6.06384,576000,0,3,"Apple M1","Darwin 25.2.0","clang 17.0.0 (clang-1700.6.3.2)",8,2026-01-30T17:45:49,ok
2026-01-30T17:23:36-ed540bb24003,original,320,180,10,20,100,118,2,0,0,0,0.059542,0,0.059542,9359.44,9359.5,0,0,5.79822,4556167,1,0,"Apple M1","Darwin 25.2.0","clang 17.0.0 (clang-1700.6.3.2)",8,2026-01-30T17:45:59,ok
2026-01-30T17:23:36-ed540bb24003,original,320,180,10,20,100,118,2,0,0,0,0.053458,0,0.053458,9286.62,9286.68,0,0,5.70447,4561256,0,1,"Apple M1","Darwin 25.2.0","clang 17.0.0 (clang-1700.6.3.2)",8,2026-01-30T17:46:08,ok
2026-01-30T17:23:36-ed540bb24003,original,320,180,10,20,100,118,2,0,0,0,0.017125,0,0.017125,9287.34,9287.36,0,0,5.47009,4550739,0,2,"Apple M1","Darwin 25.2.0","clang 17.0.0 (clang-1700.6.3.2)",8,2026-01-30T17:46:17,ok
2026-01-30T17:23:36-ed540bb24003,original,320,180,10,20,100,118,2,0,0,0,0.036708,0,0.036708,9266.56,9266.59,0,0,5.47009,4560109,0,3,"Apple M1","Darwin 25.2.0","clang 17.0.0 (clang-1700.6.3.2)",8,2026-01-30T17:46:27,ok
2026-01-30T17:23:36-ed540bb24003,bvh,320,180,10,20,100,118,2,1,0,0,0.013,0.060875,0.073875,2951.63,2951.7,0,0,5.47009,4558723,1,0,"Apple M1","Darwin 25.2.0","clang 17.0.0 (clang-1700.6.3.2)",8,2026-01-30T17:46:30,ok
2026-01-30T17:23:36-ed540bb24003,bvh,320,180,10,20,100,118,2,1,0,0,0.052792,0.03675,0.089542,3215.57,3215.66,0,0,5.47009,4561232,0,1,"Apple M1","Darwin 25.2.0","clang 17.0.0 (clang-1700.6.3.2)",8,2026-01-30T17:46:33,ok
2026-01-30T17:23:36-ed540bb24003,bvh,320,180,10,20,100,118,2,1,0,0,0.012166,0.043583,0.055749,2975.73,2975.78,0,0,5.47009,4553784,0,2,"Apple M1","Darwin 25.2.0","clang 17.0.0 (clang-1700.6.3.2)",8,2026-01-30T17:46:36,ok
2026-01-30T17:23:36-ed540bb24003,bvh,320,180,10,20,100,118,2,1,0,0,0.011583,0.041417,0.053,3151.11,3151.17,0,0,5.47009,4558560,0,3,"Apple M1","Darwin 25.2.0","clang 17.0.0 (clang-1700.6.3.2)",8,2026-01-30T17:46:39,ok
2026-01-30T17:23:36-ed540bb24003,bvh-mt,320,180,10,20,100,118,2,1,1,0,0.013166,0.04725,0.060416,1689.62,1689.68,0.040125,0,5.47009,4562416,1,0,"Apple M1","Darwin 25.2.0","clang 17.0.0 (clang-1700.6.3.2)",8,2026-01-30T17:46:41,ok
2026-01-30T17:23:36-ed540bb24003,bvh-mt,320,180,10,20,100,118,2,1,1,0,0.029208,0.038,0.067208,1778.35,1778.42,0.025333,0,5.47009,4555316,0,1,"Apple M1","Darwin 25.2.0","clang 17.0.0 (clang-1700.6.3.2)",8,2026-01-30T17:46:42,ok
2026-01-30T17:23:36-ed540bb24003,bvh-mt,320,180,10,20,100,118,2,1,1,0,0.015209,0.040625,0.055834,1690.93,1690.99,0.027333,0,5.47009,4560495,0,2,"Apple M1","Darwin 25.2.0","clang 17.0.0 (clang-1700.6.3.2)",8,2026-01-30T17:46:44,ok
2026-01-30T17:23:36-ed540bb24003,bvh-mt,320,180,10,20,100,118,2,1,1,0,0.015167,0.04875,0.063917,1527.3,1527.36,0.03525,0,5.47009,4553060,0,3,"Apple M1","Darwin 25.2.0","clang 17.0.0 (clang-1700.6.3.2)",8,2026-01-30T17:46:46,ok
2026-01-30T17:23:36-ed540bb24003,gpu,320,180,10,20,100,118,0,0,0,1,0.013208,0,0.013208,433.122,433.135,0,429.884,5.82947,576000,1,0,"Apple M1","Darwin 25.2.0","clang 17.0.0 (clang-1700.6.3.2)",8,2026-01-30T17:46:46,ok
2026-01-30T17:23:36-ed540bb24003,gpu,320,180,10,20,100,118,0,0,0,1,0.0595,0,0.0595,422.39,422.449,0,418.041,6.09509,576000,0,1,"Apple M1","Darwin 25.2.0","clang 17.0.0 (clang-1700.6.3.2)",8,2026-01-30T17:46:47,ok
2026-01-30T17:23:36-ed540bb24003,gpu,320,180,10,20,100,118,0,0,0,1,0.057375,0,0.057375,426.094,426.151,0,422.314,6.09509,576000,0,2,"Apple M1","Darwin 25.2.0","clang 17.0.0 (clang-1700.6.3.2)",8,2026-01-30T17:46:47,ok
2026-01-30T17:23:36-ed540bb24003,gpu,320,180,10,20,100,118,0,0,0,1,0.061583,0,0.061583,418.414,418.476,0,414.121,6.09509,576000,0,3,"Apple M1","Darwin 25.2.0","clang 17.0.0 (clang-1700.6.3.2)",8,2026-01-30T17:46:47,ok
2026-01-30T17:23:36-ed540bb24003,original,320,180,10,20,100,118,3,0,0,0,0.0445,0,0.0445,9302.65,9302.69,0,0,5.82947,4553030,1,0,"Apple M1","Darwin 25.2.0","clang 17.0.0 (clang-1700.6.3.2)",8,2026-01-30T17:46:57,ok
2026-01-30T17:23:36-ed540bb24003,original,320,180,10,20,100,118,3,0,0,0,0.042,0,0.042,9428.02,9428.06,0,0,5.73572,4552851,0,1,"Apple M1","Darwin 25.2.0","clang 17.0.0 (clang-1700.6.3.2)",8,2026-01-30T17:47:06,ok
2026-01-30T17:23:36-ed540bb24003,original,320,180,10,20,100,118,3,0,0,0,0.036333,0,0.036333,9356.35,9356.39,0,0,5.47009,4556195,0,2,"Apple M1","Darwin 25.2.0","clang 17.0.0 (clang-1700.6.3.2)",8,2026-01-30T17:47:15,ok
2026-01-30T17:23:36-ed540bb24003,original,320,180,10,20,100,118,3,0,0,0,0.041584,0,0.041584,9318.98,9319.02,0,0,5.47009,4555988,0,3,"Apple M1","Darwin 25.2.0","clang 17.0.0 (clang-1700.6.3.2)",8,2026-01-30T17:47:25,ok
2026-01-30T17:23:36-ed540bb24003,bvh,320,180,10,20,100,118,3,1,0,0,0.022417,0.067292,0.089709,2866.76,2866.85,0,0,5.47009,4559326,1,0,"Apple M1","Darwin 25.2.0","clang 17.0.0 (clang-1700.6.3.2)",8,2026-01-30T17:47:28,ok
2026-01-30T17:23:36-ed540bb24003,bvh,320,180,10,20,100,118,3,1,0,0,0.01625,0.047,0.06325,2925.77,2925.84,0,0,5.47009,4562152,0,1,"Apple M1","Darwin 25.2.0","clang 17.0.0 (clang-1700.6.3.2)",8,2026-01-30T17:47:31,ok
2026-01-30T17:23:36-ed540bb24003,bvh,320,180,10,20,100,118,3,1,0,0,0.023833,0.049708,0.073541,2761.39,2761.46,0,0,5.47009,4554877,0,2,"Apple M1","Darwin 25.2.0","clang 17.0.0 (clang-1700.6.3.2)",8,2026-01-30T17:47:33,ok
2026-01-30T17:23:36-ed540bb24003,bvh,320,180,10,20,100,118,3,1,0,0,0.021458,0.035625,0.057083,3106.88,3106.93,0,0,5.47009,4562245,0,3,"Apple M1","Darwin 25.2.0","clang 17.0.0 (clang-1700.6.3.2)",8,2026-01-30T17:47:36,ok
2026-01-30T17:23:36-ed540bb24003,bvh-mt,320,180,10,20,100,118,3,1,1,0,0.014333,0.040458,0.054791,1434.48,1434.54,0.05,0,5.47009,4561903,1,0,"Apple M1","Darwin 25.2.0","clang 17.0.0 (clang-1700.6.3.2)",8,2026-01-30T17:47:38,ok
2026-01-30T17:23:36-ed540bb24003,bvh-mt,320,180,10,20,100,118,3,1,1,0,0.014167,0.032792,0.046959,1331.14,1331.18,0.030208,0,5.47009,4556609,0,1,"Apple M1","Darwin 25.2.0","clang 17.0.0 (clang-1700.6.3.2)",8,2026-01-30T17:47:39,ok
2026-01-30T17:23:36-ed540bb24003,bvh-mt,320,180,10,20,100,118,3,1,1,0,0.011709,0.045083,0.056792,1201.52,1201.58,0.0325,0,5.47009,4569232,0,2,"Apple M1","Darwin 25.2.0","clang 17.0.0 (clang-1700.6.3.2)",8,2026-01-30T17:47:40,ok
2026-01-30T17:23:36-ed540bb24003,bvh-mt,320,180,10,20,100,118,3,1,1,0,0.012167,0.036708,0.048875,1441.94,1441.99,0.03075,0,5.47009,4546910,0,3,"Apple M1","Darwin 25.2.0","clang 17.0.0 (clang-1700.6.3.2)",8,2026-01-30T17:47:42,ok
2026-01-30T17:23:36-ed540bb24003,gpu,320,180,10,20,100,118,0,0,0,1,0.011875,0,0.011875,430.795,430.807,0,427.866,5.82947,576000,1,0,"Apple M1","Darwin 25.2.0","clang 17.0.0 (clang-1700.6.3.2)",8,2026-01-30T17:47:42,ok
2026-01-30T17:23:36-ed540bb24003,gpu,320,180,10,20,100,118,0,0,0,1,0.059125,0,0.059125,425.588,425.647,0,420.887,6.09509,576000,0,1,"Apple M1","Darwin 25.2.0","clang 17.0.0 (clang-1700.6.3.2)",8,2026-01-30T17:47:43,ok
2026-01-30T17:23:36-ed540bb24003,gpu,320,180,10,20,100,118,0,0,0,1,0.046417,0,0.046417,421.507,421.553,0,415.286,6.09509,576000,0,2,"Apple M1","Darwin 25.2.0","clang 17.0.0 (clang-1700.6.3.2)",8,2026-01-30T17:47:43,ok
2026-01-30T17:23:36-ed540bb24003,gpu,320,180,10,20,100,118,0,0,0,1,0.063167,0,0.063167,416.636,416.699,0,413.022,6.09509,576000,0,3,"Apple M1","Darwin 25.2.0","clang 17.0.0 (clang-1700.6.3.2)",8,2026-01-30T17:47:44,ok
2026-01-30T17:23:36-ed540bb24003,original,320,180,10,20,100,118,4,0,0,0,0.042875,0,0.042875,9329.36,9329.41,0,0,5.82947,4552884,1,0,"Apple M1","Darwin 25.2.0","clang 17.0.0 (clang-1700.6.3.2)",8,2026-01-30T17:47:53,ok
2026-01-30T17:23:36-ed540bb24003,original,320,180,10,20,100,118,4,0,0,0,0.015917,0,0.015917,9266.66,9266.68,0,0,5.73572,4550714,0,1,"Apple M1","Darwin 25.2.0","clang 17.0.0 (clang-1700.6.3.2)",8,2026-01-30T17:48:02,ok
2026-01-30T17:23:36-ed540bb24003,original,320,180,10,20,100,118,4,0,0,0,0.023292,0,0.023292,9365.79,9365.82,0,0,5.47009,4553919,0,2,"Apple M1","Darwin 25.2.0","clang 17.0.0 (clang-1700.6.3.2)",8,2026-01-30T17:48:12,ok
2026-01-30T17:23:36-ed540bb24003,original,320,180,10,20,100,118,4,0,0,0,0.05175,0,0.05175,9297.28,9297.33,0,0,5.47009,4563757,0,3,"Apple M1","Darwin 25.2.0","clang 17.0.0 (clang-1700.6.3.2)",8,2026-01-30T17:48:21,ok
2026-01-30T17:23:36-ed540bb24003,bvh,320,180,10,20,100,118,4,1,0,0,0.02125,0.063334,0.084584,3102.02,3102.11,0,0,5.47009,4563688,1,0,"Apple M1","Darwin 25.2.0","clang 17.0.0 (clang-1700.6.3.2)",8,2026-01-30T17:48:24,ok
2026-01-30T17:23:36-ed540bb24003,bvh,320,180,10,20,100,118,4,1,0,0,0.016791,0.03625,0.053041,3225.49,3225.54,0,0,5.47009,4558106,0,1,"Apple M1","Darwin 25.2.0","clang 17.0.0 (clang-1700.6.3.2)",8,2026-01-30T17:48:27,ok
2026-01-30T17:23:36-ed540bb24003,bvh,320,180,10,20,100,118,4,1,0,0,0.022583,0.035584,0.058167,3459.03,3459.09,0,0,5.47009,4559829,0,2,"Apple M1","Darwin 25.2.0","clang 17.0.0 (clang-1700.6.3.2)",8,2026-01-30T17:48:31,ok
2026-01-30T17:23:36-ed540bb24003,bvh,320,180,10,20,100,118,4,1,0,0,0.021167,0.05225,0.073417,2912.15,2912.23,0,0,5.47009,4553899,0,3,"Apple M1","Darwin 25.2.0","clang 17.0.0 (clang-1700.6.3.2)",8,2026-01-30T17:48:34,ok
2026-01-30T17:23:36-ed540bb24003,bvh-mt,320,180,10,20,100,118,4,1,1,0,0.012542,0.031458,0.044,1306.69,1306.73,0.058333,0,5.47009,4558057,1,0,"Apple M1","Darwin 25.2.0","clang 17.0.0 (clang-1700.6.3.2)",8,2026-01-30T17:48:35,ok
2026-01-30T17:23:36-ed540bb24003,bvh-mt,320,180,10,20,100,118,4,1,1,0,0.012584,0.040625,0.053209,989.556,989.609,0.035542,0,5.47009,4550212,0,1,"Apple M1","Darwin 25.2.0","clang 17.0.0 (clang-1700.6.3.2)",8,2026-01-30T17:48:36,ok
2026-01-30T17:23:36-ed540bb24003,bvh-mt,320,180,10,20,100,118,4,1,1,0,0.02175,0.039209,0.060959,1043.9,1043.96,0.043125,0,5.47009,4558327,0,2,"Apple M1","Darwin 25.2.0","clang 17.0.0 (clang-1700.6.3.2)",8,2026-01-30T17:48:37,ok
2026-01-30T17:23:36-ed540bb24003,bvh-mt,320,180,10,20,100,118,4,1,1,0,0.012292,0.038042,0.050334,1034.6,1034.65,0.03275,0,5.47009,4555832,0,3,"Apple M1","Darwin 25.2.0","clang 17.0.0 (clang-1700.6.3.2)",8,2026-01-30T17:48:38,ok
2026-01-30T17:23:36-ed540bb24003,gpu,320,180,10,20,100,118,0,0,0,1,0.013625,0,0.013625,432.18,432.193,0,427.623,5.82947,576000,1,0,"Apple M1","Darwin 25.2.0","clang 17.0.0 (clang-1700.6.3.2)",8,2026-01-30T17:48:38,ok
2026-01-30T17:23:36-ed540bb24003,gpu,320,180,10,20,100,118,0,0,0,1,0.058417,0,0.058417,423.122,423.181,0,419.338,6.09509,576000,0,1,"Apple M1","Darwin 25.2.0","clang 17.0.0 (clang-1700.6.3.2)",8,2026-01-30T17:48:39,ok
2026-01-30T17:23:36-ed540bb24003,gpu,320,180,10,20,100,118,0,0,0,1,0.030833,0,0.030833,420.644,420.675,0,417.466,6.09509,576000,0,2,"Apple M1","Darwin 25.2.0","clang 17.0.0 (clang-1700.6.3.2)",8,2026-01-30T17:48:39,ok
2026-01-30T17:23:36-ed540bb24003,gpu,320,180,10,20,100,118,0,0,0,1,0.057542,0,0.057542,418.505,418.563,0,414.538,6.09509,576000,0,3,"Apple M1","Darwin 25.2.0","clang 17.0.0 (clang-1700.6.3.2)",8,2026-01-30T17:48:40,ok
2026-01-30T17:23:36-ed540bb24003,original,320,180,10,20,100,118,5,0,0,0,0.01475,0,0.01475,9293.09,9293.1,0,0,5.82947,4551432,1,0,"Apple M1","Darwin 25.2.0","clang 17.0.0 (clang-1700.6.3.2)",8,2026-01-30T17:48:49,ok
2026-01-30T17:23:36-ed540bb24003,original,320,180,10,20,100,118,5,0,0,0,0.018042,0,0.018042,9267.95,9267.97,0,0,5.82947,4563951,0,1,"Apple M1","Darwin 25.2.0","clang 17.0.0 (clang-1700.6.3.2)",8,2026-01-30T17:48:58,ok
2026-01-30T17:23:36-ed540bb24003,original,320,180,10,20,100,118,5,0,0,0,0.034166,0,0.034166,9323.12,9323.15,0,0,5.73572,4561035,0,2,"Apple M1","Darwin 25.2.0","clang 17.0.0 (clang-1700.6.3.2)",8,2026-01-30T17:49:07,ok
2026-01-30T17:23:36-ed540bb24003,original,320,180,10,20,100,118,5,0,0,0,0.021708,0,0.021708,9275.95,9275.97,0,0,5.47009,4552259,0,3,"Apple M1","Darwin 25.2.0","clang 17.0.0 (clang-1700.6.3.2)",8,2026-01-30T17:49:17,ok
2026-01-30T17:23:36-ed540bb24003,bvh,320,180,10,20,100,118,5,1,0,0,0.012417,0.051333,0.06375,3484.98,3485.04,0,0,5.47009,4553896,1,0,"Apple M1","Darwin 25.2.0","clang 17.0.0 (clang-1700.6.3.2)",8,2026-01-30T17:49:20,ok
2026-01-30T17:23:36-ed540bb24003,bvh,320,180,10,20,100,118,5,1,0,0,0.013,0.03725,0.05025,2827.54,2827.59,0,0,5.47009,4562236,0,1,"Apple M1","Darwin 25.2.0","clang 17.0.0 (clang-1700.6.3.2)",8,2026-01-30T17:49:23,ok
2026-01-30T17:23:36-ed540bb24003,bvh,320,180,10,20,100,118,5,1,0,0,0.018625,0.041166,0.059791,3068.32,3068.38,0,0,5.47009,4558601,0,2,"Apple M1","Darwin 25.2.0","clang 17.0.0 (clang-1700.6.3.2)",8,2026-01-30T17:49:26,ok
2026-01-30T17:23:36-ed540bb24003,bvh,320,180,10,20,100,118,5,1,0,0,0.012541,0.04075,0.053291,2662.43,2662.48,0,0,5.47009,4559236,0,3,"Apple M1","Darwin 25.2.0","clang 17.0.0 (clang-1700.6.3.2)",8,2026-01-30T17:49:29,ok
2026-01-30T17:23:36-ed540bb24003,bvh-mt,320,180,10,20,100,118,5,1,1,0,0.013,0.044042,0.057042,1033.96,1034.02,0.06575,0,5.47009,4557098,1,0,"Apple M1","Darwin 25.2.0","clang 17.0.0 (clang-1700.6.3.2)",8,2026-01-30T17:49:30,ok
2026-01-30T17:23:36-ed540bb24003,bvh-mt,320,180,10,20,100,118,5,1,1,0,0.014208,0.040375,0.054583,1062.5,1062.55,0.053625,0,5.47009,4560416,0,1,"Apple M1","Darwin 25.2.0","clang 17.0.0 (clang-1700.6.3.2)",8,2026-01-30T17:49:31,ok
2026-01-30T17:23:36-ed540bb24003,bvh-mt,320,180,10,20,100,118,5,1,1,0,0.017875,0.045625,0.0635,923.412,923.476,0.048625,0,5.47009,4559022,0,2,"Apple M1","Darwin 25.2.0","clang 17.0.0 (clang-1700.6.3.2)",8,2026-01-30T17:49:32,ok
2026-01-30T17:23:36-ed540bb24003,bvh-mt,320,180,10,20,100,118,5,1,1,0,0.013542,0.033875,0.047417,917.906,917.954,0.049625,0,5.47009,4551064,0,3,"Apple M1","Darwin 25.2.0","clang 17.0.0 (clang-1700.6.3.2)",8,2026-01-30T17:49:33,ok
2026-01-30T17:23:36-ed540bb24003,gpu,320,180,10,20,100,118,0,0,0,1,0.027791,0,0.027791,430.708,430.736,0,427.847,5.82947,576000,1,0,"Apple M1","Darwin 25.2.0","clang 17.0.0 (clang-1700.6.3.2)",8,2026-01-30T17:49:33,ok
2026-01-30T17:23:36-ed540bb24003,gpu,320,180,10,20,100,118,0,0,0,1,0.058875,0,0.058875,428.591,428.65,0,424.211,6.09509,576000,0,1,"Apple M1","Darwin 25.2.0","clang 17.0.0 (clang-1700.6.3.2)",8,2026-01-30T17:49:34,ok
2026-01-30T17:23:36-ed540bb24003,gpu,320,180,10,20,100,118,0,0,0,1,0.035625,0,0.035625,424.486,424.522,0,416.414,6.09509,576000,0,2,"Apple M1","Darwin 25.2.0","clang 17.0.0 (clang-1700.6.3.2)",8,2026-01-30T17:49:34,ok
2026-01-30T17:23:36-ed540bb24003,gpu,320,180,10,20,100,118,0,0,0,1,0.04625,0,0.04625,419.385,419.431,0,415.219,6.09509,576000,0,3,"Apple M1","Darwin 25.2.0","clang 17.0.0 (clang-1700.6.3.2)",8,2026-01-30T17:49:34,ok
2026-01-30T17:23:36-ed540bb24003,original,320,180,10,20,100,118,6,0,0,0,0.03775,0,0.03775,9376.03,9376.07,0,0,5.82947,4558201,1,0,"Apple M1","Darwin 25.2.0","clang 17.0.0 (clang-1700.6.3.2)",8,2026-01-30T17:49:44,ok
2026-01-30T17:23:36-ed540bb24003,original,320,180,10,20,100,118,6,0,0,0,0.015125,0,0.015125,9272.18,9272.19,0,0,5.73572,4550897,0,1,"Apple M1","Darwin 25.2.0","clang 17.0.0 (clang-1700.6.3.2)",8,2026-01-30T17:49:53,ok
2026-01-30T17:23:36-ed540bb24003,original,320,180,10,20,100,118,6,0,0,0,0.041834,0,0.041834,9300.01,9300.05,0,0,5.47009,4554218,0,2,"Apple M1","Darwin 25.2.0","clang 17.0.0 (clang-1700.6.3.2)",8,2026-01-30T17:50:02,ok
2026-01-30T17:23:36-ed540bb24003,original,320,180,10,20,100,118,6,0,0,0,0.028167,0,0.028167,9430.58,9430.61,0,0,5.47009,4561460,0,3,"Apple M1","Darwin 25.2.0","clang 17.0.0 (clang-1700.6.3.2)",8,2026-01-30T17:50:12,ok
2026-01-30T17:23:36-ed540bb24003,bvh,320,180,10,20,100,118,6,1,0,0,0.031292,0.054875,0.086167,2979.07,2979.16,0,0,5.47009,4555062,1,0,"Apple M1","Darwin 25.2.0","clang 17.0.0 (clang-1700.6.3.2)",8,2026-01-30T17:50:15,ok
2026-01-30T17:23:36-ed540bb24003,bvh,320,180,10,20,100,118,6,1,0,0,0.013125,0.040583,0.053708,3415.34,3415.4,0,0,5.47009,4556079,0,1,"Apple M1","Darwin 25.2.0","clang 17.0.0 (clang-1700.6.3.2)",8,2026-01-30T17:50:18,ok
2026-01-30T17:23:36-ed540bb24003,bvh,320,180,10,20,100,118,6,1,0,0,0.013417,0.048041,0.061458,3050.95,3051.02,0,0,5.47009,4549448,0,2,"Apple M1","Darwin 25.2.0","clang 17.0.0 (clang-1700.6.3.2)",8,2026-01-30T17:50:21,ok
2026-01-30T17:23:36-ed540bb24003,bvh,320,180,10,20,100,118,6,1,0,0,0.020709,0.031667,0.052376,3497.21,3497.27,0,0,5.47009,4557584,0,3,"Apple M1","Darwin 25.2.0","clang 17.0.0 (clang-1700.6.3.2)",8,2026-01-30T17:50:25,ok
2026-01-30T17:23:36-ed540bb24003,bvh-mt,320,180,10,20,100,118,6,1,1,0,0.017917,0.041166,0.059083,834.184,834.243,0.11375,0,5.47009,4549996,1,0,"Apple M1","Darwin 25.2.0","clang 17.0.0 (clang-1700.6.3.2)",8,2026-01-30T17:50:26,ok
2026-01-30T17:23:36-ed540bb24003,bvh-mt,320,180,10,20,100,118,6,1,1,0,0.013666,0.042834,0.0565,923.858,923.915,0.064417,0,5.47009,4560577,0,1,"Apple M1","Darwin 25.2.0","clang 17.0.0 (clang-1700.6.3.2)",8,2026-01-30T17:50:27,ok
2026-01-30T17:23:36-ed540bb24003,bvh-mt,320,180,10,20,100,118,6,1,1,0,0.016125,0.0375,0.053625,1024.06,1024.12,0.071458,0,5.47009,4557055,0,2,"Apple M1","Darwin 25.2.0","clang 17.0.0 (clang-1700.6.3.2)",8,2026-01-30T17:50:28,ok
2026-01-30T17:23:36-ed540bb24003,bvh-mt,320,180,10,20,100,118,6,1,1,0,0.014583,0.043542,0.058125,928.872,928.93,0.062417,0,5.47009,4569031,0,3,"Apple M1","Darwin 25.2.0","clang 17.0.0 (clang-1700.6.3.2)",8,2026-01-30T17:50:28,ok
2026-01-30T17:23:36-ed540bb24003,gpu,320,180,10,20,100,118,0,0,0,1,0.012458,0,0.012458,433.57,433.582,0,431.139,5.82947,576000,1,0,"Apple M1","Darwin 25.2.0","clang 17.0.0 (clang-1700.6.3.2)",8,2026-01-30T17:50:29,ok
2026-01-30T17:23:36-ed540bb24003,gpu,320,180,10,20,100,118,0,0,0,1,0.0235,0,0.0235,423.364,423.388,0,420.79,5.82947,576000,0,1,"Apple M1","Darwin 25.2.0","clang 17.0.0 (clang-1700.6.3.2)",8,2026-01-30T17:50:29,ok
2026-01-30T17:23:36-ed540bb24003,gpu,320,180,10,20,100,118,0,0,0,1,0.044292,0,0.044292,419.592,419.636,0,415.66,6.09509,576000,0,2,"Apple M1","Darwin 25.2.0","clang 17.0.0 (clang-1700.6.3.2)",8,2026-01-30T17:50:30,ok
2026-01-30T17:23:36-ed540bb24003,gpu,320,180,10,20,100,118,0,0,0,1,0.061375,0,0.061375,420.025,420.086,0,413.707,6.09509,576000,0,3,"Apple M1","Darwin 25.2.0","clang 17.0.0 (clang-1700.6.3.2)",8,2026-01-30T17:50:30,ok
2026-01-30T17:23:36-ed540bb24003,original,320,180,10,20,100,118,7,0,0,0,0.029209,0,0.029209,9324.05,9324.08,0,0,5.82947,4551907,1,0,"Apple M1","Darwin 25.2.0","clang 17.0.0 (clang-1700.6.3.2)",8,2026-01-30T17:50:39,ok
2026-01-30T17:23:36-ed540bb24003,original,320,180,10,20,100,118,7,0,0,0,0.012541,0,0.012541,9291.61,9291.62,0,0,5.82947,4561911,0,1,"Apple M1","Darwin 25.2.0","clang 17.0.0 (clang-1700.6.3.2)",8,2026-01-30T17:50:49,ok
2026-01-30T17:23:36-ed540bb24003,original,320,180,10,20,100,118,7,0,0,0,0.040708,0,0.040708,9267.13,9267.17,0,0,5.73572,4550341,0,2,"Apple M1","Darwin 25.2.0","clang 17.0.0 (clang-1700.6.3.2)",8,2026-01-30T17:50:58,ok
2026-01-30T17:23:36-ed540bb24003,original,320,180,10,20,100,118,7,0,0,0,0.012542,0,0.012542,9264.17,9264.18,0,0,5.47009,4552396,0,3,"Apple M1","Darwin 25.2.0","clang 17.0.0 (clang-1700.6.3.2)",8,2026-01-30T17:51:07,ok
2026-01-30T17:23:36-ed540bb24003,bvh,320,180,10,20,100,118,7,1,0,0,0.047708,0.210958,0.258666,2950.85,2951.11,0,0,5.47009,4568121,1,0,"Apple M1","Darwin 25.2.0","clang 17.0.0 (clang-1700.6.3.2)",8,2026-01-30T17:51:10,ok
2026-01-30T17:23:36-ed540bb24003,bvh,320,180,10,20,100,118,7,1,0,0,0.01225,0.039875,0.052125,3119.32,3119.37,0,0,5.47009,4549494,0,1,"Apple M1","Darwin 25.2.0","clang 17.0.0 (clang-1700.6.3.2)",8,2026-01-30T17:51:13,ok
2026-01-30T17:23:36-ed540bb24003,bvh,320,180,10,20,100,118,7,1,0,0,0.0165,0.045291,0.061791,3141.39,3141.45,0,0,5.47009,4549392,0,2,"Apple M1","Darwin 25.2.0","clang 17.0.0 (clang-1700.6.3.2)",8,2026-01-30T17:51:17,ok
2026-01-30T17:23:36-ed540bb24003,bvh,320,180,10,20,100,118,7,1,0,0,0.014167,0.03875,0.052917,3267.38,3267.44,0,0,5.47009,4555435,0,3,"Apple M1","Darwin 25.2.0","clang 17.0.0 (clang-1700.6.3.2)",8,2026-01-30T17:51:20,ok
2026-01-30T17:23:36-ed540bb24003,bvh-mt,320,180,10,20,100,118,7,1,1,0,0.036083,0.05225,0.088333,854.814,854.902,0.107959,0,5.47009,4562549,1,0,"Apple M1","Darwin 25.2.0","clang 17.0.0 (clang-1700.6.3.2)",8,2026-01-30T17:51:21,ok
2026-01-30T17:23:36-ed540bb24003,bvh-mt,320,180,10,20,100,118,7,1,1,0,0.014583,0.036292,0.050875,925.355,925.405,0.059375,0,5.47009,4552908,0,1,"Apple M1","Darwin 25.2.0","clang 17.0.0 (clang-1700.6.3.2)",8,2026-01-30T17:51:22,ok
2026-01-30T17:23:36-ed540bb24003,bvh-mt,320,180,10,20,100,118,7,1,1,0,0.012792,0.042417,0.055209,1012.54,1012.59,0.066291,0,5.47009,4546965,0,2,"Apple M1","Darwin 25.2.0","clang 17.0.0 (clang-1700.6.3.2)",8,2026-01-30T17:51:23,ok
2026-01-30T17:23:36-ed540bb24003,bvh-mt,320,180,10,20,100,118,7,1,1,0,0.017208,0.043375,0.060583,847.755,847.815,0.098875,0,5.47009,4551209,0,3,"Apple M1","Darwin 25.2.0","clang 17.0.0 (clang-1700.6.3.2)",8,2026-01-30T17:51:23,ok
2026-01-30T17:23:36-ed540bb24003,gpu,320,180,10,20,100,118,0,0,0,1,0.012166,0,0.012166,428.492,428.504,0,426.119,5.82947,576000,1,0,"Apple M1","Darwin 25.2.0","clang 17.0.0 (clang-1700.6.3.2)",8,2026-01-30T17:51:24,ok
2026-01-30T17:23:36-ed540bb24003,gpu,320,180,10,20,100,118,0,0,0,1,0.028834,0,0.028834,427.368,427.397,0,425.048,5.87634,576000,0,1,"Apple M1","Darwin 25.2.0","clang 17.0.0 (clang-1700.6.3.2)",8,2026-01-30T17:51:24,ok
2026-01-30T17:23:36-ed540bb24003,gpu,320,180,10,20,100,118,0,0,0,1,0.063292,0,0.063292,417.57,417.634,0,413.614,6.11072,576000,0,2,"Apple M1","Darwin 25.2.0","clang 17.0.0 (clang-1700.6.3.2)",8,2026-01-30T17:51:25,ok
2026-01-30T17:23:36-ed540bb24003,gpu,320,180,10,20,100,118,0,0,0,1,0.036208,0,0.036208,417.399,417.435,0,414.418,6.11072,576000,0,3,"Apple M1","Darwin 25.2.0","clang 17.0.0 (clang-1700.6.3.2)",8,2026-01-30T17:51:25,ok
2026-01-30T17:23:36-ed540bb24003,original,320,180,10,20,100,118,8,0,0,0,0.013458,0,0.013458,9307.46,9307.48,0,0,5.82947,4552486,1,0,"Apple M1","Darwin 25.2.0","clang 17.0.0 (clang-1700.6.3.2)",8,2026-01-30T17:51:34,ok
2026-01-30T17:23:36-ed540bb24003,original,320,180,10,20,100,118,8,0,0,0,0.016875,0,0.016875,9315.84,9315.85,0,0,5.56384,4558519,0,1,"Apple M1","Darwin 25.2.0","clang 17.0.0 (clang-1700.6.3.2)",8,2026-01-30T17:51:44,ok
2026-01-30T17:23:36-ed540bb24003,original,320,180,10,20,100,118,8,0,0,0,0.046792,0,0.046792,9327.02,9327.06,0,0,5.56384,4568817,0,2,"Apple M1","Darwin 25.2.0","clang 17.0.0 (clang-1700.6.3.2)",8,2026-01-30T17:51:53,ok
2026-01-30T17:23:36-ed540bb24003,original,320,180,10,20,100,118,8,0,0,0,0.021167,0,0.021167,9290.94,9290.96,0,0,5.56384,4558011,0,3,"Apple M1","Darwin 25.2.0","clang 17.0.0 (clang-1700.6.3.2)",8,2026-01-30T17:52:02,ok
2026-01-30T17:23:36-ed540bb24003,bvh,320,180,10,20,100,118,8,1,0,0,0.029834,0.053833,0.083667,2970.26,2970.34,0,0,5.56384,4556508,1,0,"Apple M1","Darwin 25.2.0","clang 17.0.0 (clang-1700.6.3.2)",8,2026-01-30T17:52:05,ok
2026-01-30T17:23:36-ed540bb24003,bvh,320,180,10,20,100,118,8,1,0,0,0.020666,0.037167,0.057833,3095.19,3095.24,0,0,5.56384,4565878,0,1,"Apple M1","Darwin 25.2.0","clang 17.0.0 (clang-1700.6.3.2)",8,2026-01-30T17:52:08,ok
2026-01-30T17:23:36-ed540bb24003,bvh,320,180,10,20,100,118,8,1,0,0,0.0185,0.044667,0.063167,3087.96,3088.02,0,0,5.56384,4554028,0,2,"Apple M1","Darwin 25.2.0","clang 17.0.0 (clang-1700.6.3.2)",8,2026-01-30T17:52:12,ok
2026-01-30T17:23:36-ed540bb24003,bvh,320,180,10,20,100,118,8,1,0,0,0.015291,0.043959,0.05925,2734.01,2734.07,0,0,5.56384,4545522,0,3,"Apple M1","Darwin 25.2.0","clang 17.0.0 (clang-1700.6.3.2)",8,2026-01-30T17:52:14,ok
2026-01-30T17:23:36-ed540bb24003,bvh-mt,320,180,10,20,100,118,8,1,1,0,0.029625,0.052292,0.081917,727.358,727.44,0.116291,0,5.56384,4550955,1,0,"Apple M1","Darwin 25.2.0","clang 17.0.0 (clang-1700.6.3.2)",8,2026-01-30T17:52:15,ok
2026-01-30T17:23:36-ed540bb24003,bvh-mt,320,180,10,20,100,118,8,1,1,0,0.01225,0.033708,0.045958,960.859,960.905,0.061708,0,5.56384,4559865,0,1,"Apple M1","Darwin 25.2.0","clang 17.0.0 (clang-1700.6.3.2)",8,2026-01-30T17:52:16,ok
2026-01-30T17:23:36-ed540bb24003,bvh-mt,320,180,10,20,100,118,8,1,1,0,0.01275,0.03725,0.05,971.709,971.759,0.081,0,5.56384,4558003,0,2,"Apple M1","Darwin 25.2.0","clang 17.0.0 (clang-1700.6.3.2)",8,2026-01-30T17:52:17,ok
2026-01-30T17:23:36-ed540bb24003,bvh-mt,320,180,10,20,100,118,8,1,1,0,0.013208,0.035875,0.049083,1053.99,1054.04,0.0635,0,5.56384,4559455,0,3,"Apple M1","Darwin 25.2.0","clang 17.0.0 (clang-1700.6.3.2)",8,2026-01-30T17:52:18,ok
2026-01-30T17:23:36-ed540bb24003,gpu,320,180,10,20,100,118,0,0,0,1,0.015334,0,0.015334,429.706,429.722,0,426.529,5.82947,576000,1,0,"Apple M1","Darwin 25.2.0","clang 17.0.0 (clang-1700.6.3.2)",8,2026-01-30T17:52:18,ok
2026-01-30T17:23:36-ed540bb24003,gpu,320,180,10,20,100,118,0,0,0,1,0.061334,0,0.061334,423.04,423.101,0,418.427,6.09509,576000,0,1,"Apple M1","Darwin 25.2.0","clang 17.0.0 (clang-1700.6.3.2)",8,2026-01-30T17:52:19,ok
2026-01-30T17:23:36-ed540bb24003,gpu,320,180,10,20,100,118,0,0,0,1,0.059375,0,0.059375,425.971,426.031,0,421.753,6.09509,576000,0,2,"Apple M1","Darwin 25.2.0","clang 17.0.0 (clang-1700.6.3.2)",8,2026-01-30T17:52:19,ok
2026-01-30T17:23:36-ed540bb24003,gpu,320,180,10,20,100,118,0,0,0,1,0.088917,0,0.088917,416.526,416.615,0,413.346,6.09509,576000,0,3,"Apple M1","Darwin 25.2.0","clang 17.0.0 (clang-1700.6.3.2)",8,2026-01-30T17:52:20,ok
2026-01-30T17:23:36-ed540bb24003,original,320,180,20,10,0,18,1,0,0,0,0.021625,0,0.021625,6848.25,6848.27,0,0,5.82947,6783609,1,0,"Apple M1","Darwin 25.2.0","clang 17.0.0 (clang-1700.6.3.2)",8,2026-01-30T17:52:27,ok
2026-01-30T17:23:36-ed540bb24003,original,320,180,20,10,0,18,1,0,0,0,0.016333,0,0.016333,6928.6,6928.62,0,0,5.73572,6788277,0,1,"Apple M1","Darwin 25.2.0","clang 17.0.0 (clang-1700.6.3.2)",8,2026-01-30T17:52:33,ok
2026-01-30T17:23:36-ed540bb24003,original,320,180,20,10,0,18,1,0,0,0,0.011084,0,0.011084,6850.22,6850.23,0,0,5.73572,6780733,0,2,"Apple M1","Darwin 25.2.0","clang 17.0.0 (clang-1700.6.3.2)",8,2026-01-30T17:52:40,ok
2026-01-30T17:23:36-ed540bb24003,original,320,180,20,10,0,18,1,0,0,0,0.022166,0,0.022166,6813.74,6813.76,0,0,5.47009,6785307,0,3,"Apple M1","Darwin 25.2.0","clang 17.0.0 (clang-1700.6.3.2)",8,2026-01-30T17:52:47,ok
2026-01-30T17:23:36-ed540bb24003,bvh,320,180,20,10,0,18,1,1,0,0,0.012291,0.031625,0.043916,2511.96,2512,0,0,5.47009,6779279,1,0,"Apple M1","Darwin 25.2.0","clang 17.0.0 (clang-1700.6.3.2)",8,2026-01-30T17:52:50,ok
2026-01-30T17:23:36-ed540bb24003,bvh,320,180,20,10,0,18,1,1,0,0,0.00925,0.004459,0.013709,2713.03,2713.04,0,0,5.47009,6779947,0,1,"Apple M1","Darwin 25.2.0","clang 17.0.0 (clang-1700.6.3.2)",8,2026-01-30T17:52:52,ok
2026-01-30T17:23:36-ed540bb24003,bvh,320,180,20,10,0,18,1,1,0,0,0.014709,0.00525,0.019959,2754.13,2754.15,0,0,5.47009,6780928,0,2,"Apple M1","Darwin 25.2.0","clang 17.0.0 (clang-1700.6.3.2)",8,2026-01-30T17:52:55,ok
2026-01-30T17:23:36-ed540bb24003,bvh,320,180,20,10,0,18,1,1,0,0,0.011417,0.007417,0.018834,2536.68,2536.7,0,0,5.47009,6782656,0,3,"Apple M1","Darwin 25.2.0","clang 17.0.0 (clang-1700.6.3.2)",8,2026-01-30T17:52:58,ok
2026-01-30T17:23:36-ed540bb24003,bvh-mt,320,180,20,10,0,18,1,1,1,0,0.013917,0.010125,0.024042,2461.5,2461.53,0,0,5.47009,6780834,1,0,"Apple M1","Darwin 25.2.0","clang 17.0.0 (clang-1700.6.3.2)",8,2026-01-30T17:53:00,ok
2026-01-30T17:23:36-ed540bb24003,bvh-mt,320,180,20,10,0,18,1,1,1,0,0.011958,0.005333,0.017291,2457.65,2457.67,0,0,5.47009,6777942,0,1,"Apple M1","Darwin 25.2.0","clang 17.0.0 (clang-1700.6.3.2)",8,2026-01-30T17:53:03,ok
2026-01-30T17:23:36-ed540bb24003,bvh-mt,320,180,20,10,0,18,1,1,1,0,0.008459,0.005834,0.014293,2884.88,2884.9,0,0,5.47009,6783507,0,2,"Apple M1","Darwin 25.2.0","clang 17.0.0 (clang-1700.6.3.2)",8,2026-01-30T17:53:05,ok
2026-01-30T17:23:36-ed540bb24003,bvh-mt,320,180,20,10,0,18,1,1,1,0,0.033708,0.008083,0.041791,2850.18,2850.22,0,0,5.47009,6783972,0,3,"Apple M1","Darwin 25.2.0","clang 17.0.0 (clang-1700.6.3.2)",8,2026-01-30T17:53:08,ok
2026-01-30T17:23:36-ed540bb24003,gpu,320,180,20,10,0,18,0,0,0,1,0.009125,0,0.009125,227.408,227.417,0,224.745,5.82947,1152000,1,0,"Apple M1","Darwin 25.2.0","clang 17.0.0 (clang-1700.6.3.2)",8,2026-01-30T17:53:09,ok
2026-01-30T17:23:36-ed540bb24003,gpu,320,180,20,10,0,18,0,0,0,1,0.012417,0,0.012417,216.408,216.42,0,214.121,5.82947,1152000,0,1,"Apple M1","Darwin 25.2.0","clang 17.0.0 (clang-1700.6.3.2)",8,2026-01-30T17:53:09,ok
2026-01-30T17:23:36-ed540bb24003,gpu,320,180,20,10,0,18,0,0,0,1,0.019209,0,0.019209,222.982,223.001,0,219.869,6.09509,1152000,0,2,"Apple M1","Darwin 25.2.0","clang 17.0.0 (clang-1700.6.3.2)",8,2026-01-30T17:53:09,ok
2026-01-30T17:23:36-ed540bb24003,gpu,320,180,20,10,0,18,0,0,0,1,0.032875,0,0.032875,218.656,218.689,0,214.234,6.09509,1152000,0,3,"Apple M1","Darwin 25.2.0","clang 17.0.0 (clang-1700.6.3.2)",8,2026-01-30T17:53:09,ok
2026-01-30T17:23:36-ed540bb24003,original,320,180,20,10,0,18,2,0,0,0,0.020083,0,0.020083,6830.87,6830.89,0,0,5.82947,6781299,1,0,"Apple M1","Darwin 25.2.0","clang 17.0.0 (clang-1700.6.3.2)",8,2026-01-30T17:53:16,ok
2026-01-30T17:23:36-ed540bb24003,original,320,180,20,10,0,18,2,0,0,0,0.016916,0,0.016916,6797.66,6797.67,0,0,5.73572,6778247,0,1,"Apple M1","Darwin 25.2.0","clang 17.0.0 (clang-1700.6.3.2)",8,2026-01-30T17:53:23,ok
2026-01-30T17:23:36-ed540bb24003,original,320,180,20,10,0,18,2,0,0,0,0.010334,0,0.010334,6818.32,6818.34,0,0,5.73572,6781217,0,2,"Apple M1","Darwin 25.2.0","clang 17.0.0 (clang-1700.6.3.2)",8,2026-01-30T17:53:30,ok
2026-01-30T17:23:36-ed540bb24003,original,320,180,20,10,0,18,2,0,0,0,0.016834,0,0.016834,6794.71,6794.73,0,0,5.47009,6779802,0,3,"Apple M1","Darwin 25.2.0","clang 17.0.0 (clang-1700.6.3.2)",8,2026-01-30T17:53:36,ok
2026-01-30T17:23:36-ed540bb24003,bvh,320,180,20,10,0,18,2,1,0,0,0.016208,0.020042,0.03625,3207.08,3207.11,0,0,5.47009,6782615,1,0,"Apple M1","Darwin 25.2.0","clang 17.0.0 (clang-1700.6.3.2)",8,2026-01-30T17:53:40,ok
2026-01-30T17:23:36-ed540bb24003,bvh,320,180,20,10,0,18,2,1,0,0,0.01075,0.005334,0.016084,2683.84,2683.86,0,0,5.47009,6786437,0,1,"Apple M1","Darwin 25.2.0","clang 17.0.0 (clang-1700.6.3.2)",8,2026-01-30T17:53:42,ok
2026-01-30T17:23:36-ed540bb24003,bvh,320,180,20,10,0,18,2,1,0,0,0.013666,0.004709,0.018375,2704.13,2704.15,0,0,5.47009,6779879,0,2,"Apple M1","Darwin 25.2.0","clang 17.0.0 (clang-1700.6.3.2)",8,2026-01-30T17:53:45,ok
2026-01-30T17:23:36-ed540bb24003,bvh,320,180,20,10,0,18,2,1,0,0,0.019625,0.010458,0.030083,2830.01,2830.04,0,0,5.47009,6781026,0,3,"Apple M1","Darwin 25.2.0","clang 17.0.0 (clang-1700.6.3.2)",8,2026-01-30T17:53:48,ok
2026-01-30T17:23:36-ed540bb24003,bvh-mt,320,180,20,10,0,18,2,1,1,0,0.008,0.005542,0.013542,1450.32,1450.33,0.042667,0,5.47009,6783130,1,0,"Apple M1","Darwin 25.2.0","clang 17.0.0 (clang-1700.6.3.2)",8,2026-01-30T17:53:49,ok
2026-01-30T17:23:36-ed540bb24003,bvh-mt,320,180,20,10,0,18,2,1,1,0,0.01,0.005584,0.015584,1383.88,1383.9,0.024291,0,5.47009,6782369,0,1,"Apple M1","Darwin 25.2.0","clang 17.0.0 (clang-1700.6.3.2)",8,2026-01-30T17:53:51,ok
2026-01-30T17:23:36-ed540bb24003,bvh-mt,320,180,20,10,0,18,2,1,1,0,0.008291,0.004708,0.012999,1444.6,1444.61,0.022125,0,5.47009,6779763,0,2,"Apple M1","Darwin 25.2.0","clang 17.0.0 (clang-1700.6.3.2)",8,2026-01-30T17:53:52,ok
2026-01-30T17:23:36-ed540bb24003,bvh-mt,320,180,20,10,0,18,2,1,1,0,0.018041,0.014459,0.0325,1492.22,1492.25,0.029583,0,5.47009,6777569,0,3,"Apple M1","Darwin 25.2.0","clang 17.0.0 (clang-1700.6.3.2)",8,2026-01-30T17:53:54,ok
2026-01-30T17:23:36-ed540bb24003,gpu,320,180,20,10,0,18,0,0,0,1,0.018,0,0.018,229.82,229.838,0,226.927,5.82947,1152000,1,0,"Apple M1","Darwin 25.2.0","clang 17.0.0 (clang-1700.6.3.2)",8,2026-01-30T17:53:54,ok
2026-01-30T17:23:36-ed540bb24003,gpu,320,180,20,10,0,18,0,0,0,1,0.035125,0,0.035125,220.021,220.057,0,212.783,6.09509,1152000,0,1,"Apple M1","Darwin 25.2.0","clang 17.0.0 (clang-1700.6.3.2)",8,2026-01-30T17:53:54,ok
2026-01-30T17:23:36-ed540bb24003,gpu,320,180,20,10,0,18,0,0,0,1,0.020334,0,0.020334,220.436,220.457,0,217.188,6.09509,1152000,0,2,"Apple M1","Darwin 25.2.0","clang 17.0.0 (clang-1700.6.3.2)",8,2026-01-30T17:53:54,ok
2026-01-30T17:23:36-ed540bb24003,gpu,320,180,20,10,0,18,0,0,0,1,0.036125,0,0.036125,217.687,217.723,0,213.449,6.09509,1152000,0,3,"Apple M1","Darwin 25.2.0","clang 17.0.0 (clang-1700.6.3.2)",8,2026-01-30T17:53:55,ok
2026-01-30T17:23:36-ed540bb24003,original,320,180,20,10,0,18,3,0,0,0,0.0335,0,0.0335,6897.88,6897.91,0,0,5.82947,6788244,1,0,"Apple M1","Darwin 25.2.0","clang 17.0.0 (clang-1700.6.3.2)",8,2026-01-30T17:54:01,ok
2026-01-30T17:23:36-ed540bb24003,original,320,180,20,10,0,18,3,0,0,0,0.016834,0,0.016834,6816.1,6816.12,0,0,5.82947,6778766,0,1,"Apple M1","Darwin 25.2.0","clang 17.0.0 (clang-1700.6.3.2)",8,2026-01-30T17:54:08,ok
2026-01-30T17:23:36-ed540bb24003,original,320,180,20,10,0,18,3,0,0,0,0.016708,0,0.016708,6843.36,6843.38,0,0,5.73572,6780145,0,2,"Apple M1","Darwin 25.2.0","clang 17.0.0 (clang-1700.6.3.2)",8,2026-01-30T17:54:15,ok
2026-01-30T17:23:36-ed540bb24003,original,320,180,20,10,0,18,3,0,0,0,0.015541,0,0.015541,6816.79,6816.81,0,0,5.73572,6784089,0,3,"Apple M1","Darwin 25.2.0","clang 17.0.0 (clang-1700.6.3.2)",8,2026-01-30T17:54:22,ok
2026-01-30T17:23:36-ed540bb24003,bvh,320,180,20,10,0,18,3,1,0,0,0.012542,0.027125,0.039667,2990.54,2990.58,0,0,5.47009,6785672,1,0,"Apple M1","Darwin 25.2.0","clang 17.0.0 (clang-1700.6.3.2)",8,2026-01-30T17:54:25,ok
2026-01-30T17:23:36-ed540bb24003,bvh,320,180,20,10,0,18,3,1,0,0,0.030791,0.005125,0.035916,2667.17,2667.2,0,0,5.47009,6785700,0,1,"Apple M1","Darwin 25.2.0","clang 17.0.0 (clang-1700.6.3.2)",8,2026-01-30T17:54:28,ok
2026-01-30T17:23:36-ed540bb24003,bvh,320,180,20,10,0,18,3,1,0,0,0.012125,0.013833,0.025958,2719.19,2719.21,0,0,5.47009,6777586,0,2,"Apple M1","Darwin 25.2.0","clang 17.0.0 (clang-1700.6.3.2)",8,2026-01-30T17:54:30,ok
2026-01-30T17:23:36-ed540bb24003,bvh,320,180,20,10,0,18,3,1,0,0,0.00775,0.005459,0.013209,2832.14,2832.16,0,0,5.47009,6782587,0,3,"Apple M1","Darwin 25.2.0","clang 17.0.0 (clang-1700.6.3.2)",8,2026-01-30T17:54:33,ok
2026-01-30T17:23:36-ed540bb24003,bvh-mt,320,180,20,10,0,18,3,1,1,0,0.010292,0.00525,0.015542,1090.91,1090.92,0.050875,0,5.47009,6787146,1,0,"Apple M1","Darwin 25.2.0","clang 17.0.0 (clang-1700.6.3.2)",8,2026-01-30T17:54:34,ok
2026-01-30T17:23:36-ed540bb24003,bvh-mt,320,180,20,10,0,18,3,1,1,0,0.00825,0.006375,0.014625,1215.28,1215.3,0.021917,0,5.47009,6785877,0,1,"Apple M1","Darwin 25.2.0","clang 17.0.0 (clang-1700.6.3.2)",8,2026-01-30T17:54:35,ok
2026-01-30T17:23:36-ed540bb24003,bvh-mt,320,180,20,10,0,18,3,1,1,0,0.008625,0.005542,0.014167,1227.23,1227.24,0.033125,0,5.47009,6777659,0,2,"Apple M1","Darwin 25.2.0","clang 17.0.0 (clang-1700.6.3.2)",8,2026-01-30T17:54:37,ok
2026-01-30T17:23:36-ed540bb24003,bvh-mt,320,180,20,10,0,18,3,1,1,0,0.01125,0.006083,0.017333,1163.71,1163.73,0.03675,0,5.47009,6782457,0,3,"Apple M1","Darwin 25.2.0","clang 17.0.0 (clang-1700.6.3.2)",8,2026-01-30T17:54:38,ok
2026-01-30T17:23:36-ed540bb24003,gpu,320,180,20,10,0,18,0,0,0,1,0.012583,0,0.012583,228.823,228.836,0,225.607,5.82947,1152000,1,0,"Apple M1","Darwin 25.2.0","clang 17.0.0 (clang-1700.6.3.2)",8,2026-01-30T17:54:38,ok
2026-01-30T17:23:36-ed540bb24003,gpu,320,180,20,10,0,18,0,0,0,1,0.035666,0,0.035666,216.551,216.587,0,213.317,6.09509,1152000,0,1,"Apple M1","Darwin 25.2.0","clang 17.0.0 (clang-1700.6.3.2)",8,2026-01-30T17:54:38,ok
2026-01-30T17:23:36-ed540bb24003,gpu,320,180,20,10,0,18,0,0,0,1,0.01475,0,0.01475,222.052,222.067,0,219.511,6.09509,1152000,0,2,"Apple M1","Darwin 25.2.0","clang 17.0.0 (clang-1700.6.3.2)",8,2026-01-30T17:54:38,ok
2026-01-30T17:23:36-ed540bb24003,gpu,320,180,20,10,0,18,0,0,0,1,0.0225,0,0.0225,222.55,222.572,0,212.842,6.09509,1152000,0,3,"Apple M1","Darwin 25.2.0","clang 17.0.0 (clang-1700.6.3.2)",8,2026-01-30T17:54:39,ok
2026-01-30T17:23:36-ed540bb24003,original,320,180,20,10,0,18,4,0,0,0,0.019708,0,0.019708,6865.27,6865.29,0,0,5.82947,6781674,1,0,"Apple M1","Darwin 25.2.0","clang 17.0.0 (clang-1700.6.3.2)",8,2026-01-30T17:54:46,ok
2026-01-30T17:23:36-ed540bb24003,original,320,180,20,10,0,18,4,0,0,0,0.029375,0,0.029375,6822.11,6822.14,0,0,5.73572,6782188,0,1,"Apple M1","Darwin 25.2.0","clang 17.0.0 (clang-1700.6.3.2)",8,2026-01-30T17:54:52,ok
2026-01-30T17:23:36-ed540bb24003,original,320,180,20,10,0,18,4,0,0,0,0.024292,0,0.024292,6822.35,6822.38,0,0,5.73572,6788758,0,2,"Apple M1","Darwin 25.2.0","clang 17.0.0 (clang-1700.6.3.2)",8,2026-01-30T17:54:59,ok
2026-01-30T17:23:36-ed540bb24003,original,320,180,20,10,0,18,4,0,0,0,0.020708,0,0.020708,6813.87,6813.89,0,0,5.47009,6781258,0,3,"Apple M1","Darwin 25.2.0","clang 17.0.0 (clang-1700.6.3.2)",8,2026-01-30T17:55:06,ok
2026-01-30T17:23:36-ed540bb24003,bvh,320,180,20,10,0,18,4,1,0,0,0.019792,0.029625,0.049417,2847.77,2847.82,0,0,5.47009,6787504,1,0,"Apple M1","Darwin 25.2.0","clang 17.0.0 (clang-1700.6.3.2)",8,2026-01-30T17:55:09,ok
2026-01-30T17:23:36-ed540bb24003,bvh,320,180,20,10,0,18,4,1,0,0,0.019959,0.006083,0.026042,2753.85,2753.87,0,0,5.47009,6779061,0,1,"Apple M1","Darwin 25.2.0","clang 17.0.0 (clang-1700.6.3.2)",8,2026-01-30T17:55:12,ok
2026-01-30T17:23:36-ed540bb24003,bvh,320,180,20,10,0,18,4,1,0,0,0.008542,0.006625,0.015167,2665.71,2665.73,0,0,5.47009,6785442,0,2,"Apple M1","Darwin 25.2.0","clang 17.0.0 (clang-1700.6.3.2)",8,2026-01-30T17:55:14,ok
2026-01-30T17:23:36-ed540bb24003,bvh,320,180,20,10,0,18,4,1,0,0,0.01225,0.004541,0.016791,2686.32,2686.34,0,0,5.47009,6779113,0,3,"Apple M1","Darwin 25.2.0","clang 17.0.0 (clang-1700.6.3.2)",8,2026-01-30T17:55:17,ok
2026-01-30T17:23:36-ed540bb24003,bvh-mt,320,180,20,10,0,18,4,1,1,0,0.013166,0.00725,0.020416,1069.01,1069.03,0.077417,0,5.47009,6784137,1,0,"Apple M1","Darwin 25.2.0","clang 17.0.0 (clang-1700.6.3.2)",8,2026-01-30T17:55:18,ok
2026-01-30T17:23:36-ed540bb24003,bvh-mt,320,180,20,10,0,18,4,1,1,0,0.011625,0.004708,0.016333,1111.03,1111.04,0.036834,0,5.47009,6783640,0,1,"Apple M1","Darwin 25.2.0","clang 17.0.0 (clang-1700.6.3.2)",8,2026-01-30T17:55:19,ok
2026-01-30T17:23:36-ed540bb24003,bvh-mt,320,180,20,10,0,18,4,1,1,0,0.008083,0.00475,0.012833,952.602,952.614,0.029333,0,5.47009,6790604,0,2,"Apple M1","Darwin 25.2.0","clang 17.0.0 (clang-1700.6.3.2)",8,2026-01-30T17:55:20,ok
2026-01-30T17:23:36-ed540bb24003,bvh-mt,320,180,20,10,0,18,4,1,1,0,0.0085,0.005125,0.013625,1096.67,1096.68,0.031334,0,5.47009,6791739,0,3,"Apple M1","Darwin 25.2.0","clang 17.0.0 (clang-1700.6.3.2)",8,2026-01-30T17:55:21,ok
2026-01-30T17:23:36-ed540bb24003,gpu,320,180,20,10,0,18,0,0,0,1,0.007792,0,0.007792,226.878,226.886,0,223.476,5.82947,1152000,1,0,"Apple M1","Darwin 25.2.0","clang 17.0.0 (clang-1700.6.3.2)",8,2026-01-30T17:55:21,ok
2026-01-30T17:23:36-ed540bb24003,gpu,320,180,20,10,0,18,0,0,0,1,0.034792,0,0.034792,216.868,216.903,0,212.851,6.09509,1152000,0,1,"Apple M1","Darwin 25.2.0","clang 17.0.0 (clang-1700.6.3.2)",8,2026-01-30T17:55:22,ok
2026-01-30T17:23:36-ed540bb24003,gpu,320,180,20,10,0,18,0,0,0,1,0.032416,0,0.032416,221.849,221.882,0,217.061,6.09509,1152000,0,2,"Apple M1","Darwin 25.2.0","clang 17.0.0 (clang-1700.6.3.2)",8,2026-01-30T17:55:22,ok
2026-01-30T17:23:36-ed540bb24003,gpu,320,180,20,10,0,18,0,0,0,1,0.033292,0,0.033292,218.955,218.988,0,214.741,6.09509,1152000,0,3,"Apple M1","Darwin 25.2.0","clang 17.0.0 (clang-1700.6.3.2)",8,2026-01-30T17:55:22,ok
2026-01-30T17:23:36-ed540bb24003,original,320,180,20,10,0,18,5,0,0,0,0.036042,0,0.036042,6874.81,6874.84,0,0,5.82947,6792420,1,0,"Apple M1","Darwin 25.2.0","clang 17.0.0 (clang-1700.6.3.2)",8,2026-01-30T17:55:29,ok
2026-01-30T17:23:36-ed540bb24003,original,320,180,20,10,0,18,5,0,0,0,0.038,0,0.038,6795.01,6795.04,0,0,5.73572,6780762,0,1,"Apple M1","Darwin 25.2.0","clang 17.0.0 (clang-1700.6.3.2)",8,2026-01-30T17:55:36,ok
2026-01-30T17:23:36-ed540bb24003,original,320,180,20,10,0,18,5,0,0,0,0.009417,0,0.009417,6959.7,6959.71,0,0,5.47009,6783374,0,2,"Apple M1","Darwin 25.2.0","clang 17.0.0 (clang-1700.6.3.2)",8,2026-01-30T17:55:43,ok
2026-01-30T17:23:36-ed540bb24003,original,320,180,20,10,0,18,5,0,0,0,0.027125,0,0.027125,6837.83,6837.85,0,0,5.47009,6784677,0,3,"Apple M1","Darwin 25.2.0","clang 17.0.0 (clang-1700.6.3.2)",8,2026-01-30T17:55:50,ok
2026-01-30T17:23:36-ed540bb24003,bvh,320,180,20,10,0,18,5,1,0,0,0.015208,0.024917,0.040125,2722.75,2722.79,0,0,5.47009,6773408,1,0,"Apple M1","Darwin 25.2.0","clang 17.0.0 (clang-1700.6.3.2)",8,2026-01-30T17:55:52,ok
2026-01-30T17:23:36-ed540bb24003,bvh,320,180,20,10,0,18,5,1,0,0,0.009042,0.005292,0.014334,3154.16,3154.18,0,0,5.47009,6784726,0,1,"Apple M1","Darwin 25.2.0","clang 17.0.0 (clang-1700.6.3.2)",8,2026-01-30T17:55:55,ok
2026-01-30T17:23:36-ed540bb24003,bvh,320,180,20,10,0,18,5,1,0,0,0.009458,0.005167,0.014625,2689.45,2689.46,0,0,5.47009,6778278,0,2,"Apple M1","Darwin 25.2.0","clang 17.0.0 (clang-1700.6.3.2)",8,2026-01-30T17:55:58,ok
2026-01-30T17:23:36-ed540bb24003,bvh,320,180,20,10,0,18,5,1,0,0,0.007958,0.00775,0.015708,2734.15,2734.16,0,0,5.47009,6780028,0,3,"Apple M1","Darwin 25.2.0","clang 17.0.0 (clang-1700.6.3.2)",8,2026-01-30T17:56:01,ok
2026-01-30T17:23:36-ed540bb24003,bvh-mt,320,180,20,10,0,18,5,1,1,0,0.021584,0.00825,0.029834,918.054,918.084,0.096917,0,5.47009,6779941,1,0,"Apple M1","Darwin 25.2.0","clang 17.0.0 (clang-1700.6.3.2)",8,2026-01-30T17:56:02,ok
2026-01-30T17:23:36-ed540bb24003,bvh-mt,320,180,20,10,0,18,5,1,1,0,0.00925,0.00525,0.0145,898.072,898.086,0.042583,0,5.47009,6784955,0,1,"Apple M1","Darwin 25.2.0","clang 17.0.0 (clang-1700.6.3.2)",8,2026-01-30T17:56:03,ok
2026-01-30T17:23:36-ed540bb24003,bvh-mt,320,180,20,10,0,18,5,1,1,0,0.008583,0.004667,0.01325,840.071,840.084,0.036208,0,5.47009,6778951,0,2,"Apple M1","Darwin 25.2.0","clang 17.0.0 (clang-1700.6.3.2)",8,2026-01-30T17:56:04,ok
2026-01-30T17:23:36-ed540bb24003,bvh-mt,320,180,20,10,0,18,5,1,1,0,0.007625,0.005958,0.013583,882.275,882.288,0.03975,0,5.47009,6788888,0,3,"Apple M1","Darwin 25.2.0","clang 17.0.0 (clang-1700.6.3.2)",8,2026-01-30T17:56:04,ok
2026-01-30T17:23:36-ed540bb24003,gpu,320,180,20,10,0,18,0,0,0,1,0.009,0,0.009,228.9,228.909,0,225.827,5.82947,1152000,1,0,"Apple M1","Darwin 25.2.0","clang 17.0.0 (clang-1700.6.3.2)",8,2026-01-30T17:56:05,ok
2026-01-30T17:23:36-ed540bb24003,gpu,320,180,20,10,0,18,0,0,0,1,0.018834,0,0.018834,215.698,215.717,0,212.54,5.82947,1152000,0,1,"Apple M1","Darwin 25.2.0","clang 17.0.0 (clang-1700.6.3.2)",8,2026-01-30T17:56:05,ok
2026-01-30T17:23:36-ed540bb24003,gpu,320,180,20,10,0,18,0,0,0,1,0.0365,0,0.0365,230.657,230.693,0,218.522,6.09509,1152000,0,2,"Apple M1","Darwin 25.2.0","clang 17.0.0 (clang-1700.6.3.2)",8,2026-01-30T17:56:05,ok
2026-01-30T17:23:36-ed540bb24003,gpu,320,180,20,10,0,18,0,0,0,1,0.0345,0,0.0345,223.881,223.915,0,215.137,6.09509,1152000,0,3,"Apple M1","Darwin 25.2.0","clang 17.0.0 (clang-1700.6.3.2)",8,2026-01-30T17:56:05,ok
2026-01-30T17:23:36-ed540bb24003,original,320,180,20,10,0,18,6,0,0,0,0.039958,0,0.039958,6898.83,6898.87,0,0,5.82947,6788150,1,0,"Apple M1","Darwin 25.2.0","clang 17.0.0 (clang-1700.6.3.2)",8,2026-01-30T17:56:12,ok
2026-01-30T17:23:36-ed540bb24003,original,320,180,20,10,0,18,6,0,0,0,0.016292,0,0.016292,6814.68,6814.7,0,0,5.82947,6785060,0,1,"Apple M1","Darwin 25.2.0","clang 17.0.0 (clang-1700.6.3.2)",8,2026-01-30T17:56:19,ok
2026-01-30T17:23:36-ed540bb24003,original,320,180,20,10,0,18,6,0,0,0,0.037292,0,0.037292,6816.7,6816.74,0,0,5.73572,6780973,0,2,"Apple M1","Darwin 25.2.0","clang 17.0.0 (clang-1700.6.3.2)",8,2026-01-30T17:56:26,ok
2026-01-30T17:23:36-ed540bb24003,original,320,180,20,10,0,18,6,0,0,0,0.011958,0,0.011958,6829.3,6829.32,0,0,5.47009,6778956,0,3,"Apple M1","Darwin 25.2.0","clang 17.0.0 (clang-1700.6.3.2)",8,2026-01-30T17:56:33,ok
2026-01-30T17:23:36-ed540bb24003,bvh,320,180,20,10,0,18,6,1,0,0,0.027042,0.017792,0.044834,2845.75,2845.79,0,0,5.47009,6773488,1,0,"Apple M1","Darwin 25.2.0","clang 17.0.0 (clang-1700.6.3.2)",8,2026-01-30T17:56:36,ok
2026-01-30T17:23:36-ed540bb24003,bvh,320,180,20,10,0,18,6,1,0,0,0.012333,0.005542,0.017875,2385.03,2385.04,0,0,5.47009,6783805,0,1,"Apple M1","Darwin 25.2.0","clang 17.0.0 (clang-1700.6.3.2)",8,2026-01-30T17:56:38,ok
2026-01-30T17:23:36-ed540bb24003,bvh,320,180,20,10,0,18,6,1,0,0,0.012167,0.005208,0.017375,2616.72,2616.74,0,0,5.47009,6776597,0,2,"Apple M1","Darwin 25.2.0","clang 17.0.0 (clang-1700.6.3.2)",8,2026-01-30T17:56:41,ok
2026-01-30T17:23:36-ed540bb24003,bvh,320,180,20,10,0,18,6,1,0,0,0.008708,0.004834,0.013542,3184.88,3184.9,0,0,5.47009,6779620,0,3,"Apple M1","Darwin 25.2.0","clang 17.0.0 (clang-1700.6.3.2)",8,2026-01-30T17:56:44,ok
2026-01-30T17:23:36-ed540bb24003,bvh-mt,320,180,20,10,0,18,6,1,1,0,0.008875,0.004875,0.01375,841.713,841.727,0.078167,0,5.47009,6779943,1,0,"Apple M1","Darwin 25.2.0","clang 17.0.0 (clang-1700.6.3.2)",8,2026-01-30T17:56:45,ok
2026-01-30T17:23:36-ed540bb24003,bvh-mt,320,180,20,10,0,18,6,1,1,0,0.013917,0.005792,0.019709,799.282,799.302,0.040916,0,5.47009,6779315,0,1,"Apple M1","Darwin 25.2.0","clang 17.0.0 (clang-1700.6.3.2)",8,2026-01-30T17:56:45,ok
2026-01-30T17:23:36-ed540bb24003,bvh-mt,320,180,20,10,0,18,6,1,1,0,0.007958,0.004583,0.012541,859.123,859.135,0.049542,0,5.47009,6781392,0,2,"Apple M1","Darwin 25.2.0","clang 17.0.0 (clang-1700.6.3.2)",8,2026-01-30T17:56:46,ok
2026-01-30T17:23:36-ed540bb24003,bvh-mt,320,180,20,10,0,18,6,1,1,0,0.008792,0.005083,0.013875,824.092,824.106,0.05575,0,5.47009,6780302,0,3,"Apple M1","Darwin 25.2.0","clang 17.0.0 (clang-1700.6.3.2)",8,2026-01-30T17:56:47,ok
2026-01-30T17:23:36-ed540bb24003,gpu,320,180,20,10,0,18,0,0,0,1,0.007833,0,0.007833,226.532,226.54,0,223.87,5.82947,1152000,1,0,"Apple M1","Darwin 25.2.0","clang 17.0.0 (clang-1700.6.3.2)",8,2026-01-30T17:56:47,ok
2026-01-30T17:23:36-ed540bb24003,gpu,320,180,20,10,0,18,0,0,0,1,0.022083,0,0.022083,215.668,215.69,0,211.929,6.09509,1152000,0,1,"Apple M1","Darwin 25.2.0","clang 17.0.0 (clang-1700.6.3.2)",8,2026-01-30T17:56:47,ok
2026-01-30T17:23:36-ed540bb24003,gpu,320,180,20,10,0,18,0,0,0,1,0.033042,0,0.033042,219.925,219.958,0,216.618,6.14197,1152000,0,2,"Apple M1","Darwin 25.2.0","clang 17.0.0 (clang-1700.6.3.2)",8,2026-01-30T17:56:48,ok
2026-01-30T17:23:36-ed540bb24003,gpu,320,180,20,10,0,18,0,0,0,1,0.019709,0,0.019709,218.523,218.543,0,215.248,6.11072,1152000,0,3,"Apple M1","Darwin 25.2.0","clang 17.0.0 (clang-1700.6.3.2)",8,2026-01-30T17:56:48,ok
2026-01-30T17:23:36-ed540bb24003,original,320,180,20,10,0,18,7,0,0,0,0.026583,0,0.026583,6839.23,6839.26,0,0,5.82947,6773626,1,0,"Apple M1","Darwin 25.2.0","clang 17.0.0 (clang-1700.6.3.2)",8,2026-01-30T17:56:55,ok
2026-01-30T17:23:36-ed540bb24003,original,320,180,20,10,0,18,7,0,0,0,0.009,0,0.009,6920.98,6920.99,0,0,5.82947,6786322,0,1,"Apple M1","Darwin 25.2.0","clang 17.0.0 (clang-1700.6.3.2)",8,2026-01-30T17:57:02,ok
2026-01-30T17:23:36-ed540bb24003,original,320,180,20,10,0,18,7,0,0,0,0.024334,0,0.024334,6844.03,6844.05,0,0,5.73572,6781443,0,2,"Apple M1","Darwin 25.2.0","clang 17.0.0 (clang-1700.6.3.2)",8,2026-01-30T17:57:09,ok
2026-01-30T17:23:36-ed540bb24003,original,320,180,20,10,0,18,7,0,0,0,0.011375,0,0.011375,6829.81,6829.82,0,0,5.73572,6788627,0,3,"Apple M1","Darwin 25.2.0","clang 17.0.0 (clang-1700.6.3.2)",8,2026-01-30T17:57:15,ok
2026-01-30T17:23:36-ed540bb24003,bvh,320,180,20,10,0,18,7,1,0,0,0.041667,0.025209,0.066876,2773.56,2773.63,0,0,5.73572,6783527,1,0,"Apple M1","Darwin 25.2.0","clang 17.0.0 (clang-1700.6.3.2)",8,2026-01-30T17:57:18,ok
2026-01-30T17:23:36-ed540bb24003,bvh,320,180,20,10,0,18,7,1,0,0,0.010375,0.005125,0.0155,2656.79,2656.8,0,0,5.73572,6781959,0,1,"Apple M1","Darwin 25.2.0","clang 17.0.0 (clang-1700.6.3.2)",8,2026-01-30T17:57:21,ok
2026-01-30T17:23:36-ed540bb24003,bvh,320,180,20,10,0,18,7,1,0,0,0.009667,0.005083,0.01475,2689.75,2689.76,0,0,5.73572,6781760,0,2,"Apple M1","Darwin 25.2.0","clang 17.0.0 (clang-1700.6.3.2)",8,2026-01-30T17:57:23,ok
2026-01-30T17:23:36-ed540bb24003,bvh,320,180,20,10,0,18,7,1,0,0,0.020667,0.0105,0.031167,3197.07,3197.1,0,0,5.47009,6781596,0,3,"Apple M1","Darwin 25.2.0","clang 17.0.0 (clang-1700.6.3.2)",8,2026-01-30T17:57:27,ok
2026-01-30T17:23:36-ed540bb24003,bvh-mt,320,180,20,10,0,18,7,1,1,0,0.008209,0.005292,0.013501,887.646,887.66,0.093917,0,5.47009,6782360,1,0,"Apple M1","Darwin 25.2.0","clang 17.0.0 (clang-1700.6.3.2)",8,2026-01-30T17:57:28,ok
2026-01-30T17:23:36-ed540bb24003,bvh-mt,320,180,20,10,0,18,7,1,1,0,0.009333,0.005792,0.015125,856.502,856.517,0.060708,0,5.47009,6786676,0,1,"Apple M1","Darwin 25.2.0","clang 17.0.0 (clang-1700.6.3.2)",8,2026-01-30T17:57:28,ok
2026-01-30T17:23:36-ed540bb24003,bvh-mt,320,180,20,10,0,18,7,1,1,0,0.007833,0.004708,0.012541,823.403,823.416,0.057042,0,5.47009,6785342,0,2,"Apple M1","Darwin 25.2.0","clang 17.0.0 (clang-1700.6.3.2)",8,2026-01-30T17:57:29,ok
2026-01-30T17:23:36-ed540bb24003,bvh-mt,320,180,20,10,0,18,7,1,1,0,0.007959,0.004333,0.012292,847.75,847.762,0.06075,0,5.47009,6785655,0,3,"Apple M1","Darwin 25.2.0","clang 17.0.0 (clang-1700.6.3.2)",8,2026-01-30T17:57:30,ok
2026-01-30T17:23:36-ed540bb24003,gpu,320,180,20,10,0,18,0,0,0,1,0.008375,0,0.008375,230.618,230.626,0,227.895,5.82947,1152000,1,0,"Apple M1","Darwin 25.2.0","clang 17.0.0 (clang-1700.6.3.2)",8,2026-01-30T17:57:30,ok
2026-01-30T17:23:36-ed540bb24003,gpu,320,180,20,10,0,18,0,0,0,1,0.034375,0,0.034375,216.811,216.846,0,212.809,6.09509,1152000,0,1,"Apple M1","Darwin 25.2.0","clang 17.0.0 (clang-1700.6.3.2)",8,2026-01-30T17:57:31,ok
2026-01-30T17:23:36-ed540bb24003,gpu,320,180,20,10,0,18,0,0,0,1,0.032084,0,0.032084,223.01,223.042,0,218.068,6.09509,1152000,0,2,"Apple M1","Darwin 25.2.0","clang 17.0.0 (clang-1700.6.3.2)",8,2026-01-30T17:57:31,ok
2026-01-30T17:23:36-ed540bb24003,gpu,320,180,20,10,0,18,0,0,0,1,0.032042,0,0.032042,218.313,218.345,0,214.354,6.09509,1152000,0,3,"Apple M1","Darwin 25.2.0","clang 17.0.0 (clang-1700.6.3.2)",8,2026-01-30T17:57:31,ok
2026-01-30T17:23:36-ed540bb24003,original,320,180,20,10,0,18,8,0,0,0,0.026333,0,0.026333,6866.39,6866.41,0,0,5.82947,6786756,1,0,"Apple M1","Darwin 25.2.0","clang 17.0.0 (clang-1700.6.3.2)",8,2026-01-30T17:57:38,ok
2026-01-30T17:23:36-ed540bb24003,original,320,180,20,10,0,18,8,0,0,0,0.040416,0,0.040416,6836.46,6836.5,0,0,5.73572,6777941,0,1,"Apple M1","Darwin 25.2.0","clang 17.0.0 (clang-1700.6.3.2)",8,2026-01-30T17:57:45,ok
2026-01-30T17:23:36-ed540bb24003,original,320,180,20,10,0,18,8,0,0,0,0.010167,0,0.010167,6836.1,6836.11,0,0,5.73572,6776814,0,2,"Apple M1","Darwin 25.2.0","clang 17.0.0 (clang-1700.6.3.2)",8,2026-01-30T17:57:52,ok
2026-01-30T17:23:36-ed540bb24003,original,320,180,20,10,0,18,8,0,0,0,0.037,0,0.037,6802.62,6802.66,0,0,5.47009,6782696,0,3,"Apple M1","Darwin 25.2.0","clang 17.0.0 (clang-1700.6.3.2)",8,2026-01-30T17:57:58,ok
2026-01-30T17:23:36-ed540bb24003,bvh,320,180,20,10,0,18,8,1,0,0,0.008792,0.019542,0.028334,2728.48,2728.51,0,0,5.47009,6785536,1,0,"Apple M1","Darwin 25.2.0","clang 17.0.0 (clang-1700.6.3.2)",8,2026-01-30T17:58:01,ok
2026-01-30T17:23:36-ed540bb24003,bvh,320,180,20,10,0,18,8,1,0,0,0.012666,0.005375,0.018041,2624.32,2624.34,0,0,5.47009,6780129,0,1,"Apple M1","Darwin 25.2.0","clang 17.0.0 (clang-1700.6.3.2)",8,2026-01-30T17:58:04,ok
2026-01-30T17:23:36-ed540bb24003,bvh,320,180,20,10,0,18,8,1,0,0,0.0085,0.004916,0.013416,2676.45,2676.46,0,0,5.47009,6783415,0,2,"Apple M1","Darwin 25.2.0","clang 17.0.0 (clang-1700.6.3.2)",8,2026-01-30T17:58:06,ok
2026-01-30T17:23:36-ed540bb24003,bvh,320,180,20,10,0,18,8,1,0,0,0.014584,0.004417,0.019001,2820.01,2820.03,0,0,5.47009,6783648,0,3,"Apple M1","Darwin 25.2.0","clang 17.0.0 (clang-1700.6.3.2)",8,2026-01-30T17:58:09,ok
2026-01-30T17:23:36-ed540bb24003,bvh-mt,320,180,20,10,0,18,8,1,1,0,0.009458,0.00525,0.014708,821.153,821.168,0.097209,0,5.47009,6775578,1,0,"Apple M1","Darwin 25.2.0","clang 17.0.0 (clang-1700.6.3.2)",8,2026-01-30T17:58:10,ok
2026-01-30T17:23:36-ed540bb24003,bvh-mt,320,180,20,10,0,18,8,1,1,0,0.009292,0.007583,0.016875,928.373,928.389,0.066375,0,5.47009,6783322,0,1,"Apple M1","Darwin 25.2.0","clang 17.0.0 (clang-1700.6.3.2)",8,2026-01-30T17:58:11,ok
2026-01-30T17:23:36-ed540bb24003,bvh-mt,320,180,20,10,0,18,8,1,1,0,0.007833,0.004667,0.0125,862.168,862.181,0.063666,0,5.47009,6783900,0,2,"Apple M1","Darwin 25.2.0","clang 17.0.0 (clang-1700.6.3.2)",8,2026-01-30T17:58:12,ok
2026-01-30T17:23:36-ed540bb24003,bvh-mt,320,180,20,10,0,18,8,1,1,0,0.007458,0.0045,0.011958,847.741,847.753,0.059375,0,5.47009,6780669,0,3,"Apple M1","Darwin 25.2.0","clang 17.0.0 (clang-1700.6.3.2)",8,2026-01-30T17:58:13,ok
2026-01-30T17:23:36-ed540bb24003,gpu,320,180,20,10,0,18,0,0,0,1,0.007458,0,0.007458,229.497,229.505,0,226.462,5.82947,1152000,1,0,"Apple M1","Darwin 25.2.0","clang 17.0.0 (clang-1700.6.3.2)",8,2026-01-30T17:58:13,ok
2026-01-30T17:23:36-ed540bb24003,gpu,320,180,20,10,0,18,0,0,0,1,0.015709,0,0.015709,224.568,224.584,0,212.866,5.82947,1152000,0,1,"Apple M1","Darwin 25.2.0","clang 17.0.0 (clang-1700.6.3.2)",8,2026-01-30T17:58:13,ok
2026-01-30T17:23:36-ed540bb24003,gpu,320,180,20,10,0,18,0,0,0,1,0.04275,0,0.04275,221.875,221.918,0,217.147,6.09509,1152000,0,2,"Apple M1","Darwin 25.2.0","clang 17.0.0 (clang-1700.6.3.2)",8,2026-01-30T17:58:13,ok
2026-01-30T17:23:36-ed540bb24003,gpu,320,180,20,10,0,18,0,0,0,1,0.033125,0,0.033125,217.433,217.466,0,213.131,6.09509,1152000,0,3,"Apple M1","Darwin 25.2.0","clang 17.0.0 (clang-1700.6.3.2)",8,2026-01-30T17:58:14,ok
2026-01-30T17:23:36-ed540bb24003,original,320,180,20,10,25,43,1,0,0,0,0.043375,0,0.043375,8623.41,8623.45,0,0,5.82947,6839827,1,0,"Apple M1","Darwin 25.2.0","clang 17.0.0 (clang-1700.6.3.2)",8,2026-01-30T17:58:22,ok
2026-01-30T17:23:36-ed540bb24003,original,320,180,20,10,25,43,1,0,0,0,0.019583,0,0.019583,8584.21,8584.23,0,0,5.73572,6849487,0,1,"Apple M1","Darwin 25.2.0","clang 17.0.0 (clang-1700.6.3.2)",8,2026-01-30T17:58:31,ok
2026-01-30T17:23:36-ed540bb24003,original,320,180,20,10,25,43,1,0,0,0,0.013791,0,0.013791,8682.44,8682.45,0,0,5.47009,6845422,0,2,"Apple M1","Darwin 25.2.0","clang 17.0.0 (clang-1700.6.3.2)",8,2026-01-30T17:58:39,ok
2026-01-30T17:23:36-ed540bb24003,original,320,180,20,10,25,43,1,0,0,0,0.03225,0,0.03225,8571.42,8571.45,0,0,5.47009,6842702,0,3,"Apple M1","Darwin 25.2.0","clang 17.0.0 (clang-1700.6.3.2)",8,2026-01-30T17:58:48,ok
2026-01-30T17:23:36-ed540bb24003,bvh,320,180,20,10,25,43,1,1,0,0,0.012708,0.036291,0.048999,3112.67,3112.71,0,0,5.47009,6839410,1,0,"Apple M1","Darwin 25.2.0","clang 17.0.0 (clang-1700.6.3.2)",8,2026-01-30T17:58:51,ok
2026-01-30T17:23:36-ed540bb24003,bvh,320,180,20,10,25,43,1,1,0,0,0.01325,0.013875,0.027125,3065.34,3065.37,0,0,5.47009,6847718,0,1,"Apple M1","Darwin 25.2.0","clang 17.0.0 (clang-1700.6.3.2)",8,2026-01-30T17:58:54,ok
2026-01-30T17:23:36-ed540bb24003,bvh,320,180,20,10,25,43,1,1,0,0,0.028125,0.015833,0.043958,3248.8,3248.85,0,0,5.47009,6846900,0,2,"Apple M1","Darwin 25.2.0","clang 17.0.0 (clang-1700.6.3.2)",8,2026-01-30T17:58:57,ok
2026-01-30T17:23:36-ed540bb24003,bvh,320,180,20,10,25,43,1,1,0,0,0.012709,0.019125,0.031834,3076.57,3076.6,0,0,5.47009,6845361,0,3,"Apple M1","Darwin 25.2.0","clang 17.0.0 (clang-1700.6.3.2)",8,2026-01-30T17:59:00,ok
2026-01-30T17:23:36-ed540bb24003,bvh-mt,320,180,20,10,25,43,1,1,1,0,0.014542,0.014334,0.028876,3503.16,3503.19,0,0,5.47009,6839973,1,0,"Apple M1","Darwin 25.2.0","clang 17.0.0 (clang-1700.6.3.2)",8,2026-01-30T17:59:04,ok
2026-01-30T17:23:36-ed540bb24003,bvh-mt,320,180,20,10,25,43,1,1,1,0,0.034917,0.014708,0.049625,3165.36,3165.41,0,0,5.47009,6845778,0,1,"Apple M1","Darwin 25.2.0","clang 17.0.0 (clang-1700.6.3.2)",8,2026-01-30T17:59:07,ok
2026-01-30T17:23:36-ed540bb24003,bvh-mt,320,180,20,10,25,43,1,1,1,0,0.013125,0.02825,0.041375,3330.65,3330.7,0,0,5.47009,6838703,0,2,"Apple M1","Darwin 25.2.0","clang 17.0.0 (clang-1700.6.3.2)",8,2026-01-30T17:59:10,ok
2026-01-30T17:23:36-ed540bb24003,bvh-mt,320,180,20,10,25,43,1,1,1,0,0.033666,0.0145,0.048166,2901.28,2901.33,0,0,5.47009,6847860,0,3,"Apple M1","Darwin 25.2.0","clang 17.0.0 (clang-1700.6.3.2)",8,2026-01-30T17:59:13,ok
2026-01-30T17:23:36-ed540bb24003,gpu,320,180,20,10,25,43,0,0,0,1,0.014667,0,0.014667,280.263,280.278,0,276.635,5.82947,1152000,1,0,"Apple M1","Darwin 25.2.0","clang 17.0.0 (clang-1700.6.3.2)",8,2026-01-30T17:59:14,ok
2026-01-30T17:23:36-ed540bb24003,gpu,320,180,20,10,25,43,0,0,0,1,0.032209,0,0.032209,268.079,268.112,0,264.563,6.09509,1152000,0,1,"Apple M1","Darwin 25.2.0","clang 17.0.0 (clang-1700.6.3.2)",8,2026-01-30T17:59:14,ok
2026-01-30T17:23:36-ed540bb24003,gpu,320,180,20,10,25,43,0,0,0,1,0.0215,0,0.0215,272.533,272.555,0,269.065,6.09509,1152000,0,2,"Apple M1","Darwin 25.2.0","clang 17.0.0 (clang-1700.6.3.2)",8,2026-01-30T17:59:14,ok
2026-01-30T17:23:36-ed540bb24003,gpu,320,180,20,10,25,43,0,0,0,1,0.040042,0,0.040042,268.006,268.046,0,264.76,6.09509,1152000,0,3,"Apple M1","Darwin 25.2.0","clang 17.0.0 (clang-1700.6.3.2)",8,2026-01-30T17:59:14,ok
2026-01-30T17:23:36-ed540bb24003,original,320,180,20,10,25,43,2,0,0,0,0.01275,0,0.01275,8603.19,8603.2,0,0,5.82947,6843763,1,0,"Apple M1","Darwin 25.2.0","clang 17.0.0 (clang-1700.6.3.2)",8,2026-01-30T17:59:23,ok
2026-01-30T17:23:36-ed540bb24003,original,320,180,20,10,25,43,2,0,0,0,0.047459,0,0.047459,8572.2,8572.25,0,0,5.73572,6851507,0,1,"Apple M1","Darwin 25.2.0","clang 17.0.0 (clang-1700.6.3.2)",8,2026-01-30T17:59:32,ok
2026-01-30T17:23:36-ed540bb24003,original,320,180,20,10,25,43,2,0,0,0,0.01,0,0.01,8622.76,8622.77,0,0,5.47009,6845489,0,2,"Apple M1","Darwin 25.2.0","clang 17.0.0 (clang-1700.6.3.2)",8,2026-01-30T17:59:40,ok
2026-01-30T17:23:36-ed540bb24003,original,320,180,20,10,25,43,2,0,0,0,0.035791,0,0.035791,8574.09,8574.13,0,0,5.47009,6843035,0,3,"Apple M1","Darwin 25.2.0","clang 17.0.0 (clang-1700.6.3.2)",8,2026-01-30T17:59:49,ok
2026-01-30T17:23:36-ed540bb24003,bvh,320,180,20,10,25,43,2,1,0,0,0.01075,0.031667,0.042417,3177.73,3177.77,0,0,5.47009,6846932,1,0,"Apple M1","Darwin 25.2.0","clang 17.0.0 (clang-1700.6.3.2)",8,2026-01-30T17:59:52,ok
2026-01-30T17:23:36-ed540bb24003,bvh,320,180,20,10,25,43,2,1,0,0,0.025292,0.012833,0.038125,3485.5,3485.54,0,0,5.47009,6845098,0,1,"Apple M1","Darwin 25.2.0","clang 17.0.0 (clang-1700.6.3.2)",8,2026-01-30T17:59:56,ok
2026-01-30T17:23:36-ed540bb24003,bvh,320,180,20,10,25,43,2,1,0,0,0.014458,0.019,0.033458,3160.04,3160.07,0,0,5.47009,6838750,0,2,"Apple M1","Darwin 25.2.0","clang 17.0.0 (clang-1700.6.3.2)",8,2026-01-30T17:59:59,ok
2026-01-30T17:23:36-ed540bb24003,bvh,320,180,20,10,25,43,2,1,0,0,0.009375,0.016167,0.025542,2967.84,2967.86,0,0,5.47009,6849426,0,3,"Apple M1","Darwin 25.2.0","clang 17.0.0 (clang-1700.6.3.2)",8,2026-01-30T18:00:02,ok
2026-01-30T17:23:36-ed540bb24003,bvh-mt,320,180,20,10,25,43,2,1,1,0,0.030667,0.01375,0.044417,1767.37,1767.41,0.031917,0,5.47009,6849732,1,0,"Apple M1","Darwin 25.2.0","clang 17.0.0 (clang-1700.6.3.2)",8,2026-01-30T18:00:03,ok
2026-01-30T17:23:36-ed540bb24003,bvh-mt,320,180,20,10,25,43,2,1,1,0,0.013167,0.013333,0.0265,1580.47,1580.49,0.026209,0,5.47009,6848791,0,1,"Apple M1","Darwin 25.2.0","clang 17.0.0 (clang-1700.6.3.2)",8,2026-01-30T18:00:05,ok
2026-01-30T17:23:36-ed540bb24003,bvh-mt,320,180,20,10,25,43,2,1,1,0,0.012875,0.018417,0.031292,2036.64,2036.67,0.023458,0,5.47009,6842512,0,2,"Apple M1","Darwin 25.2.0","clang 17.0.0 (clang-1700.6.3.2)",8,2026-01-30T18:00:07,ok
2026-01-30T17:23:36-ed540bb24003,bvh-mt,320,180,20,10,25,43,2,1,1,0,0.012292,0.015375,0.027667,1910.39,1910.42,0.023333,0,5.47009,6849388,0,3,"Apple M1","Darwin 25.2.0","clang 17.0.0 (clang-1700.6.3.2)",8,2026-01-30T18:00:09,ok
2026-01-30T17:23:36-ed540bb24003,gpu,320,180,20,10,25,43,0,0,0,1,0.009541,0,0.009541,281.994,282.003,0,278.715,5.82947,1152000,1,0,"Apple M1","Darwin 25.2.0","clang 17.0.0 (clang-1700.6.3.2)",8,2026-01-30T18:00:09,ok
2026-01-30T17:23:36-ed540bb24003,gpu,320,180,20,10,25,43,0,0,0,1,0.04025,0,0.04025,266.827,266.867,0,263.245,6.09509,1152000,0,1,"Apple M1","Darwin 25.2.0","clang 17.0.0 (clang-1700.6.3.2)",8,2026-01-30T18:00:10,ok
2026-01-30T17:23:36-ed540bb24003,gpu,320,180,20,10,25,43,0,0,0,1,0.025541,0,0.025541,272.019,272.044,0,268.496,6.09509,1152000,0,2,"Apple M1","Darwin 25.2.0","clang 17.0.0 (clang-1700.6.3.2)",8,2026-01-30T18:00:10,ok
2026-01-30T17:23:36-ed540bb24003,gpu,320,180,20,10,25,43,0,0,0,1,0.032125,0,0.032125,268.509,268.541,0,265.527,6.09509,1152000,0,3,"Apple M1","Darwin 25.2.0","clang 17.0.0 (clang-1700.6.3.2)",8,2026-01-30T18:00:10,ok
2026-01-30T17:23:36-ed540bb24003,original,320,180,20,10,25,43,3,0,0,0,0.012542,0,0.012542,8651.93,8651.94,0,0,5.82947,6843821,1,0,"Apple M1","Darwin 25.2.0","clang 17.0.0 (clang-1700.6.3.2)",8,2026-01-30T18:00:19,ok
2026-01-30T17:23:36-ed540bb24003,original,320,180,20,10,25,43,3,0,0,0,0.02025,0,0.02025,8563.28,8563.3,0,0,5.73572,6841852,0,1,"Apple M1","Darwin 25.2.0","clang 17.0.0 (clang-1700.6.3.2)",8,2026-01-30T18:00:27,ok
2026-01-30T17:23:36-ed540bb24003,original,320,180,20,10,25,43,3,0,0,0,0.009167,0,0.009167,8600.22,8600.23,0,0,5.73572,6844741,0,2,"Apple M1","Darwin 25.2.0","clang 17.0.0 (clang-1700.6.3.2)",8,2026-01-30T18:00:36,ok
2026-01-30T17:23:36-ed540bb24003,original,320,180,20,10,25,43,3,0,0,0,0.034,0,0.034,8620.9,8620.94,0,0,5.47009,6842380,0,3,"Apple M1","Darwin 25.2.0","clang 17.0.0 (clang-1700.6.3.2)",8,2026-01-30T18:00:44,ok
2026-01-30T17:23:36-ed540bb24003,bvh,320,180,20,10,25,43,3,1,0,0,0.035292,0.02775,0.063042,3068.51,3068.57,0,0,5.47009,6846857,1,0,"Apple M1","Darwin 25.2.0","clang 17.0.0 (clang-1700.6.3.2)",8,2026-01-30T18:00:48,ok
2026-01-30T17:23:36-ed540bb24003,bvh,320,180,20,10,25,43,3,1,0,0,0.0145,0.013667,0.028167,3428.72,3428.75,0,0,5.47009,6845097,0,1,"Apple M1","Darwin 25.2.0","clang 17.0.0 (clang-1700.6.3.2)",8,2026-01-30T18:00:51,ok
2026-01-30T17:23:36-ed540bb24003,bvh,320,180,20,10,25,43,3,1,0,0,0.023041,0.017125,0.040166,3506.96,3507,0,0,5.47009,6846214,0,2,"Apple M1","Darwin 25.2.0","clang 17.0.0 (clang-1700.6.3.2)",8,2026-01-30T18:00:54,ok
2026-01-30T17:23:36-ed540bb24003,bvh,320,180,20,10,25,43,3,1,0,0,0.011417,0.015833,0.02725,2942.35,2942.37,0,0,5.47009,6852540,0,3,"Apple M1","Darwin 25.2.0","clang 17.0.0 (clang-1700.6.3.2)",8,2026-01-30T18:00:57,ok
2026-01-30T17:23:36-ed540bb24003,bvh-mt,320,180,20,10,25,43,3,1,1,0,0.00975,0.014334,0.024084,1444.96,1444.99,0.041625,0,5.47009,6848000,1,0,"Apple M1","Darwin 25.2.0","clang 17.0.0 (clang-1700.6.3.2)",8,2026-01-30T18:00:59,ok
2026-01-30T17:23:36-ed540bb24003,bvh-mt,320,180,20,10,25,43,3,1,1,0,0.016959,0.016166,0.033125,1480.77,1480.8,0.031208,0,5.47009,6844783,0,1,"Apple M1","Darwin 25.2.0","clang 17.0.0 (clang-1700.6.3.2)",8,2026-01-30T18:01:00,ok
2026-01-30T17:23:36-ed540bb24003,bvh-mt,320,180,20,10,25,43,3,1,1,0,0.0105,0.015458,0.025958,1287.04,1287.07,0.036208,0,5.47009,6851786,0,2,"Apple M1","Darwin 25.2.0","clang 17.0.0 (clang-1700.6.3.2)",8,2026-01-30T18:01:02,ok
2026-01-30T17:23:36-ed540bb24003,bvh-mt,320,180,20,10,25,43,3,1,1,0,0.011167,0.015666,0.026833,1469.97,1469.99,0.028708,0,5.47009,6840147,0,3,"Apple M1","Darwin 25.2.0","clang 17.0.0 (clang-1700.6.3.2)",8,2026-01-30T18:01:03,ok
2026-01-30T17:23:36-ed540bb24003,gpu,320,180,20,10,25,43,0,0,0,1,0.012333,0,0.012333,291.919,291.931,0,289.167,5.82947,1152000,1,0,"Apple M1","Darwin 25.2.0","clang 17.0.0 (clang-1700.6.3.2)",8,2026-01-30T18:01:03,ok
2026-01-30T17:23:36-ed540bb24003,gpu,320,180,20,10,25,43,0,0,0,1,0.021958,0,0.021958,266.182,266.204,0,263.432,5.82947,1152000,0,1,"Apple M1","Darwin 25.2.0","clang 17.0.0 (clang-1700.6.3.2)",8,2026-01-30T18:01:04,ok
2026-01-30T17:23:36-ed540bb24003,gpu,320,180,20,10,25,43,0,0,0,1,0.025917,0,0.025917,273.246,273.272,0,269.401,6.09509,1152000,0,2,"Apple M1","Darwin 25.2.0","clang 17.0.0 (clang-1700.6.3.2)",8,2026-01-30T18:01:04,ok
2026-01-30T17:23:36-ed540bb24003,gpu,320,180,20,10,25,43,0,0,0,1,0.040917,0,0.040917,269.43,269.471,0,265.904,6.09509,1152000,0,3,"Apple M1","Darwin 25.2.0","clang 17.0.0 (clang-1700.6.3.2)",8,2026-01-30T18:01:04,ok
2026-01-30T17:23:36-ed540bb24003,original,320,180,20,10,25,43,4,0,0,0,0.012625,0,0.012625,8807.82,8807.83,0,0,5.82947,6844261,1,0,"Apple M1","Darwin 25.2.0","clang 17.0.0 (clang-1700.6.3.2)",8,2026-01-30T18:01:13,ok
2026-01-30T17:23:36-ed540bb24003,original,320,180,20,10,25,43,4,0,0,0,0.049792,0,0.049792,8598.07,8598.12,0,0,5.73572,6845130,0,1,"Apple M1","Darwin 25.2.0","clang 17.0.0 (clang-1700.6.3.2)",8,2026-01-30T18:01:22,ok
2026-01-30T17:23:36-ed540bb24003,original,320,180,20,10,25,43,4,0,0,0,0.023041,0,0.023041,8595.48,8595.5,0,0,5.47009,6850454,0,2,"Apple M1","Darwin 25.2.0","clang 17.0.0 (clang-1700.6.3.2)",8,2026-01-30T18:01:30,ok
2026-01-30T17:23:36-ed540bb24003,original,320,180,20,10,25,43,4,0,0,0,0.009916,0,0.009916,8714.16,8714.17,0,0,5.47009,6848138,0,3,"Apple M1","Darwin 25.2.0","clang 17.0.0 (clang-1700.6.3.2)",8,2026-01-30T18:01:39,ok
2026-01-30T17:23:36-ed540bb24003,bvh,320,180,20,10,25,43,4,1,0,0,0.029583,0.028333,0.057916,2845.7,2845.76,0,0,5.47009,6842846,1,0,"Apple M1","Darwin 25.2.0","clang 17.0.0 (clang-1700.6.3.2)",8,2026-01-30T18:01:42,ok
2026-01-30T17:23:36-ed540bb24003,bvh,320,180,20,10,25,43,4,1,0,0,0.024709,0.020542,0.045251,3242.87,3242.91,0,0,5.47009,6845159,0,1,"Apple M1","Darwin 25.2.0","clang 17.0.0 (clang-1700.6.3.2)",8,2026-01-30T18:01:45,ok
2026-01-30T17:23:36-ed540bb24003,bvh,320,180,20,10,25,43,4,1,0,0,0.009375,0.012792,0.022167,3493.62,3493.65,0,0,5.47009,6848112,0,2,"Apple M1","Darwin 25.2.0","clang 17.0.0 (clang-1700.6.3.2)",8,2026-01-30T18:01:49,ok
2026-01-30T17:23:36-ed540bb24003,bvh,320,180,20,10,25,43,4,1,0,0,0.044375,0.023041,0.067416,3468.5,3468.57,0,0,5.47009,6843410,0,3,"Apple M1","Darwin 25.2.0","clang 17.0.0 (clang-1700.6.3.2)",8,2026-01-30T18:01:52,ok
2026-01-30T17:23:36-ed540bb24003,bvh-mt,320,180,20,10,25,43,4,1,1,0,0.009583,0.013125,0.022708,1132.28,1132.3,0.0555,0,5.47009,6847659,1,0,"Apple M1","Darwin 25.2.0","clang 17.0.0 (clang-1700.6.3.2)",8,2026-01-30T18:01:53,ok
2026-01-30T17:23:36-ed540bb24003,bvh-mt,320,180,20,10,25,43,4,1,1,0,0.009125,0.013625,0.02275,1104.64,1104.66,0.027833,0,5.47009,6847277,0,1,"Apple M1","Darwin 25.2.0","clang 17.0.0 (clang-1700.6.3.2)",8,2026-01-30T18:01:54,ok
2026-01-30T17:23:36-ed540bb24003,bvh-mt,320,180,20,10,25,43,4,1,1,0,0.015958,0.014916,0.030874,1219.86,1219.89,0.035125,0,5.47009,6848523,0,2,"Apple M1","Darwin 25.2.0","clang 17.0.0 (clang-1700.6.3.2)",8,2026-01-30T18:01:55,ok
2026-01-30T17:23:36-ed540bb24003,bvh-mt,320,180,20,10,25,43,4,1,1,0,0.009125,0.015,0.024125,1143.6,1143.63,0.040959,0,5.47009,6850208,0,3,"Apple M1","Darwin 25.2.0","clang 17.0.0 (clang-1700.6.3.2)",8,2026-01-30T18:01:57,ok
2026-01-30T17:23:36-ed540bb24003,gpu,320,180,20,10,25,43,0,0,0,1,0.0135,0,0.0135,285.938,285.952,0,279.445,5.82947,1152000,1,0,"Apple M1","Darwin 25.2.0","clang 17.0.0 (clang-1700.6.3.2)",8,2026-01-30T18:01:57,ok
2026-01-30T17:23:36-ed540bb24003,gpu,320,180,20,10,25,43,0,0,0,1,0.028,0,0.028,270.211,270.239,0,267.142,6.09509,1152000,0,1,"Apple M1","Darwin 25.2.0","clang 17.0.0 (clang-1700.6.3.2)",8,2026-01-30T18:01:57,ok
2026-01-30T17:23:36-ed540bb24003,gpu,320,180,20,10,25,43,0,0,0,1,0.029875,0,0.029875,268.369,268.399,0,265.157,6.09509,1152000,0,2,"Apple M1","Darwin 25.2.0","clang 17.0.0 (clang-1700.6.3.2)",8,2026-01-30T18:01:57,ok
2026-01-30T17:23:36-ed540bb24003,gpu,320,180,20,10,25,43,0,0,0,1,0.040125,0,0.040125,272.464,272.504,0,264.564,6.09509,1152000,0,3,"Apple M1","Darwin 25.2.0","clang 17.0.0 (clang-1700.6.3.2)",8,2026-01-30T18:01:58,ok
2026-01-30T17:23:36-ed540bb24003,original,320,180,20,10,25,43,5,0,0,0,0.031541,0,0.031541,8618.99,8619.02,0,0,5.82947,6836016,1,0,"Apple M1","Darwin 25.2.0","clang 17.0.0 (clang-1700.6.3.2)",8,2026-01-30T18:02:06,ok
2026-01-30T17:23:36-ed540bb24003,original,320,180,20,10,25,43,5,0,0,0,0.043791,0,0.043791,8604.94,8604.99,0,0,5.82947,6849753,0,1,"Apple M1","Darwin 25.2.0","clang 17.0.0 (clang-1700.6.3.2)",8,2026-01-30T18:02:15,ok
2026-01-30T17:23:36-ed540bb24003,original,320,180,20,10,25,43,5,0,0,0,0.015625,0,0.015625,8589.03,8589.05,0,0,5.73572,6843609,0,2,"Apple M1","Darwin 25.2.0","clang 17.0.0 (clang-1700.6.3.2)",8,2026-01-30T18:02:24,ok
2026-01-30T17:23:36-ed540bb24003,original,320,180,20,10,25,43,5,0,0,0,0.019708,0,0.019708,8590.14,8590.16,0,0,5.47009,6848095,0,3,"Apple M1","Darwin 25.2.0","clang 17.0.0 (clang-1700.6.3.2)",8,2026-01-30T18:02:32,ok
2026-01-30T17:23:36-ed540bb24003,bvh,320,180,20,10,25,43,5,1,0,0,0.011542,0.031083,0.042625,3174.55,3174.59,0,0,5.47009,6852254,1,0,"Apple M1","Darwin 25.2.0","clang 17.0.0 (clang-1700.6.3.2)",8,2026-01-30T18:02:35,ok
2026-01-30T17:23:36-ed540bb24003,bvh,320,180,20,10,25,43,5,1,0,0,0.020334,0.010792,0.031126,4005.64,4005.67,0,0,5.47009,6844809,0,1,"Apple M1","Darwin 25.2.0","clang 17.0.0 (clang-1700.6.3.2)",8,2026-01-30T18:02:39,ok
2026-01-30T17:23:36-ed540bb24003,bvh,320,180,20,10,25,43,5,1,0,0,0.011333,0.01475,0.026083,3228.33,3228.36,0,0,5.47009,6847969,0,2,"Apple M1","Darwin 25.2.0","clang 17.0.0 (clang-1700.6.3.2)",8,2026-01-30T18:02:43,ok
2026-01-30T17:23:36-ed540bb24003,bvh,320,180,20,10,25,43,5,1,0,0,0.013,0.014667,0.027667,3574.18,3574.21,0,0,5.47009,6844411,0,3,"Apple M1","Darwin 25.2.0","clang 17.0.0 (clang-1700.6.3.2)",8,2026-01-30T18:02:46,ok
2026-01-30T17:23:36-ed540bb24003,bvh-mt,320,180,20,10,25,43,5,1,1,0,0.013209,0.016958,0.030167,1136.42,1136.45,0.089791,0,5.47009,6845989,1,0,"Apple M1","Darwin 25.2.0","clang 17.0.0 (clang-1700.6.3.2)",8,2026-01-30T18:02:47,ok
2026-01-30T17:23:36-ed540bb24003,bvh-mt,320,180,20,10,25,43,5,1,1,0,0.009625,0.0165,0.026125,1096.14,1096.17,0.039583,0,5.47009,6844550,0,1,"Apple M1","Darwin 25.2.0","clang 17.0.0 (clang-1700.6.3.2)",8,2026-01-30T18:02:48,ok
2026-01-30T17:23:36-ed540bb24003,bvh-mt,320,180,20,10,25,43,5,1,1,0,0.009708,0.013208,0.022916,1100.08,1100.11,0.038041,0,5.47009,6846087,0,2,"Apple M1","Darwin 25.2.0","clang 17.0.0 (clang-1700.6.3.2)",8,2026-01-30T18:02:49,ok
2026-01-30T17:23:36-ed540bb24003,bvh-mt,320,180,20,10,25,43,5,1,1,0,0.011792,0.0145,0.026292,1070.27,1070.3,0.05225,0,5.47009,6846000,0,3,"Apple M1","Darwin 25.2.0","clang 17.0.0 (clang-1700.6.3.2)",8,2026-01-30T18:02:51,ok
2026-01-30T17:23:36-ed540bb24003,gpu,320,180,20,10,25,43,0,0,0,1,0.01025,0,0.01025,282.793,282.804,0,279.899,5.82947,1152000,1,0,"Apple M1","Darwin 25.2.0","clang 17.0.0 (clang-1700.6.3.2)",8,2026-01-30T18:02:51,ok
2026-01-30T17:23:36-ed540bb24003,gpu,320,180,20,10,25,43,0,0,0,1,0.041042,0,0.041042,267.601,267.642,0,263.989,6.09509,1152000,0,1,"Apple M1","Darwin 25.2.0","clang 17.0.0 (clang-1700.6.3.2)",8,2026-01-30T18:02:51,ok
2026-01-30T17:23:36-ed540bb24003,gpu,320,180,20,10,25,43,0,0,0,1,0.036083,0,0.036083,270.716,270.752,0,265.511,6.09509,1152000,0,2,"Apple M1","Darwin 25.2.0","clang 17.0.0 (clang-1700.6.3.2)",8,2026-01-30T18:02:51,ok
2026-01-30T17:23:36-ed540bb24003,gpu,320,180,20,10,25,43,0,0,0,1,0.043792,0,0.043792,270.04,270.084,0,265.68,6.09509,1152000,0,3,"Apple M1","Darwin 25.2.0","clang 17.0.0 (clang-1700.6.3.2)",8,2026-01-30T18:02:52,ok
2026-01-30T17:23:36-ed540bb24003,original,320,180,20,10,25,43,6,0,0,0,0.031083,0,0.031083,8724.58,8724.61,0,0,5.82947,6849910,1,0,"Apple M1","Darwin 25.2.0","clang 17.0.0 (clang-1700.6.3.2)",8,2026-01-30T18:03:00,ok
2026-01-30T17:23:36-ed540bb24003,original,320,180,20,10,25,43,6,0,0,0,0.054333,0,0.054333,8586.71,8586.76,0,0,5.73572,6850758,0,1,"Apple M1","Darwin 25.2.0","clang 17.0.0 (clang-1700.6.3.2)",8,2026-01-30T18:03:09,ok
2026-01-30T17:23:36-ed540bb24003,original,320,180,20,10,25,43,6,0,0,0,0.00975,0,0.00975,8586,8586.01,0,0,5.47009,6850297,0,2,"Apple M1","Darwin 25.2.0","clang 17.0.0 (clang-1700.6.3.2)",8,2026-01-30T18:03:18,ok
2026-01-30T17:23:36-ed540bb24003,original,320,180,20,10,25,43,6,0,0,0,0.012083,0,0.012083,8582.89,8582.9,0,0,5.47009,6847031,0,3,"Apple M1","Darwin 25.2.0","clang 17.0.0 (clang-1700.6.3.2)",8,2026-01-30T18:03:26,ok
2026-01-30T17:23:36-ed540bb24003,bvh,320,180,20,10,25,43,6,1,0,0,0.042333,0.033625,0.075958,3569.71,3569.79,0,0,5.47009,6845227,1,0,"Apple M1","Darwin 25.2.0","clang 17.0.0 (clang-1700.6.3.2)",8,2026-01-30T18:03:30,ok
2026-01-30T17:23:36-ed540bb24003,bvh,320,180,20,10,25,43,6,1,0,0,0.011916,0.013959,0.025875,3617.5,3617.53,0,0,5.47009,6845212,0,1,"Apple M1","Darwin 25.2.0","clang 17.0.0 (clang-1700.6.3.2)",8,2026-01-30T18:03:33,ok
2026-01-30T17:23:36-ed540bb24003,bvh,320,180,20,10,25,43,6,1,0,0,0.010459,0.014083,0.024542,3099.81,3099.83,0,0,5.47009,6835662,0,2,"Apple M1","Darwin 25.2.0","clang 17.0.0 (clang-1700.6.3.2)",8,2026-01-30T18:03:36,ok
2026-01-30T17:23:36-ed540bb24003,bvh,320,180,20,10,25,43,6,1,0,0,0.020125,0.019,0.039125,3366.94,3366.97,0,0,5.47009,6840115,0,3,"Apple M1","Darwin 25.2.0","clang 17.0.0 (clang-1700.6.3.2)",8,2026-01-30T18:03:40,ok
2026-01-30T17:23:36-ed540bb24003,bvh-mt,320,180,20,10,25,43,6,1,1,0,0.009334,0.015875,0.025209,1123.38,1123.4,0.081792,0,5.47009,6844641,1,0,"Apple M1","Darwin 25.2.0","clang 17.0.0 (clang-1700.6.3.2)",8,2026-01-30T18:03:41,ok
2026-01-30T17:23:36-ed540bb24003,bvh-mt,320,180,20,10,25,43,6,1,1,0,0.009291,0.014417,0.023708,1038.66,1038.68,0.042042,0,5.47009,6849502,0,1,"Apple M1","Darwin 25.2.0","clang 17.0.0 (clang-1700.6.3.2)",8,2026-01-30T18:03:42,ok
2026-01-30T17:23:36-ed540bb24003,bvh-mt,320,180,20,10,25,43,6,1,1,0,0.009,0.012958,0.021958,1186.47,1186.49,0.051125,0,5.47009,6846415,0,2,"Apple M1","Darwin 25.2.0","clang 17.0.0 (clang-1700.6.3.2)",8,2026-01-30T18:03:43,ok
2026-01-30T17:23:36-ed540bb24003,bvh-mt,320,180,20,10,25,43,6,1,1,0,0.009625,0.013916,0.023541,1023.45,1023.47,0.055459,0,5.47009,6846682,0,3,"Apple M1","Darwin 25.2.0","clang 17.0.0 (clang-1700.6.3.2)",8,2026-01-30T18:03:44,ok
2026-01-30T17:23:36-ed540bb24003,gpu,320,180,20,10,25,43,0,0,0,1,0.010375,0,0.010375,282.398,282.408,0,279.692,5.82947,1152000,1,0,"Apple M1","Darwin 25.2.0","clang 17.0.0 (clang-1700.6.3.2)",8,2026-01-30T18:03:44,ok
2026-01-30T17:23:36-ed540bb24003,gpu,320,180,20,10,25,43,0,0,0,1,0.0425,0,0.0425,267.594,267.636,0,263.824,6.09509,1152000,0,1,"Apple M1","Darwin 25.2.0","clang 17.0.0 (clang-1700.6.3.2)",8,2026-01-30T18:03:45,ok
2026-01-30T17:23:36-ed540bb24003,gpu,320,180,20,10,25,43,0,0,0,1,0.024917,0,0.024917,274.969,274.994,0,271.188,6.09509,1152000,0,2,"Apple M1","Darwin 25.2.0","clang 17.0.0 (clang-1700.6.3.2)",8,2026-01-30T18:03:45,ok
2026-01-30T17:23:36-ed540bb24003,gpu,320,180,20,10,25,43,0,0,0,1,0.041958,0,0.041958,270.644,270.686,0,266.463,6.09509,1152000,0,3,"Apple M1","Darwin 25.2.0","clang 17.0.0 (clang-1700.6.3.2)",8,2026-01-30T18:03:45,ok
2026-01-30T17:23:36-ed540bb24003,original,320,180,20,10,25,43,7,0,0,0,0.026917,0,0.026917,8650.08,8650.11,0,0,5.82947,6847586,1,0,"Apple M1","Darwin 25.2.0","clang 17.0.0 (clang-1700.6.3.2)",8,2026-01-30T18:03:54,ok
2026-01-30T17:23:36-ed540bb24003,original,320,180,20,10,25,43,7,0,0,0,0.045583,0,0.045583,8566.78,8566.82,0,0,5.73572,6846493,0,1,"Apple M1","Darwin 25.2.0","clang 17.0.0 (clang-1700.6.3.2)",8,2026-01-30T18:04:02,ok
2026-01-30T17:23:36-ed540bb24003,original,320,180,20,10,25,43,7,0,0,0,0.015083,0,0.015083,8664.43,8664.44,0,0,5.47009,6852632,0,2,"Apple M1","Darwin 25.2.0","clang 17.0.0 (clang-1700.6.3.2)",8,2026-01-30T18:04:11,ok
2026-01-30T17:23:36-ed540bb24003,original,320,180,20,10,25,43,7,0,0,0,0.050958,0,0.050958,8574.92,8574.97,0,0,5.47009,6850101,0,3,"Apple M1","Darwin 25.2.0","clang 17.0.0 (clang-1700.6.3.2)",8,2026-01-30T18:04:20,ok
2026-01-30T17:23:36-ed540bb24003,bvh,320,180,20,10,25,43,7,1,0,0,0.013167,0.03325,0.046417,3233.74,3233.79,0,0,5.47009,6839044,1,0,"Apple M1","Darwin 25.2.0","clang 17.0.0 (clang-1700.6.3.2)",8,2026-01-30T18:04:23,ok
2026-01-30T17:23:36-ed540bb24003,bvh,320,180,20,10,25,43,7,1,0,0,0.02125,0.016125,0.037375,3287.14,3287.18,0,0,5.47009,6849807,0,1,"Apple M1","Darwin 25.2.0","clang 17.0.0 (clang-1700.6.3.2)",8,2026-01-30T18:04:26,ok
2026-01-30T17:23:36-ed540bb24003,bvh,320,180,20,10,25,43,7,1,0,0,0.00975,0.013,0.02275,3221.26,3221.28,0,0,5.47009,6843428,0,2,"Apple M1","Darwin 25.2.0","clang 17.0.0 (clang-1700.6.3.2)",8,2026-01-30T18:04:29,ok
2026-01-30T17:23:36-ed540bb24003,bvh,320,180,20,10,25,43,7,1,0,0,0.010708,0.016458,0.027166,3601.42,3601.44,0,0,5.47009,6845088,0,3,"Apple M1","Darwin 25.2.0","clang 17.0.0 (clang-1700.6.3.2)",8,2026-01-30T18:04:33,ok
2026-01-30T17:23:36-ed540bb24003,bvh-mt,320,180,20,10,25,43,7,1,1,0,0.013542,0.017417,0.030959,1062.22,1062.25,0.122416,0,5.47009,6849258,1,0,"Apple M1","Darwin 25.2.0","clang 17.0.0 (clang-1700.6.3.2)",8,2026-01-30T18:04:34,ok
2026-01-30T17:23:36-ed540bb24003,bvh-mt,320,180,20,10,25,43,7,1,1,0,0.039958,0.012208,0.052166,889.155,889.207,0.061417,0,5.47009,6842011,0,1,"Apple M1","Darwin 25.2.0","clang 17.0.0 (clang-1700.6.3.2)",8,2026-01-30T18:04:35,ok
2026-01-30T17:23:36-ed540bb24003,bvh-mt,320,180,20,10,25,43,7,1,1,0,0.009375,0.014625,0.024,1099.88,1099.9,0.054,0,5.47009,6847911,0,2,"Apple M1","Darwin 25.2.0","clang 17.0.0 (clang-1700.6.3.2)",8,2026-01-30T18:04:36,ok
2026-01-30T17:23:36-ed540bb24003,bvh-mt,320,180,20,10,25,43,7,1,1,0,0.009875,0.015083,0.024958,973.321,973.346,0.05425,0,5.47009,6848292,0,3,"Apple M1","Darwin 25.2.0","clang 17.0.0 (clang-1700.6.3.2)",8,2026-01-30T18:04:37,ok
2026-01-30T17:23:36-ed540bb24003,gpu,320,180,20,10,25,43,0,0,0,1,0.009917,0,0.009917,278.964,278.974,0,276.266,5.82947,1152000,1,0,"Apple M1","Darwin 25.2.0","clang 17.0.0 (clang-1700.6.3.2)",8,2026-01-30T18:04:37,ok
2026-01-30T17:23:36-ed540bb24003,gpu,320,180,20,10,25,43,0,0,0,1,0.032,0,0.032,268.001,268.033,0,263.545,6.09509,1152000,0,1,"Apple M1","Darwin 25.2.0","clang 17.0.0 (clang-1700.6.3.2)",8,2026-01-30T18:04:38,ok
2026-01-30T17:23:36-ed540bb24003,gpu,320,180,20,10,25,43,0,0,0,1,0.026917,0,0.026917,272.578,272.605,0,268.998,6.09509,1152000,0,2,"Apple M1","Darwin 25.2.0","clang 17.0.0 (clang-1700.6.3.2)",8,2026-01-30T18:04:38,ok
2026-01-30T17:23:36-ed540bb24003,gpu,320,180,20,10,25,43,0,0,0,1,0.027708,0,0.027708,269.73,269.757,0,266.46,6.09509,1152000,0,3,"Apple M1","Darwin 25.2.0","clang 17.0.0 (clang-1700.6.3.2)",8,2026-01-30T18:04:38,ok
2026-01-30T17:23:36-ed540bb24003,original,320,180,20,10,25,43,8,0,0,0,0.042084,0,0.042084,8637.91,8637.95,0,0,5.82947,6846589,1,0,"Apple M1","Darwin 25.2.0","clang 17.0.0 (clang-1700.6.3.2)",8,2026-01-30T18:04:47,ok
2026-01-30T17:23:36-ed540bb24003,original,320,180,20,10,25,43,8,0,0,0,0.01775,0,0.01775,8567.38,8567.4,0,0,5.82947,6848108,0,1,"Apple M1","Darwin 25.2.0","clang 17.0.0 (clang-1700.6.3.2)",8,2026-01-30T18:04:55,ok
2026-01-30T17:23:36-ed540bb24003,original,320,180,20,10,25,43,8,0,0,0,0.0105,0,0.0105,8589.93,8589.94,0,0,5.73572,6839786,0,2,"Apple M1","Darwin 25.2.0","clang 17.0.0 (clang-1700.6.3.2)",8,2026-01-30T18:05:04,ok
2026-01-30T17:23:36-ed540bb24003,original,320,180,20,10,25,43,8,0,0,0,0.014791,0,0.014791,8615.67,8615.69,0,0,5.47009,6842288,0,3,"Apple M1","Darwin 25.2.0","clang 17.0.0 (clang-1700.6.3.2)",8,2026-01-30T18:05:13,ok
2026-01-30T17:23:36-ed540bb24003,bvh,320,180,20,10,25,43,8,1,0,0,0.041542,0.0335,0.075042,3793.58,3793.66,0,0,5.47009,6849241,1,0,"Apple M1","Darwin 25.2.0","clang 17.0.0 (clang-1700.6.3.2)",8,2026-01-30T18:05:16,ok
2026-01-30T17:23:36-ed540bb24003,bvh,320,180,20,10,25,43,8,1,0,0,0.010209,0.013083,0.023292,3690.89,3690.91,0,0,5.47009,6846309,0,1,"Apple M1","Darwin 25.2.0","clang 17.0.0 (clang-1700.6.3.2)",8,2026-01-30T18:05:20,ok
2026-01-30T17:23:36-ed540bb24003,bvh,320,180,20,10,25,43,8,1,0,0,0.009333,0.015,0.024333,3413.33,3413.35,0,0,5.47009,6843024,0,2,"Apple M1","Darwin 25.2.0","clang 17.0.0 (clang-1700.6.3.2)",8,2026-01-30T18:05:23,ok
2026-01-30T17:23:36-ed540bb24003,bvh,320,180,20,10,25,43,8,1,0,0,0.012708,0.016,0.028708,3141.61,3141.64,0,0,5.47009,6844227,0,3,"Apple M1","Darwin 25.2.0","clang 17.0.0 (clang-1700.6.3.2)",8,2026-01-30T18:05:27,ok
2026-01-30T17:23:36-ed540bb24003,bvh-mt,320,180,20,10,25,43,8,1,1,0,0.018042,0.01775,0.035792,964.615,964.651,0.087625,0,5.47009,6847902,1,0,"Apple M1","Darwin 25.2.0","clang 17.0.0 (clang-1700.6.3.2)",8,2026-01-30T18:05:28,ok
2026-01-30T17:23:36-ed540bb24003,bvh-mt,320,180,20,10,25,43,8,1,1,0,0.009875,0.014791,0.024666,946.374,946.399,0.0545,0,5.47009,6841866,0,1,"Apple M1","Darwin 25.2.0","clang 17.0.0 (clang-1700.6.3.2)",8,2026-01-30T18:05:29,ok
2026-01-30T17:23:36-ed540bb24003,bvh-mt,320,180,20,10,25,43,8,1,1,0,0.009292,0.016292,0.025584,958.602,958.628,0.065167,0,5.47009,6844778,0,2,"Apple M1","Darwin 25.2.0","clang 17.0.0 (clang-1700.6.3.2)",8,2026-01-30T18:05:29,ok
2026-01-30T17:23:36-ed540bb24003,bvh-mt,320,180,20,10,25,43,8,1,1,0,0.009375,0.014167,0.023542,999.602,999.626,0.05825,0,5.47009,6844101,0,3,"Apple M1","Darwin 25.2.0","clang 17.0.0 (clang-1700.6.3.2)",8,2026-01-30T18:05:30,ok
2026-01-30T17:23:36-ed540bb24003,gpu,320,180,20,10,25,43,0,0,0,1,0.010292,0,0.010292,283.362,283.372,0,280.369,5.82947,1152000,1,0,"Apple M1","Darwin 25.2.0","clang 17.0.0 (clang-1700.6.3.2)",8,2026-01-30T18:05:31,ok
2026-01-30T17:23:36-ed540bb24003,gpu,320,180,20,10,25,43,0,0,0,1,0.04,0,0.04,268.411,268.451,0,264.15,6.09509,1152000,0,1,"Apple M1","Darwin 25.2.0","clang 17.0.0 (clang-1700.6.3.2)",8,2026-01-30T18:05:31,ok
2026-01-30T17:23:36-ed540bb24003,gpu,320,180,20,10,25,43,0,0,0,1,0.021459,0,0.021459,271.083,271.104,0,267.762,6.09509,1152000,0,2,"Apple M1","Darwin 25.2.0","clang 17.0.0 (clang-1700.6.3.2)",8,2026-01-30T18:05:31,ok
2026-01-30T17:23:36-ed540bb24003,gpu,320,180,20,10,25,43,0,0,0,1,0.04125,0,0.04125,269.458,269.499,0,264.599,6.09509,1152000,0,3,"Apple M1","Darwin 25.2.0","clang 17.0.0 (clang-1700.6.3.2)",8,2026-01-30T18:05:32,ok
2026-01-30T17:23:36-ed540bb24003,original,320,180,20,10,100,118,1,0,0,0,0.090375,0,0.090375,13508.7,13508.8,0,0,5.82947,6922641,1,0,"Apple M1","Darwin 25.2.0","clang 17.0.0 (clang-1700.6.3.2)",8,2026-01-30T18:05:45,ok
2026-01-30T17:23:36-ed540bb24003,original,320,180,20,10,100,118,1,0,0,0,0.056916,0,0.056916,13419.7,13419.7,0,0,5.47009,6926397,0,1,"Apple M1","Darwin 25.2.0","clang 17.0.0 (clang-1700.6.3.2)",8,2026-01-30T18:05:59,ok
2026-01-30T17:23:36-ed540bb24003,original,320,180,20,10,100,118,1,0,0,0,0.045917,0,0.045917,13441,13441.1,0,0,5.47009,6925552,0,2,"Apple M1","Darwin 25.2.0","clang 17.0.0 (clang-1700.6.3.2)",8,2026-01-30T18:06:12,ok
2026-01-30T17:23:36-ed540bb24003,original,320,180,20,10,100,118,1,0,0,0,0.027333,0,0.027333,13484.1,13484.1,0,0,5.47009,6920721,0,3,"Apple M1","Darwin 25.2.0","clang 17.0.0 (clang-1700.6.3.2)",8,2026-01-30T18:06:25,ok
2026-01-30T17:23:36-ed540bb24003,bvh,320,180,20,10,100,118,1,1,0,0,0.042166,0.061542,0.103708,4280.59,4280.7,0,0,5.47009,6932216,1,0,"Apple M1","Darwin 25.2.0","clang 17.0.0 (clang-1700.6.3.2)",8,2026-01-30T18:06:30,ok
2026-01-30T17:23:36-ed540bb24003,bvh,320,180,20,10,100,118,1,1,0,0,0.015959,0.03925,0.055209,4027.49,4027.54,0,0,5.47009,6922451,0,1,"Apple M1","Darwin 25.2.0","clang 17.0.0 (clang-1700.6.3.2)",8,2026-01-30T18:06:34,ok
2026-01-30T17:23:36-ed540bb24003,bvh,320,180,20,10,100,118,1,1,0,0,0.01975,0.046375,0.066125,4524.21,4524.27,0,0,5.47009,6925397,0,2,"Apple M1","Darwin 25.2.0","clang 17.0.0 (clang-1700.6.3.2)",8,2026-01-30T18:06:38,ok
2026-01-30T17:23:36-ed540bb24003,bvh,320,180,20,10,100,118,1,1,0,0,0.017791,0.036917,0.054708,4046.91,4046.96,0,0,5.47009,6922134,0,3,"Apple M1","Darwin 25.2.0","clang 17.0.0 (clang-1700.6.3.2)",8,2026-01-30T18:06:42,ok
2026-01-30T17:23:36-ed540bb24003,bvh-mt,320,180,20,10,100,118,1,1,1,0,0.013708,0.032875,0.046583,5076.03,5076.08,0,0,5.47009,6923313,1,0,"Apple M1","Darwin 25.2.0","clang 17.0.0 (clang-1700.6.3.2)",8,2026-01-30T18:06:47,ok
2026-01-30T17:23:36-ed540bb24003,bvh-mt,320,180,20,10,100,118,1,1,1,0,0.012125,0.03725,0.049375,4192.53,4192.58,0,0,5.47009,6931645,0,1,"Apple M1","Darwin 25.2.0","clang 17.0.0 (clang-1700.6.3.2)",8,2026-01-30T18:06:52,ok
2026-01-30T17:23:36-ed540bb24003,bvh-mt,320,180,20,10,100,118,1,1,1,0,0.016292,0.043292,0.059584,3695.33,3695.39,0,0,5.47009,6925032,0,2,"Apple M1","Darwin 25.2.0","clang 17.0.0 (clang-1700.6.3.2)",8,2026-01-30T18:06:55,ok
2026-01-30T17:23:36-ed540bb24003,bvh-mt,320,180,20,10,100,118,1,1,1,0,0.040459,0.043917,0.084376,3990.26,3990.35,0,0,5.47009,6928663,0,3,"Apple M1","Darwin 25.2.0","clang 17.0.0 (clang-1700.6.3.2)",8,2026-01-30T18:06:59,ok
2026-01-30T17:23:36-ed540bb24003,gpu,320,180,20,10,100,118,0,0,0,1,0.013625,0,0.013625,441.057,441.07,0,435.182,5.82947,1152000,1,0,"Apple M1","Darwin 25.2.0","clang 17.0.0 (clang-1700.6.3.2)",8,2026-01-30T18:07:00,ok
2026-01-30T17:23:36-ed540bb24003,gpu,320,180,20,10,100,118,0,0,0,1,0.044791,0,0.044791,428.818,428.863,0,425.217,6.09509,1152000,0,1,"Apple M1","Darwin 25.2.0","clang 17.0.0 (clang-1700.6.3.2)",8,2026-01-30T18:07:00,ok
2026-01-30T17:23:36-ed540bb24003,gpu,320,180,20,10,100,118,0,0,0,1,0.057958,0,0.057958,429.984,430.042,0,426.121,6.09509,1152000,0,2,"Apple M1","Darwin 25.2.0","clang 17.0.0 (clang-1700.6.3.2)",8,2026-01-30T18:07:01,ok
2026-01-30T17:23:36-ed540bb24003,gpu,320,180,20,10,100,118,0,0,0,1,0.062542,0,0.062542,425.565,425.628,0,421.237,6.09509,1152000,0,3,"Apple M1","Darwin 25.2.0","clang 17.0.0 (clang-1700.6.3.2)",8,2026-01-30T18:07:01,ok
2026-01-30T17:23:36-ed540bb24003,original,320,180,20,10,100,118,2,0,0,0,0.065,0,0.065,13518.7,13518.7,0,0,5.82947,6923144,1,0,"Apple M1","Darwin 25.2.0","clang 17.0.0 (clang-1700.6.3.2)",8,2026-01-30T18:07:15,ok
2026-01-30T17:23:36-ed540bb24003,original,320,180,20,10,100,118,2,0,0,0,0.063334,0,0.063334,13438.4,13438.4,0,0,5.73572,6927727,0,1,"Apple M1","Darwin 25.2.0","clang 17.0.0 (clang-1700.6.3.2)",8,2026-01-30T18:07:28,ok
2026-01-30T17:23:36-ed540bb24003,original,320,180,20,10,100,118,2,0,0,0,0.046292,0,0.046292,13500.9,13500.9,0,0,5.47009,6925878,0,2,"Apple M1","Darwin 25.2.0","clang 17.0.0 (clang-1700.6.3.2)",8,2026-01-30T18:07:41,ok
