mode    , width, height, samples, max_depth, extra_objects, object_count, thread_count, bvh, threads, gpu, scene_ms , bvh_ms   , setup_ms , render_ms_mean, render_ms_stddev, total_ms_mean, total_ms_stddev, thread_launch_ms_mean, thread_launch_ms_stddev, gpu_ms_mean, gpu_ms_stddev, max_mem_mb, runs, warmup_runs, parallel_units, primary_rays, traced_rays, rays_per_sec, rays_per_thread, speedup , efficiency, run_id                          , cpu_model , os_name        , compiler                         , hw_threads, timestamp          , status
original,   320,    180,      10,        10,             0,           18,            1,   0,       0,   0, 0.011646 , 0        , 0.011646 ,       3362.31 ,       19.7296   ,      3362.32 ,      19.7287   ,             0        , 0                      ,       0    ,     0        ,    2.18835,    2,           1,              1, 576000      , 3.38762e+06, 1.00753e+06 , 1.00753e+06    ,  1      ,   1       , 2026-01-30T18:08:23-fbe5dda4785f, "Apple M1", "Darwin 25.2.0", "clang 17.0.0 (clang-1700.6.3.2)",          8, 2026-01-30T18:08:23, ok
bvh     ,   320,    180,      10,        10,             0,           18,            1,   1,       0,   0, 0.012354 , 0.0057085, 0.0180625,       1446.59 ,      154.086    ,      1446.61 ,     154.092    ,             0        , 0                      ,       0    ,     0        ,    2.25085,    2,           1,              1, 576000      , 3.39439e+06, 2.34648e+06 , 2.34648e+06    ,  2.3243 ,   2.3243  , 2026-01-30T18:08:23-fbe5dda4785f, "Apple M1", "Darwin 25.2.0", "clang 17.0.0 (clang-1700.6.3.2)",          8, 2026-01-30T18:08:33, ok
bvh-mt  ,   320,    180,      10,        10,             0,           18,            1,   1,       1,   0, 0.0133955, 0.007542 , 0.0209375,       1311.32 ,       59.163    ,      1311.34 ,      59.1673   ,             0        , 0                      ,       0    ,     0        ,    2.29773,    2,           1,              1, 576000      , 3.39496e+06, 2.58895e+06 , 2.58895e+06    ,  2.56406,   2.56406 , 2026-01-30T18:08:23-fbe5dda4785f, "Apple M1", "Darwin 25.2.0", "clang 17.0.0 (clang-1700.6.3.2)",          8, 2026-01-30T18:08:37, ok
gpu     ,   320,    180,      10,        10,             0,           18,            0,   0,       0,   1, 0.0193955, 0        , 0.0193955,        109.185,        0.682004 ,       109.205,       0.690638 ,             0        , 0                      ,     106.317,     0.197401 ,    5.62634,    2,           1,              8, 576000      , 576000     , 5.27543e+06 , 659429         , 30.7945 ,   3.84931 , 2026-01-30T18:08:23-fbe5dda4785f, "Apple M1", "Darwin 25.2.0", "clang 17.0.0 (clang-1700.6.3.2)",          8, 2026-01-30T18:08:41, ok
original,   320,    180,      10,        10,             0,           18,            2,   0,       0,   0, 0.0129585, 0        , 0.0129585,       3365.84 ,        7.87119  ,      3365.85 ,       7.87172  ,             0        , 0                      ,       0    ,     0        ,    5.31384,    2,           1,              1, 576000      , 3.38963e+06, 1.00707e+06 , 1.00707e+06    ,  1      ,   1       , 2026-01-30T18:08:23-fbe5dda4785f, "Apple M1", "Darwin 25.2.0", "clang 17.0.0 (clang-1700.6.3.2)",          8, 2026-01-30T18:08:41, ok
bvh     ,   320,    180,      10,        10,             0,           18,            2,   1,       0,   0, 0.0115215, 0.0050835, 0.016605 ,       1321.71 ,       49.5328   ,      1321.73 ,      49.5284   ,             0        , 0                      ,       0    ,     0        ,    5.04822,    2,           1,              1, 576000      , 3.39052e+06, 2.56525e+06 , 2.56525e+06    ,  2.54657,   2.54657 , 2026-01-30T18:08:23-fbe5dda4785f, "Apple M1", "Darwin 25.2.0", "clang 17.0.0 (clang-1700.6.3.2)",          8, 2026-01-30T18:08:52, ok
bvh-mt  ,   320,    180,      10,        10,             0,           18,            2,   1,       1,   0, 0.0121665, 0.0097915, 0.021958 ,        815.95 ,       47.6925   ,       815.972,      47.6876   ,             0.028875 , 0.00282843             ,       0    ,     0        ,    5.07947,    2,           1,              2, 576000      , 3.39097e+06, 4.15586e+06 , 2.07793e+06    ,  4.12506,   2.06253 , 2026-01-30T18:08:23-fbe5dda4785f, "Apple M1", "Darwin 25.2.0", "clang 17.0.0 (clang-1700.6.3.2)",          8, 2026-01-30T18:08:56, ok
gpu     ,   320,    180,      10,        10,             0,           18,            0,   0,       0,   1, 0.0236665, 0        , 0.0236665,        110.737,        0.88954  ,       110.76 ,       0.874102 ,             0        , 0                      ,     106.498,     0.185262 ,    5.84509,    2,           1,              8, 576000      , 576000     , 5.20154e+06 , 650192         , 30.395  ,   3.79938 , 2026-01-30T18:08:23-fbe5dda4785f, "Apple M1", "Darwin 25.2.0", "clang 17.0.0 (clang-1700.6.3.2)",          8, 2026-01-30T18:08:58, ok
original,   320,    180,      10,        10,             0,           18,            3,   0,       0,   0, 0.012    , 0        , 0.012    ,       3360.42 ,       16.9627   ,      3360.44 ,      16.9613   ,             0        , 0                      ,       0    ,     0        ,    5.57947,    2,           1,              1, 576000      , 3.39100e+06, 1.0091e+06  , 1.0091e+06     ,  1      ,   1       , 2026-01-30T18:08:23-fbe5dda4785f, "Apple M1", "Darwin 25.2.0", "clang 17.0.0 (clang-1700.6.3.2)",          8, 2026-01-30T18:08:58, ok
bvh     ,   320,    180,      10,        10,             0,           18,            3,   1,       0,   0, 0.0128125, 0.005083 , 0.0178955,       1267.73 ,        8.49916  ,      1267.75 ,       8.49571  ,             0        , 0                      ,       0    ,     0        ,    5.57947,    2,           1,              1, 576000      , 3.38841e+06, 2.67281e+06 , 2.67281e+06    ,  2.65073,   2.65073 , 2026-01-30T18:08:23-fbe5dda4785f, "Apple M1", "Darwin 25.2.0", "clang 17.0.0 (clang-1700.6.3.2)",          8, 2026-01-30T18:09:08, ok
bvh-mt  ,   320,    180,      10,        10,             0,           18,            3,   1,       1,   0, 0.008792 , 0.005271 , 0.014063 ,        551.117,       21.2765   ,       551.131,      21.2767   ,             0.031854 , 0.000796202            ,       0    ,     0        ,    5.48572,    2,           1,              3, 576000      , 3.39216e+06, 6.15507e+06 , 2.05169e+06    ,  6.09748,   2.03249 , 2026-01-30T18:08:23-fbe5dda4785f, "Apple M1", "Darwin 25.2.0", "clang 17.0.0 (clang-1700.6.3.2)",          8, 2026-01-30T18:09:12, ok
gpu     ,   320,    180,      10,        10,             0,           18,            0,   0,       0,   1, 0.0113545, 0        , 0.0113545,        109.896,        1.17922  ,       109.907,       1.17666  ,             0        , 0                      ,     106.31 ,     0.142806 ,    5.93884,    2,           1,              8, 576000      , 576000     , 5.24133e+06 , 655166         , 30.5783 ,   3.82228 , 2026-01-30T18:08:23-fbe5dda4785f, "Apple M1", "Darwin 25.2.0", "clang 17.0.0 (clang-1700.6.3.2)",          8, 2026-01-30T18:09:14, ok
original,   320,    180,      10,        10,             0,           18,            4,   0,       0,   0, 0.008729 , 0        , 0.008729 ,       3351.51 ,       16.0826   ,      3351.52 ,      16.0828   ,             0        , 0                      ,       0    ,     0        ,    5.67322,    2,           1,              1, 576000      , 3.38921e+06, 1.01125e+06 , 1.01125e+06    ,  1      ,   1       , 2026-01-30T18:08:23-fbe5dda4785f, "Apple M1", "Darwin 25.2.0", "clang 17.0.0 (clang-1700.6.3.2)",          8, 2026-01-30T18:09:14, ok
bvh     ,   320,    180,      10,        10,             0,           18,            4,   1,       0,   0, 0.013458 , 0.0047295, 0.0181875,       1332.28 ,       47.4181   ,      1332.3  ,      47.426    ,             0        , 0                      ,       0    ,     0        ,    5.40759,    2,           1,              1, 576000      , 3.39653e+06, 2.5494e+06  , 2.5494e+06     ,  2.51561,   2.51561 , 2026-01-30T18:08:23-fbe5dda4785f, "Apple M1", "Darwin 25.2.0", "clang 17.0.0 (clang-1700.6.3.2)",          8, 2026-01-30T18:09:24, ok
bvh-mt  ,   320,    180,      10,        10,             0,           18,            4,   1,       1,   0, 0.008354 , 0.004979 , 0.013333 ,        467.143,       12.6102   ,       467.156,      12.6109   ,             0.0362915, 0.00966403             ,       0    ,     0        ,    5.40759,    2,           1,              4, 576000      , 3.39177e+06, 7.26067e+06 , 1.81517e+06    ,  7.17449,   1.79362 , 2026-01-30T18:08:23-fbe5dda4785f, "Apple M1", "Darwin 25.2.0", "clang 17.0.0 (clang-1700.6.3.2)",          8, 2026-01-30T18:09:29, ok
gpu     ,   320,    180,      10,        10,             0,           18,            0,   0,       0,   1, 0.025    , 0        , 0.025    ,        110.879,        1.18729  ,       110.904,       1.1715   ,             0        , 0                      ,     106.391,     0.0370937,    6.01697,    2,           1,              8, 576000      , 576000     , 5.19486e+06 , 649357         , 30.2267 ,   3.77834 , 2026-01-30T18:08:23-fbe5dda4785f, "Apple M1", "Darwin 25.2.0", "clang 17.0.0 (clang-1700.6.3.2)",          8, 2026-01-30T18:09:30, ok
original,   320,    180,      10,        10,             0,           18,            5,   0,       0,   0, 0.0138335, 0        , 0.0138335,       3380.34 ,       43.7115   ,      3380.35 ,      43.7173   ,             0        , 0                      ,       0    ,     0        ,    5.75134,    2,           1,              1, 576000      , 3.3918e+06 , 1.00339e+06 , 1.00339e+06    ,  1      ,   1       , 2026-01-30T18:08:23-fbe5dda4785f, "Apple M1", "Darwin 25.2.0", "clang 17.0.0 (clang-1700.6.3.2)",          8, 2026-01-30T18:09:30, ok
bvh     ,   320,    180,      10,        10,             0,           18,            5,   1,       0,   0, 0.0105835, 0.004854 , 0.0154375,       1364.52 ,       63.9803   ,      1364.54 ,      63.9779   ,             0        , 0                      ,       0    ,     0        ,    5.76697,    2,           1,              1, 576000      , 3.38727e+06, 2.48238e+06 , 2.48238e+06    ,  2.4773 ,   2.4773  , 2026-01-30T18:08:23-fbe5dda4785f, "Apple M1", "Darwin 25.2.0", "clang 17.0.0 (clang-1700.6.3.2)",          8, 2026-01-30T18:09:40, ok
bvh-mt  ,   320,    180,      10,        10,             0,           18,            5,   1,       1,   0, 0.0077915, 0.0045   , 0.0122915,        433.211,        6.26638  ,       433.223,       6.26815  ,             0.036479 , 0.000383252            ,       0    ,     0        ,    5.67322,    2,           1,              5, 576000      , 3.38918e+06, 7.8234e+06  , 1.56468e+06    ,  7.80299,   1.5606  , 2026-01-30T18:08:23-fbe5dda4785f, "Apple M1", "Darwin 25.2.0", "clang 17.0.0 (clang-1700.6.3.2)",          8, 2026-01-30T18:09:45, ok
gpu     ,   320,    180,      10,        10,             0,           18,            0,   0,       0,   1, 0.0139375, 0        , 0.0139375,        108.691,        0.829584 ,       108.705,       0.834445 ,             0        , 0                      ,     106.068,     0.0937213,    6.03259,    2,           1,              8, 576000      , 576000     , 5.29942e+06 , 662427         , 31.1004 ,   3.88755 , 2026-01-30T18:08:23-fbe5dda4785f, "Apple M1", "Darwin 25.2.0", "clang 17.0.0 (clang-1700.6.3.2)",          8, 2026-01-30T18:09:46, ok
original,   320,    180,      10,        10,             0,           18,            6,   0,       0,   0, 0.0100415, 0        , 0.0100415,       3344.38 ,        4.34644  ,      3344.39 ,       4.34744  ,             0        , 0                      ,       0    ,     0        ,    5.76697,    2,           1,              1, 576000      , 3.38869e+06, 1.01325e+06 , 1.01325e+06    ,  1      ,   1       , 2026-01-30T18:08:23-fbe5dda4785f, "Apple M1", "Darwin 25.2.0", "clang 17.0.0 (clang-1700.6.3.2)",          8, 2026-01-30T18:09:46, ok
bvh     ,   320,    180,      10,        10,             0,           18,            6,   1,       0,   0, 0.0081045, 0.0047705, 0.012875 ,       1422.29 ,       62.9078   ,      1422.31 ,      62.907    ,             0        , 0                      ,       0    ,     0        ,    5.50134,    2,           1,              1, 576000      , 3.38939e+06, 2.38305e+06 , 2.38305e+06    ,  2.3514 ,   2.3514  , 2026-01-30T18:08:23-fbe5dda4785f, "Apple M1", "Darwin 25.2.0", "clang 17.0.0 (clang-1700.6.3.2)",          8, 2026-01-30T18:09:56, ok
bvh-mt  ,   320,    180,      10,        10,             0,           18,            6,   1,       1,   0, 0.008812 , 0.004646 , 0.013458 ,        435.342,       36.0024   ,       435.356,      36.0018   ,             0.048229 , 0.000147078            ,       0    ,     0        ,    5.51697,    2,           1,              6, 576000      , 3.39216e+06, 7.79194e+06 , 1.29866e+06    ,  7.68218,   1.28036 , 2026-01-30T18:08:23-fbe5dda4785f, "Apple M1", "Darwin 25.2.0", "clang 17.0.0 (clang-1700.6.3.2)",          8, 2026-01-30T18:10:00, ok
gpu     ,   320,    180,      10,        10,             0,           18,            0,   0,       0,   1, 0.0205625, 0        , 0.0205625,        123.464,        5.0133   ,       123.485,       5.02358  ,             0        , 0                      ,     117.523,     0.424235 ,    6.04822,    2,           1,              8, 576000      , 576000     , 4.66531e+06 , 583164         , 27.0878 ,   3.38597 , 2026-01-30T18:08:23-fbe5dda4785f, "Apple M1", "Darwin 25.2.0", "clang 17.0.0 (clang-1700.6.3.2)",          8, 2026-01-30T18:10:02, ok
original,   320,    180,      10,        10,             0,           18,            7,   0,       0,   0, 0.011208 , 0        , 0.011208 ,       3381.27 ,        4.51337  ,      3381.28 ,       4.51326  ,             0        , 0                      ,       0    ,     0        ,    5.78259,    2,           1,              1, 576000      , 3.38792e+06, 1.00196e+06 , 1.00196e+06    ,  1      ,   1       , 2026-01-30T18:08:23-fbe5dda4785f, "Apple M1", "Darwin 25.2.0", "clang 17.0.0 (clang-1700.6.3.2)",          8, 2026-01-30T18:10:02, ok
bvh     ,   320,    180,      10,        10,             0,           18,            7,   1,       0,   0, 0.009646 , 0.0050205, 0.0146665,       1486.81 ,      128.339    ,      1486.83 ,     128.341    ,             0        , 0                      ,       0    ,     0        ,    5.68884,    2,           1,              1, 576000      , 3.39038e+06, 2.2803e+06  , 2.2803e+06     ,  2.27418,   2.27418 , 2026-01-30T18:08:23-fbe5dda4785f, "Apple M1", "Darwin 25.2.0", "clang 17.0.0 (clang-1700.6.3.2)",          8, 2026-01-30T18:10:12, ok
bvh-mt  ,   320,    180,      10,        10,             0,           18,            7,   1,       1,   0, 0.0082505, 0.004604 , 0.0128545,        426.104,        6.20866  ,       426.117,       6.20946  ,             0.05175  , 0.00459619             ,       0    ,     0        ,    5.68884,    2,           1,              7, 576000      , 3.39162e+06, 7.95959e+06 , 1.13708e+06    ,  7.93531,   1.13362 , 2026-01-30T18:08:23-fbe5dda4785f, "Apple M1", "Darwin 25.2.0", "clang 17.0.0 (clang-1700.6.3.2)",          8, 2026-01-30T18:10:17, ok
gpu     ,   320,    180,      10,        10,             0,           18,            0,   0,       0,   1, 0.0165205, 0        , 0.0165205,        108.943,        1.06031  ,       108.959,       1.06752  ,             0        , 0                      ,     106.253,     0.145664 ,    6.06384,    2,           1,              8, 576000      , 576000     , 5.28717e+06 , 660897         , 31.0371 ,   3.87964 , 2026-01-30T18:08:23-fbe5dda4785f, "Apple M1", "Darwin 25.2.0", "clang 17.0.0 (clang-1700.6.3.2)",          8, 2026-01-30T18:10:18, ok
original,   320,    180,      10,        10,             0,           18,            8,   0,       0,   0, 0.021875 , 0        , 0.021875 ,       3410.29 ,       41.8393   ,      3410.31 ,      41.8291   ,             0        , 0                      ,       0    ,     0        ,    5.53259,    2,           1,              1, 576000      , 3.39183e+06, 994585      , 994585         ,  1      ,   1       , 2026-01-30T18:08:23-fbe5dda4785f, "Apple M1", "Darwin 25.2.0", "clang 17.0.0 (clang-1700.6.3.2)",          8, 2026-01-30T18:10:18, ok
bvh     ,   320,    180,      10,        10,             0,           18,            8,   1,       0,   0, 0.015062 , 0.0052085, 0.0202705,       1447.02 ,      226.362    ,      1447.04 ,     226.355    ,             0        , 0                      ,       0    ,     0        ,    5.53259,    2,           1,              1, 576000      , 3.39074e+06, 2.34325e+06 , 2.34325e+06    ,  2.35677,   2.35677 , 2026-01-30T18:08:23-fbe5dda4785f, "Apple M1", "Darwin 25.2.0", "clang 17.0.0 (clang-1700.6.3.2)",          8, 2026-01-30T18:10:28, ok
bvh-mt  ,   320,    180,      10,        10,             0,           18,            8,   1,       1,   0, 0.008146 , 0.0044585, 0.0126045,        389.494,        8.37521  ,       389.506,       8.37589  ,             0.0614585, 0.00176706             ,       0    ,     0        ,    5.53259,    2,           1,              8, 576000      , 3.38995e+06, 8.70349e+06 , 1.08794e+06    ,  8.7557 ,   1.09446 , 2026-01-30T18:08:23-fbe5dda4785f, "Apple M1", "Darwin 25.2.0", "clang 17.0.0 (clang-1700.6.3.2)",          8, 2026-01-30T18:10:33, ok
gpu     ,   320,    180,      10,        10,             0,           18,            0,   0,       0,   1, 0.0193545, 0        , 0.0193545,        109.983,        0.11794  ,       110.002,       0.125512 ,             0        , 0                      ,     106.817,     0.507821 ,    6.06384,    2,           1,              8, 576000      , 576000     , 5.23717e+06 , 654646         , 31.0074 ,   3.87593 , 2026-01-30T18:08:23-fbe5dda4785f, "Apple M1", "Darwin 25.2.0", "clang 17.0.0 (clang-1700.6.3.2)",          8, 2026-01-30T18:10:34, ok
original,   320,    180,      10,        10,           100,          118,            1,   0,       0,   0, 0.0294795, 0        , 0.0294795,       6645.17 ,       14.6766   ,      6645.2  ,      14.6704   ,             0        , 0                      ,       0    ,     0        ,    5.79822,    2,           1,              1, 576000      , 3.46329e+06, 521175      , 521175         ,  1      ,   1       , 2026-01-30T18:08:23-fbe5dda4785f, "Apple M1", "Darwin 25.2.0", "clang 17.0.0 (clang-1700.6.3.2)",          8, 2026-01-30T18:10:34, ok
bvh     ,   320,    180,      10,        10,           100,          118,            1,   1,       0,   0, 0.0176455, 0.0404585, 0.058104 ,       2437.95 ,      135.258    ,      2438.01 ,     135.265    ,             0        , 0                      ,       0    ,     0        ,    5.72009,    2,           1,              1, 576000      , 3.46116e+06, 1.4197e+06  , 1.4197e+06     ,  2.72572,   2.72572 , 2026-01-30T18:08:23-fbe5dda4785f, "Apple M1", "Darwin 25.2.0", "clang 17.0.0 (clang-1700.6.3.2)",          8, 2026-01-30T18:10:54, ok
bvh-mt  ,   320,    180,      10,        10,           100,          118,            1,   1,       1,   0, 0.0132085, 0.0433335, 0.056542 ,       2304.37 ,      343.454    ,      2304.42 ,     343.452    ,             0        , 0                      ,       0    ,     0        ,    5.45447,    2,           1,              1, 576000      , 3.46183e+06, 1.50229e+06 , 1.50229e+06    ,  2.88373,   2.88373 , 2026-01-30T18:08:23-fbe5dda4785f, "Apple M1", "Darwin 25.2.0", "clang 17.0.0 (clang-1700.6.3.2)",          8, 2026-01-30T18:11:01, ok
gpu     ,   320,    180,      10,        10,           100,          118,            0,   0,       0,   1, 0.0489585, 0        , 0.0489585,        215.443,        3.67536  ,       215.492,       3.68963  ,             0        , 0                      ,     211.916,     3.64929  ,    6.09509,    2,           1,              8, 576000      , 576000     , 2.67356e+06 , 334195         , 30.8442 ,   3.85553 , 2026-01-30T18:08:23-fbe5dda4785f, "Apple M1", "Darwin 25.2.0", "clang 17.0.0 (clang-1700.6.3.2)",          8, 2026-01-30T18:11:08, ok
original,   320,    180,      10,        10,           100,          118,            2,   0,       0,   0, 0.0303535, 0        , 0.0303535,       6694.33 ,        6.5593   ,      6694.36 ,       6.54136  ,             0        , 0                      ,       0    ,     0        ,    5.82947,    2,           1,              1, 576000      , 3.46035e+06, 516907      , 516907         ,  1      ,   1       , 2026-01-30T18:08:23-fbe5dda4785f, "Apple M1", "Darwin 25.2.0", "clang 17.0.0 (clang-1700.6.3.2)",          8, 2026-01-30T18:11:09, ok
bvh     ,   320,    180,      10,        10,           100,          118,            2,   1,       0,   0, 0.0139375, 0.039958 , 0.0538955,       2224.64 ,      243.564    ,      2224.7  ,     243.551    ,             0        , 0                      ,       0    ,     0        ,    5.47009,    2,           1,              1, 576000      , 3.46191e+06, 1.55617e+06 , 1.55617e+06    ,  3.00917,   3.00917 , 2026-01-30T18:08:23-fbe5dda4785f, "Apple M1", "Darwin 25.2.0", "clang 17.0.0 (clang-1700.6.3.2)",          8, 2026-01-30T18:11:29, ok
bvh-mt  ,   320,    180,      10,        10,           100,          118,            2,   1,       1,   0, 0.019062 , 0.039417 , 0.058479 ,       1189.84 ,      197.832    ,      1189.9  ,     197.832    ,             0.024917 , 0.00595101             ,       0    ,     0        ,    5.47009,    2,           1,              2, 576000      , 3.4648e+06 , 2.91198e+06 , 1.45599e+06    ,  5.62622,   2.81311 , 2026-01-30T18:08:23-fbe5dda4785f, "Apple M1", "Darwin 25.2.0", "clang 17.0.0 (clang-1700.6.3.2)",          8, 2026-01-30T18:11:36, ok
gpu     ,   320,    180,      10,        10,           100,          118,            0,   0,       0,   1, 0.035563 , 0        , 0.035563 ,        214.504,        2.39951  ,       214.54 ,       2.41733  ,             0        , 0                      ,     211.551,     1.94239  ,    6.11072,    2,           1,              8, 576000      , 576000     , 2.68526e+06 , 335658         , 31.2084 ,   3.90105 , 2026-01-30T18:08:23-fbe5dda4785f, "Apple M1", "Darwin 25.2.0", "clang 17.0.0 (clang-1700.6.3.2)",          8, 2026-01-30T18:11:39, ok
original,   320,    180,      10,        10,           100,          118,            3,   0,       0,   0, 0.0225625, 0        , 0.0225625,       6667.58 ,       11.1653   ,      6667.6  ,      11.1709   ,             0        , 0                      ,       0    ,     0        ,    5.57947,    2,           1,              1, 576000      , 3.46249e+06, 519302      , 519302         ,  1      ,   1       , 2026-01-30T18:08:23-fbe5dda4785f, "Apple M1", "Darwin 25.2.0", "clang 17.0.0 (clang-1700.6.3.2)",          8, 2026-01-30T18:11:40, ok
bvh     ,   320,    180,      10,        10,           100,          118,            3,   1,       0,   0, 0.0153545, 0.0418335, 0.057188 ,       1994.15 ,      113.763    ,      1994.21 ,     113.77     ,             0        , 0                      ,       0    ,     0        ,    5.57947,    2,           1,              1, 576000      , 3.4615e+06 , 1.73583e+06 , 1.73583e+06    ,  3.34357,   3.34357 , 2026-01-30T18:08:23-fbe5dda4785f, "Apple M1", "Darwin 25.2.0", "clang 17.0.0 (clang-1700.6.3.2)",          8, 2026-01-30T18:12:00, ok
bvh-mt  ,   320,    180,      10,        10,           100,          118,            3,   1,       1,   0, 0.0121245, 0.0434375, 0.055562 ,        854.816,       19.9147   ,       854.872,      19.9126   ,             0.0294585, 5.86899e-05            ,       0    ,     0        ,    5.57947,    2,           1,              3, 576000      , 3.4604e+06 , 4.04812e+06 , 1.34937e+06    ,  7.80002,   2.60001 , 2026-01-30T18:08:23-fbe5dda4785f, "Apple M1", "Darwin 25.2.0", "clang 17.0.0 (clang-1700.6.3.2)",          8, 2026-01-30T18:12:06, ok
gpu     ,   320,    180,      10,        10,           100,          118,            0,   0,       0,   1, 0.0622705, 0        , 0.0622705,        215.27 ,        3.51158  ,       215.332,       3.50731  ,             0        , 0                      ,     211.892,     3.44367  ,    6.11072,    2,           1,              8, 576000      , 576000     , 2.67571e+06 , 334464         , 30.9731 ,   3.87164 , 2026-01-30T18:08:23-fbe5dda4785f, "Apple M1", "Darwin 25.2.0", "clang 17.0.0 (clang-1700.6.3.2)",          8, 2026-01-30T18:12:09, ok
original,   320,    180,      10,        10,           100,          118,            4,   0,       0,   0, 0.013375 , 0        , 0.013375 ,       6666.87 ,       24.4099   ,      6666.88 ,      24.4099   ,             0        , 0                      ,       0    ,     0        ,    5.84509,    2,           1,              1, 576000      , 3.4623e+06 , 519329      , 519329         ,  1      ,   1       , 2026-01-30T18:08:23-fbe5dda4785f, "Apple M1", "Darwin 25.2.0", "clang 17.0.0 (clang-1700.6.3.2)",          8, 2026-01-30T18:12:09, ok
bvh     ,   320,    180,      10,        10,           100,          118,            4,   1,       0,   0, 0.0143335, 0.0390205, 0.053354 ,       1937.9  ,       98.3974   ,      1937.96 ,      98.403    ,             0        , 0                      ,       0    ,     0        ,    5.75134,    2,           1,              1, 576000      , 3.46347e+06, 1.78722e+06 , 1.78722e+06    ,  3.44025,   3.44025 , 2026-01-30T18:08:23-fbe5dda4785f, "Apple M1", "Darwin 25.2.0", "clang 17.0.0 (clang-1700.6.3.2)",          8, 2026-01-30T18:12:30, ok
bvh-mt  ,   320,    180,      10,        10,           100,          118,            4,   1,       1,   0, 0.0138955, 0.046271 , 0.0601665,        734.652,      120.887    ,       734.712,     120.879    ,             0.0429585, 0.00795424             ,       0    ,     0        ,    5.48572,    2,           1,              4, 576000      , 3.46238e+06, 4.71295e+06 , 1.17824e+06    ,  9.07487,   2.26872 , 2026-01-30T18:08:23-fbe5dda4785f, "Apple M1", "Darwin 25.2.0", "clang 17.0.0 (clang-1700.6.3.2)",          8, 2026-01-30T18:12:35, ok
gpu     ,   320,    180,      10,        10,           100,          118,            0,   0,       0,   1, 0.0547085, 0        , 0.0547085,        218.314,        3.84601  ,       218.369,       3.83859  ,             0        , 0                      ,     214.001,     4.19138  ,    6.12634,    2,           1,              8, 576000      , 576000     , 2.6384e+06  , 329800         , 30.538  ,   3.81725 , 2026-01-30T18:08:23-fbe5dda4785f, "Apple M1", "Darwin 25.2.0", "clang 17.0.0 (clang-1700.6.3.2)",          8, 2026-01-30T18:12:38, ok
original,   320,    180,      10,        10,           100,          118,            5,   0,       0,   0, 0.02325  , 0        , 0.02325  ,       6694.49 ,       59.1383   ,      6694.52 ,      59.1266   ,             0        , 0                      ,       0    ,     0        ,    5.86072,    2,           1,              1, 576000      , 3.46248e+06, 517213      , 517213         ,  1      ,   1       , 2026-01-30T18:08:23-fbe5dda4785f, "Apple M1", "Darwin 25.2.0", "clang 17.0.0 (clang-1700.6.3.2)",          8, 2026-01-30T18:12:38, ok
bvh     ,   320,    180,      10,        10,           100,          118,            5,   1,       0,   0, 0.0137705, 0.043333 , 0.0571035,       2195.33 ,      248.118    ,      2195.39 ,     248.115    ,             0        , 0                      ,       0    ,     0        ,    5.76697,    2,           1,              1, 576000      , 3.46472e+06, 1.57822e+06 , 1.57822e+06    ,  3.04942,   3.04942 , 2026-01-30T18:08:23-fbe5dda4785f, "Apple M1", "Darwin 25.2.0", "clang 17.0.0 (clang-1700.6.3.2)",          8, 2026-01-30T18:12:58, ok
bvh-mt  ,   320,    180,      10,        10,           100,          118,            5,   1,       1,   0, 0.01625  , 0.038958 , 0.055208 ,        738.4  ,       14.0279   ,       738.455,      14.0276   ,             0.0450835, 0.00241618             ,       0    ,     0        ,    5.50134,    2,           1,              5, 576000      , 3.45958e+06, 4.68524e+06 , 937049         ,  9.06621,   1.81324 , 2026-01-30T18:08:23-fbe5dda4785f, "Apple M1", "Darwin 25.2.0", "clang 17.0.0 (clang-1700.6.3.2)",          8, 2026-01-30T18:13:05, ok
gpu     ,   320,    180,      10,        10,           100,          118,            0,   0,       0,   1, 0.0511455, 0        , 0.0511455,        215.643,        3.86675  ,       215.694,       3.8903   ,             0        , 0                      ,     211.527,     2.86455  ,    6.14197,    2,           1,              8, 576000      , 576000     , 2.67109e+06 , 333886         , 31.0444 ,   3.88055 , 2026-01-30T18:08:23-fbe5dda4785f, "Apple M1", "Darwin 25.2.0", "clang 17.0.0 (clang-1700.6.3.2)",          8, 2026-01-30T18:13:07, ok
original,   320,    180,      10,        10,           100,          118,            6,   0,       0,   0, 0.023333 , 0        , 0.023333 ,       6650.17 ,       33.3852   ,      6650.19 ,      33.3718   ,             0        , 0                      ,       0    ,     0        ,    5.87634,    2,           1,              1, 576000      , 3.46016e+06, 520312      , 520312         ,  1      ,   1       , 2026-01-30T18:08:23-fbe5dda4785f, "Apple M1", "Darwin 25.2.0", "clang 17.0.0 (clang-1700.6.3.2)",          8, 2026-01-30T18:13:08, ok
bvh     ,   320,    180,      10,        10,           100,          118,            6,   1,       0,   0, 0.0238545, 0.036354 , 0.0602085,       2127.57 ,      312.632    ,      2127.63 ,     312.608    ,             0        , 0                      ,       0    ,     0        ,    5.78259,    2,           1,              1, 576000      , 3.46168e+06, 1.62705e+06 , 1.62705e+06    ,  3.1257 ,   3.1257  , 2026-01-30T18:08:23-fbe5dda4785f, "Apple M1", "Darwin 25.2.0", "clang 17.0.0 (clang-1700.6.3.2)",          8, 2026-01-30T18:13:28, ok
bvh-mt  ,   320,    180,      10,        10,           100,          118,            6,   1,       1,   0, 0.011688 , 0.035916 , 0.047604 ,        668.687,       22.9332   ,       668.735,      22.9307   ,             0.051562 , 0.00332906             ,       0    ,     0        ,    5.51697,    2,           1,              6, 576000      , 3.45917e+06, 5.17307e+06 , 862179         ,  9.94511,   1.65752 , 2026-01-30T18:08:23-fbe5dda4785f, "Apple M1", "Darwin 25.2.0", "clang 17.0.0 (clang-1700.6.3.2)",          8, 2026-01-30T18:13:35, ok
gpu     ,   320,    180,      10,        10,           100,          118,            0,   0,       0,   1, 0.0357085, 0        , 0.0357085,        220.981,       11.0977   ,       221.017,      11.0949   ,             0        , 0                      ,     212.238,     3.54947  ,    6.14197,    2,           1,              8, 576000      , 576000     , 2.60656e+06 , 325820         , 30.0938 ,   3.76173 , 2026-01-30T18:08:23-fbe5dda4785f, "Apple M1", "Darwin 25.2.0", "clang 17.0.0 (clang-1700.6.3.2)",          8, 2026-01-30T18:13:36, ok
original,   320,    180,      10,        10,           100,          118,            7,   0,       0,   0, 0.0190415, 0        , 0.0190415,       6659.51 ,        9.3915   ,      6659.53 ,       9.40187  ,             0        , 0                      ,       0    ,     0        ,    5.87634,    2,           1,              1, 576000      , 3.4671e+06 , 520623      , 520623         ,  1      ,   1       , 2026-01-30T18:08:23-fbe5dda4785f, "Apple M1", "Darwin 25.2.0", "clang 17.0.0 (clang-1700.6.3.2)",          8, 2026-01-30T18:13:37, ok
bvh     ,   320,    180,      10,        10,           100,          118,            7,   1,       0,   0, 0.0153125, 0.0430625, 0.058375 ,       2108.13 ,      219.324    ,      2108.19 ,     219.325    ,             0        , 0                      ,       0    ,     0        ,    5.78259,    2,           1,              1, 576000      , 3.45937e+06, 1.64097e+06 , 1.64097e+06    ,  3.15896,   3.15896 , 2026-01-30T18:08:23-fbe5dda4785f, "Apple M1", "Darwin 25.2.0", "clang 17.0.0 (clang-1700.6.3.2)",          8, 2026-01-30T18:13:57, ok
bvh-mt  ,   320,    180,      10,        10,           100,          118,            7,   1,       1,   0, 0.0122295, 0.0433955, 0.055625 ,        693.981,       51.3402   ,       694.036,      51.3396   ,             0.0632495, 0.00860337             ,       0    ,     0        ,    5.51697,    2,           1,              7, 576000      , 3.46069e+06, 4.98672e+06 , 712389         ,  9.59611,   1.37087 , 2026-01-30T18:08:23-fbe5dda4785f, "Apple M1", "Darwin 25.2.0", "clang 17.0.0 (clang-1700.6.3.2)",          8, 2026-01-30T18:14:04, ok
gpu     ,   320,    180,      10,        10,           100,          118,            0,   0,       0,   1, 0.0381455, 0        , 0.0381455,        215.682,        3.0397   ,       215.72 ,       3.06802  ,             0        , 0                      ,     212.577,     2.49564  ,    6.14197,    2,           1,              8, 576000      , 576000     , 2.6706e+06  , 333825         , 30.8766 ,   3.85957 , 2026-01-30T18:08:23-fbe5dda4785f, "Apple M1", "Darwin 25.2.0", "clang 17.0.0 (clang-1700.6.3.2)",          8, 2026-01-30T18:14:06, ok
original,   320,    180,      10,        10,           100,          118,            8,   0,       0,   0, 0.0214165, 0        , 0.0214165,       6654.8  ,        9.45396  ,      6654.82 ,       9.46009  ,             0        , 0                      ,       0    ,     0        ,    5.87634,    2,           1,              1, 576000      , 3.45951e+06, 519852      , 519852         ,  1      ,   1       , 2026-01-30T18:08:23-fbe5dda4785f, "Apple M1", "Darwin 25.2.0", "clang 17.0.0 (clang-1700.6.3.2)",          8, 2026-01-30T18:14:06, ok
bvh     ,   320,    180,      10,        10,           100,          118,            8,   1,       0,   0, 0.0122085, 0.043583 , 0.0557915,       2119.89 ,      124.821    ,      2119.95 ,     124.817    ,             0        , 0                      ,       0    ,     0        ,    5.78259,    2,           1,              1, 576000      , 3.4628e+06 , 1.63348e+06 , 1.63348e+06    ,  3.13921,   3.13921 , 2026-01-30T18:08:23-fbe5dda4785f, "Apple M1", "Darwin 25.2.0", "clang 17.0.0 (clang-1700.6.3.2)",          8, 2026-01-30T18:14:26, ok
bvh-mt  ,   320,    180,      10,        10,           100,          118,            8,   1,       1,   0, 0.0122505, 0.0455205, 0.057771 ,        620.003,        2.62575  ,       620.061,       2.63073  ,             0.0698125, 0.00433103             ,       0    ,     0        ,    5.78259,    2,           1,              8, 576000      , 3.45924e+06, 5.5794e+06  , 697425         , 10.7335 ,   1.34169 , 2026-01-30T18:08:23-fbe5dda4785f, "Apple M1", "Darwin 25.2.0", "clang 17.0.0 (clang-1700.6.3.2)",          8, 2026-01-30T18:14:33, ok
gpu     ,   320,    180,      10,        10,           100,          118,            0,   0,       0,   1, 0.0483125, 0        , 0.0483125,        216.772,        5.32236  ,       216.82 ,       5.33818  ,             0        , 0                      ,     212.657,     4.45642  ,    6.14197,    2,           1,              8, 576000      , 576000     , 2.65717e+06 , 332146         , 30.6995 ,   3.83744 , 2026-01-30T18:08:23-fbe5dda4785f, "Apple M1", "Darwin 25.2.0", "clang 17.0.0 (clang-1700.6.3.2)",          8, 2026-01-30T18:14:35, ok
original,   320,    180,      10,        20,             0,           18,            1,   0,       0,   0, 0.0209585, 0        , 0.0209585,       4551.49 ,        8.86005  ,      4551.51 ,       8.87873  ,             0        , 0                      ,       0    ,     0        ,    5.87634,    2,           1,              1, 576000      , 4.31616e+06, 948295      , 948295         ,  1      ,   1       , 2026-01-30T18:08:23-fbe5dda4785f, "Apple M1", "Darwin 25.2.0", "clang 17.0.0 (clang-1700.6.3.2)",          8, 2026-01-30T18:14:35, ok
bvh     ,   320,    180,      10,        20,             0,           18,            1,   1,       0,   0, 0.0088745, 0.0062085, 0.015083 ,       1849.02 ,       90.3249   ,      1849.03 ,      90.3218   ,             0        , 0                      ,       0    ,     0        ,    5.87634,    2,           1,              1, 576000      , 4.32333e+06, 2.33818e+06 , 2.33818e+06    ,  2.46157,   2.46157 , 2026-01-30T18:08:23-fbe5dda4785f, "Apple M1", "Darwin 25.2.0", "clang 17.0.0 (clang-1700.6.3.2)",          8, 2026-01-30T18:14:49, ok
bvh-mt  ,   320,    180,      10,        20,             0,           18,            1,   1,       1,   0, 0.200187 , 0.0070415, 0.207229 ,       1865.49 ,      172.961    ,      1865.7  ,     173.23     ,             0        , 0                      ,       0    ,     0        ,    5.78259,    2,           1,              1, 576000      , 4.30901e+06, 2.30985e+06 , 2.30985e+06    ,  2.43983,   2.43983 , 2026-01-30T18:08:23-fbe5dda4785f, "Apple M1", "Darwin 25.2.0", "clang 17.0.0 (clang-1700.6.3.2)",          8, 2026-01-30T18:14:55, ok
gpu     ,   320,    180,      10,        20,             0,           18,            0,   0,       0,   1, 0.0304995, 0        , 0.0304995,        214.188,        4.13873  ,       214.219,       4.14356  ,             0        , 0                      ,     210.506,     4.25051  ,    6.14197,    2,           1,              8, 576000      , 576000     , 2.68922e+06 , 336153         , 21.25   ,   2.65625 , 2026-01-30T18:08:23-fbe5dda4785f, "Apple M1", "Darwin 25.2.0", "clang 17.0.0 (clang-1700.6.3.2)",          8, 2026-01-30T18:15:00, ok
original,   320,    180,      10,        20,             0,           18,            2,   0,       0,   0, 0.014958 , 0        , 0.014958 ,       4579.57 ,       15.0594   ,      4579.59 ,      15.0496   ,             0        , 0                      ,       0    ,     0        ,    5.61072,    2,           1,              1, 576000      , 4.31944e+06, 943196      , 943196         ,  1      ,   1       , 2026-01-30T18:08:23-fbe5dda4785f, "Apple M1", "Darwin 25.2.0", "clang 17.0.0 (clang-1700.6.3.2)",          8, 2026-01-30T18:15:01, ok
bvh     ,   320,    180,      10,        20,             0,           18,            2,   1,       0,   0, 0.009146 , 0.004958 , 0.014104 ,       1959.32 ,       36.7777   ,      1959.33 ,      36.7774   ,             0        , 0                      ,       0    ,     0        ,    5.61072,    2,           1,              1, 576000      , 4.31655e+06, 2.20309e+06 , 2.20309e+06    ,  2.33733,   2.33733 , 2026-01-30T18:08:23-fbe5dda4785f, "Apple M1", "Darwin 25.2.0", "clang 17.0.0 (clang-1700.6.3.2)",          8, 2026-01-30T18:15:14, ok
bvh-mt  ,   320,    180,      10,        20,             0,           18,            2,   1,       1,   0, 0.0100835, 0.0054165, 0.0155   ,        934.06 ,        1.43398  ,       934.075,       1.43605  ,             0.0265415, 0.00995818             ,       0    ,     0        ,    5.61072,    2,           1,              2, 576000      , 4.31372e+06, 4.61825e+06 , 2.30912e+06    ,  4.90287,   2.45144 , 2026-01-30T18:08:23-fbe5dda4785f, "Apple M1", "Darwin 25.2.0", "clang 17.0.0 (clang-1700.6.3.2)",          8, 2026-01-30T18:15:20, ok
gpu     ,   320,    180,      10,        20,             0,           18,            0,   0,       0,   1, 0.0179165, 0        , 0.0179165,        214.744,        2.30042  ,       214.762,       2.28728  ,             0        , 0                      ,     211.674,     2.68029  ,    6.14197,    2,           1,              8, 576000      , 576000     , 2.68227e+06 , 335283         , 21.3258 ,   2.66572 , 2026-01-30T18:08:23-fbe5dda4785f, "Apple M1", "Darwin 25.2.0", "clang 17.0.0 (clang-1700.6.3.2)",          8, 2026-01-30T18:15:23, ok
original,   320,    180,      10,        20,             0,           18,            3,   0,       0,   0, 0.0119375, 0        , 0.0119375,       4552.01 ,        0.897082 ,      4552.02 ,       0.89499  ,             0        , 0                      ,       0    ,     0        ,    5.87634,    2,           1,              1, 576000      , 4.32115e+06, 949283      , 949283         ,  1      ,   1       , 2026-01-30T18:08:23-fbe5dda4785f, "Apple M1", "Darwin 25.2.0", "clang 17.0.0 (clang-1700.6.3.2)",          8, 2026-01-30T18:15:24, ok
bvh     ,   320,    180,      10,        20,             0,           18,            3,   1,       0,   0, 0.0102915, 0.004562 , 0.0148535,       1980.24 ,      167.996    ,      1980.26 ,     168.001    ,             0        , 0                      ,       0    ,     0        ,    5.78259,    2,           1,              1, 576000      , 4.32018e+06, 2.18164e+06 , 2.18164e+06    ,  2.29871,   2.29871 , 2026-01-30T18:08:23-fbe5dda4785f, "Apple M1", "Darwin 25.2.0", "clang 17.0.0 (clang-1700.6.3.2)",          8, 2026-01-30T18:15:37, ok
bvh-mt  ,   320,    180,      10,        20,             0,           18,            3,   1,       1,   0, 0.01125  , 0.007    , 0.01825  ,        875.706,       91.0751   ,       875.725,      91.0684   ,             0.035875 , 0.0144363              ,       0    ,     0        ,    5.78259,    2,           1,              3, 576000      , 4.31609e+06, 4.92869e+06 , 1.6429e+06     ,  5.1981 ,   1.7327  , 2026-01-30T18:08:23-fbe5dda4785f, "Apple M1", "Darwin 25.2.0", "clang 17.0.0 (clang-1700.6.3.2)",          8, 2026-01-30T18:15:43, ok
gpu     ,   320,    180,      10,        20,             0,           18,            0,   0,       0,   1, 0.0289585, 0        , 0.0289585,        215.108,        5.01893  ,       215.137,       5.02712  ,             0        , 0                      ,     211.04 ,     3.98926  ,    6.14197,    2,           1,              8, 576000      , 576000     , 2.67773e+06 , 334716         , 21.1615 ,   2.64519 , 2026-01-30T18:08:23-fbe5dda4785f, "Apple M1", "Darwin 25.2.0", "clang 17.0.0 (clang-1700.6.3.2)",          8, 2026-01-30T18:15:46, ok
original,   320,    180,      10,        20,             0,           18,            4,   0,       0,   0, 0.0102705, 0        , 0.0102705,       4549.8  ,       10.0597   ,      4549.81 ,      10.0558   ,             0        , 0                      ,       0    ,     0        ,    5.87634,    2,           1,              1, 576000      , 4.31592e+06, 948596      , 948596         ,  1      ,   1       , 2026-01-30T18:08:23-fbe5dda4785f, "Apple M1", "Darwin 25.2.0", "clang 17.0.0 (clang-1700.6.3.2)",          8, 2026-01-30T18:15:46, ok
bvh     ,   320,    180,      10,        20,             0,           18,            4,   1,       0,   0, 0.00825  , 0.004854 , 0.013104 ,       1937.54 ,       60.992    ,      1937.55 ,      60.9935   ,             0        , 0                      ,       0    ,     0        ,    5.87634,    2,           1,              1, 576000      , 4.31933e+06, 2.22928e+06 , 2.22928e+06    ,  2.34823,   2.34823 , 2026-01-30T18:08:23-fbe5dda4785f, "Apple M1", "Darwin 25.2.0", "clang 17.0.0 (clang-1700.6.3.2)",          8, 2026-01-30T18:16:00, ok
bvh-mt  ,   320,    180,      10,        20,             0,           18,            4,   1,       1,   0, 0.0081455, 0.0046045, 0.01275  ,        642.162,        6.29958  ,       642.175,       6.30006  ,             0.039229 , 0.000560029            ,       0    ,     0        ,    5.78259,    2,           1,              4, 576000      , 4.31323e+06, 6.71673e+06 , 1.67918e+06    ,  7.08512,   1.77128 , 2026-01-30T18:08:23-fbe5dda4785f, "Apple M1", "Darwin 25.2.0", "clang 17.0.0 (clang-1700.6.3.2)",          8, 2026-01-30T18:16:06, ok
gpu     ,   320,    180,      10,        20,             0,           18,            0,   0,       0,   1, 0.023333 , 0        , 0.023333 ,        213.563,        2.47063  ,       213.587,       2.46633  ,             0        , 0                      ,     210.522,     3.1549   ,    6.14197,    2,           1,              8, 576000      , 576000     , 2.69709e+06 , 337136         , 21.3042 ,   2.66302 , 2026-01-30T18:08:23-fbe5dda4785f, "Apple M1", "Darwin 25.2.0", "clang 17.0.0 (clang-1700.6.3.2)",          8, 2026-01-30T18:16:08, ok
original,   320,    180,      10,        20,             0,           18,            5,   0,       0,   0, 0.0087505, 0        , 0.0087505,       4549.8  ,        8.63015  ,      4549.8  ,       8.62921  ,             0        , 0                      ,       0    ,     0        ,    5.61072,    2,           1,              1, 576000      , 4.31874e+06, 949217      , 949217         ,  1      ,   1       , 2026-01-30T18:08:23-fbe5dda4785f, "Apple M1", "Darwin 25.2.0", "clang 17.0.0 (clang-1700.6.3.2)",          8, 2026-01-30T18:16:08, ok
bvh     ,   320,    180,      10,        20,             0,           18,            5,   1,       0,   0, 0.0120205, 0.006167 , 0.0181875,       1776.85 ,        0.773928 ,      1776.87 ,       0.780676 ,             0        , 0                      ,       0    ,     0        ,    5.61072,    2,           1,              1, 576000      , 4.31751e+06, 2.42986e+06 , 2.42986e+06    ,  2.56059,   2.56059 , 2026-01-30T18:08:23-fbe5dda4785f, "Apple M1", "Darwin 25.2.0", "clang 17.0.0 (clang-1700.6.3.2)",          8, 2026-01-30T18:16:22, ok
bvh-mt  ,   320,    180,      10,        20,             0,           18,            5,   1,       1,   0, 0.0075835, 0.005167 , 0.0127505,        660.274,       58.9476   ,       660.286,      58.9493   ,             0.0424585, 0.0015917              ,       0    ,     0        ,    5.61072,    2,           1,              5, 576000      , 4.31836e+06, 6.54026e+06 , 1.30805e+06    ,  6.89077,   1.37815 , 2026-01-30T18:08:23-fbe5dda4785f, "Apple M1", "Darwin 25.2.0", "clang 17.0.0 (clang-1700.6.3.2)",          8, 2026-01-30T18:16:28, ok
gpu     ,   320,    180,      10,        20,             0,           18,            0,   0,       0,   1, 0.0248125, 0        , 0.0248125,        212.867,        0.461741 ,       212.892,       0.455289 ,             0        , 0                      ,     210.485,     1.87811  ,    6.18884,    2,           1,              8, 576000      , 576000     , 2.70592e+06 , 338240         , 21.3739 ,   2.67174 , 2026-01-30T18:08:23-fbe5dda4785f, "Apple M1", "Darwin 25.2.0", "clang 17.0.0 (clang-1700.6.3.2)",          8, 2026-01-30T18:16:30, ok
original,   320,    180,      10,        20,             0,           18,            6,   0,       0,   0, 0.018604 , 0        , 0.018604 ,       4591.89 ,        2.05029  ,      4591.91 ,       2.06534  ,             0        , 0                      ,       0    ,     0        ,    5.87634,    2,           1,              1, 576000      , 4.322e+06  , 941225      , 941225         ,  1      ,   1       , 2026-01-30T18:08:23-fbe5dda4785f, "Apple M1", "Darwin 25.2.0", "clang 17.0.0 (clang-1700.6.3.2)",          8, 2026-01-30T18:16:30, ok
bvh     ,   320,    180,      10,        20,             0,           18,            6,   1,       0,   0, 0.008521 , 0.005292 , 0.013813 ,       1901.51 ,      206.917    ,      1901.52 ,     206.919    ,             0        , 0                      ,       0    ,     0        ,    5.61072,    2,           1,              1, 576000      , 4.31421e+06, 2.26884e+06 , 2.26884e+06    ,  2.41487,   2.41487 , 2026-01-30T18:08:23-fbe5dda4785f, "Apple M1", "Darwin 25.2.0", "clang 17.0.0 (clang-1700.6.3.2)",          8, 2026-01-30T18:16:44, ok
bvh-mt  ,   320,    180,      10,        20,             0,           18,            6,   1,       1,   0, 0.0077505, 0.0053755, 0.013126 ,        592.75 ,       47.5099   ,       592.763,      47.5119   ,             0.052229 , 0.00250457             ,       0    ,     0        ,    5.61072,    2,           1,              6, 576000      , 4.3145e+06 , 7.27878e+06 , 1.21313e+06    ,  7.74675,   1.29113 , 2026-01-30T18:08:23-fbe5dda4785f, "Apple M1", "Darwin 25.2.0", "clang 17.0.0 (clang-1700.6.3.2)",          8, 2026-01-30T18:16:50, ok
gpu     ,   320,    180,      10,        20,             0,           18,            0,   0,       0,   1, 0.034854 , 0        , 0.034854 ,        214.955,        4.20463  ,       214.99 ,       4.20337  ,             0        , 0                      ,     210.667,     3.91932  ,    6.14197,    2,           1,              8, 576000      , 576000     , 2.67963e+06 , 334954         , 21.3621 ,   2.67026 , 2026-01-30T18:08:23-fbe5dda4785f, "Apple M1", "Darwin 25.2.0", "clang 17.0.0 (clang-1700.6.3.2)",          8, 2026-01-30T18:16:51, ok
original,   320,    180,      10,        20,             0,           18,            7,   0,       0,   0, 0.012146 , 0        , 0.012146 ,       4573.58 ,       37.1225   ,      4573.59 ,      37.1199   ,             0        , 0                      ,       0    ,     0        ,    5.87634,    2,           1,              1, 576000      , 4.32137e+06, 944857      , 944857         ,  1      ,   1       , 2026-01-30T18:08:23-fbe5dda4785f, "Apple M1", "Darwin 25.2.0", "clang 17.0.0 (clang-1700.6.3.2)",          8, 2026-01-30T18:16:52, ok
bvh     ,   320,    180,      10,        20,             0,           18,            7,   1,       0,   0, 0.012833 , 0.0063125, 0.0191455,       1955.26 ,      148.515    ,      1955.28 ,     148.516    ,             0        , 0                      ,       0    ,     0        ,    5.78259,    2,           1,              1, 576000      , 4.32212e+06, 2.21051e+06 , 2.21051e+06    ,  2.33912,   2.33912 , 2026-01-30T18:08:23-fbe5dda4785f, "Apple M1", "Darwin 25.2.0", "clang 17.0.0 (clang-1700.6.3.2)",          8, 2026-01-30T18:17:06, ok
bvh-mt  ,   320,    180,      10,        20,             0,           18,            7,   1,       1,   0, 0.007667 , 0.005313 , 0.01298  ,        566.86 ,        4.77206  ,       566.873,       4.77097  ,             0.049958 , 0.0022387              ,       0    ,     0        ,    5.78259,    2,           1,              7, 576000      , 4.31652e+06, 7.61478e+06 , 1.08783e+06    ,  8.06826,   1.15261 , 2026-01-30T18:08:23-fbe5dda4785f, "Apple M1", "Darwin 25.2.0", "clang 17.0.0 (clang-1700.6.3.2)",          8, 2026-01-30T18:17:12, ok
gpu     ,   320,    180,      10,        20,             0,           18,            0,   0,       0,   1, 0.0297705, 0        , 0.0297705,        213.932,        3.38351  ,       213.962,       3.38813  ,             0        , 0                      ,     210.239,     3.58624  ,    6.14197,    2,           1,              8, 576000      , 576000     , 2.69244e+06 , 336555         , 21.3786 ,   2.67233 , 2026-01-30T18:08:23-fbe5dda4785f, "Apple M1", "Darwin 25.2.0", "clang 17.0.0 (clang-1700.6.3.2)",          8, 2026-01-30T18:17:13, ok
original,   320,    180,      10,        20,             0,           18,            8,   0,       0,   0, 0.010896 , 0        , 0.010896 ,       4543.95 ,        3.83358  ,      4543.96 ,       3.82948  ,             0        , 0                      ,       0    ,     0        ,    5.61072,    2,           1,              1, 576000      , 4.31828e+06, 950335      , 950335         ,  1      ,   1       , 2026-01-30T18:08:23-fbe5dda4785f, "Apple M1", "Darwin 25.2.0", "clang 17.0.0 (clang-1700.6.3.2)",          8, 2026-01-30T18:17:14, ok
bvh     ,   320,    180,      10,        20,             0,           18,            8,   1,       0,   0, 0.008    , 0.004979 , 0.012979 ,       1823.03 ,      127.987    ,      1823.04 ,     127.987    ,             0        , 0                      ,       0    ,     0        ,    5.61072,    2,           1,              1, 576000      , 4.319e+06  , 2.36914e+06 , 2.36914e+06    ,  2.49253,   2.49253 , 2026-01-30T18:08:23-fbe5dda4785f, "Apple M1", "Darwin 25.2.0", "clang 17.0.0 (clang-1700.6.3.2)",          8, 2026-01-30T18:17:28, ok
bvh-mt  ,   320,    180,      10,        20,             0,           18,            8,   1,       1,   0, 0.010188 , 0.0088125, 0.0190005,        573.826,       15.7061   ,       573.845,      15.6994   ,             0.0672915, 0.00878014             ,       0    ,     0        ,    5.61072,    2,           1,              8, 576000      , 4.32067e+06, 7.52959e+06 , 941199         ,  7.9187 ,   0.989837, 2026-01-30T18:08:23-fbe5dda4785f, "Apple M1", "Darwin 25.2.0", "clang 17.0.0 (clang-1700.6.3.2)",          8, 2026-01-30T18:17:33, ok
gpu     ,   320,    180,      10,        20,             0,           18,            0,   0,       0,   1, 0.013521 , 0        , 0.013521 ,        214.754,        1.19301  ,       214.768,       1.19498  ,             0        , 0                      ,     210.12 ,     3.07253  ,    5.87634,    2,           1,              8, 576000      , 576000     , 2.68214e+06 , 335267         , 21.1589 ,   2.64486 , 2026-01-30T18:08:23-fbe5dda4785f, "Apple M1", "Darwin 25.2.0", "clang 17.0.0 (clang-1700.6.3.2)",          8, 2026-01-30T18:17:35, ok
original,   320,    180,      10,        20,           100,          118,            1,   0,       0,   0, 0.0220835, 0        , 0.0220835,       9194.67 ,       35.3383   ,      9194.69 ,      35.3286   ,             0        , 0                      ,       0    ,     0        ,    5.68884,    2,           1,              1, 576000      , 4.55458e+06, 495350      , 495350         ,  1      ,   1       , 2026-01-30T18:08:23-fbe5dda4785f, "Apple M1", "Darwin 25.2.0", "clang 17.0.0 (clang-1700.6.3.2)",          8, 2026-01-30T18:17:35, ok
bvh     ,   320,    180,      10,        20,           100,          118,            1,   1,       0,   0, 0.0127295, 0.028896 , 0.0416255,       3682.21 ,       27.3999   ,      3682.25 ,      27.4026   ,             0        , 0                      ,       0    ,     0        ,    5.51697,    2,           1,              1, 576000      , 4.55256e+06, 1.23637e+06 , 1.23637e+06    ,  2.49705,   2.49705 , 2026-01-30T18:08:23-fbe5dda4785f, "Apple M1", "Darwin 25.2.0", "clang 17.0.0 (clang-1700.6.3.2)",          8, 2026-01-30T18:18:03, ok
bvh-mt  ,   320,    180,      10,        20,           100,          118,            1,   1,       1,   0, 0.0169585, 0.036458 , 0.0534165,       3050.73 ,      393.252    ,      3050.79 ,     393.255    ,             0        , 0                      ,       0    ,     0        ,    5.51697,    2,           1,              1, 576000      , 4.55758e+06, 1.49393e+06 , 1.49393e+06    ,  3.01392,   3.01392 , 2026-01-30T18:08:23-fbe5dda4785f, "Apple M1", "Darwin 25.2.0", "clang 17.0.0 (clang-1700.6.3.2)",          8, 2026-01-30T18:18:13, ok
gpu     ,   320,    180,      10,        20,           100,          118,            0,   0,       0,   1, 0.0528955, 0        , 0.0528955,        423    ,        0.492264 ,       423.053,       0.480862 ,             0        , 0                      ,     418.115,     2.23587  ,    6.14197,    2,           1,              8, 576000      , 576000     , 1.3617e+06  , 170213         , 21.7368 ,   2.7171  , 2026-01-30T18:08:23-fbe5dda4785f, "Apple M1", "Darwin 25.2.0", "clang 17.0.0 (clang-1700.6.3.2)",          8, 2026-01-30T18:18:22, ok
original,   320,    180,      10,        20,           100,          118,            2,   0,       0,   0, 0.026875 , 0        , 0.026875 ,       9211.6  ,       21.5391   ,      9211.62 ,      21.5576   ,             0        , 0                      ,       0    ,     0        ,    5.78259,    2,           1,              1, 576000      , 4.56249e+06, 495298      , 495298         ,  1      ,   1       , 2026-01-30T18:08:23-fbe5dda4785f, "Apple M1", "Darwin 25.2.0", "clang 17.0.0 (clang-1700.6.3.2)",          8, 2026-01-30T18:18:24, ok
bvh     ,   320,    180,      10,        20,           100,          118,            2,   1,       0,   0, 0.0126455, 0.040813 , 0.0534585,       3045.36 ,      440.016    ,      3045.42 ,     440.013    ,             0        , 0                      ,       0    ,     0        ,    5.51697,    2,           1,              1, 576000      , 4.55417e+06, 1.49545e+06 , 1.49545e+06    ,  3.02479,   3.02479 , 2026-01-30T18:08:23-fbe5dda4785f, "Apple M1", "Darwin 25.2.0", "clang 17.0.0 (clang-1700.6.3.2)",          8, 2026-01-30T18:18:51, ok
bvh-mt  ,   320,    180,      10,        20,           100,          118,            2,   1,       1,   0, 0.011875 , 0.040958 , 0.052833 ,       1615.72 ,      165.867    ,      1615.77 ,     165.858    ,             0.019625 , 0.00159099             ,       0    ,     0        ,    5.51697,    2,           1,              2, 576000      , 4.55464e+06, 2.81896e+06 , 1.40948e+06    ,  5.70124,   2.85062 , 2026-01-30T18:08:23-fbe5dda4785f, "Apple M1", "Darwin 25.2.0", "clang 17.0.0 (clang-1700.6.3.2)",          8, 2026-01-30T18:19:01, ok
gpu     ,   320,    180,      10,        20,           100,          118,            0,   0,       0,   1, 0.0441665, 0        , 0.0441665,        420.716,        2.66349  ,       420.76 ,       2.68642  ,             0        , 0                      ,     417.507,     1.80409  ,    6.14197,    2,           1,              8, 576000      , 576000     , 1.36909e+06 , 171137         , 21.895  ,   2.73688 , 2026-01-30T18:08:23-fbe5dda4785f, "Apple M1", "Darwin 25.2.0", "clang 17.0.0 (clang-1700.6.3.2)",          8, 2026-01-30T18:19:06, ok
original,   320,    180,      10,        20,           100,          118,            3,   0,       0,   0, 0.0334165, 0        , 0.0334165,       9188.46 ,       12.3507   ,      9188.49 ,      12.32     ,             0        , 0                      ,       0    ,     0        ,    5.78259,    2,           1,              1, 576000      , 4.55492e+06, 495722      , 495722         ,  1      ,   1       , 2026-01-30T18:08:23-fbe5dda4785f, "Apple M1", "Darwin 25.2.0", "clang 17.0.0 (clang-1700.6.3.2)",          8, 2026-01-30T18:19:07, ok
bvh     ,   320,    180,      10,        20,           100,          118,            3,   1,       0,   0, 0.012333 , 0.044646 , 0.056979 ,       3080.25 ,      243.989    ,      3080.3  ,     243.985    ,             0        , 0                      ,       0    ,     0        ,    5.51697,    2,           1,              1, 576000      , 4.55722e+06, 1.4795e+06  , 1.4795e+06     ,  2.98303,   2.98303 , 2026-01-30T18:08:23-fbe5dda4785f, "Apple M1", "Darwin 25.2.0", "clang 17.0.0 (clang-1700.6.3.2)",          8, 2026-01-30T18:19:35, ok
bvh-mt  ,   320,    180,      10,        20,           100,          118,            3,   1,       1,   0, 0.012104 , 0.0434375, 0.0555415,       1230.11 ,       10.8423   ,      1230.16 ,      10.8409   ,             0.0292705, 0.000795495            ,       0    ,     0        ,    5.51697,    2,           1,              3, 576000      , 4.55946e+06, 3.70655e+06 , 1.23552e+06    ,  7.46963,   2.48988 , 2026-01-30T18:08:23-fbe5dda4785f, "Apple M1", "Darwin 25.2.0", "clang 17.0.0 (clang-1700.6.3.2)",          8, 2026-01-30T18:19:43, ok
gpu     ,   320,    180,      10,        20,           100,          118,            0,   0,       0,   1, 0.052021 , 0        , 0.052021 ,        422.88 ,        2.92165  ,       422.932,       2.93228  ,             0        , 0                      ,     419.055,     2.73774  ,    6.14197,    2,           1,              8, 576000      , 576000     , 1.36209e+06 , 170261         , 21.7283 ,   2.71604 , 2026-01-30T18:08:23-fbe5dda4785f, "Apple M1", "Darwin 25.2.0", "clang 17.0.0 (clang-1700.6.3.2)",          8, 2026-01-30T18:19:47, ok
original,   320,    180,      10,        20,           100,          118,            4,   0,       0,   0, 0.0385415, 0        , 0.0385415,       9295.96 ,       78.5518   ,      9296    ,      78.5276   ,             0        , 0                      ,       0    ,     0        ,    5.87634,    2,           1,              1, 576000      , 4.55473e+06, 489969      , 489969         ,  1      ,   1       , 2026-01-30T18:08:23-fbe5dda4785f, "Apple M1", "Darwin 25.2.0", "clang 17.0.0 (clang-1700.6.3.2)",          8, 2026-01-30T18:19:49, ok
bvh     ,   320,    180,      10,        20,           100,          118,            4,   1,       0,   0, 0.016104 , 0.043479 , 0.059583 ,       3149.17 ,      363.834    ,      3149.23 ,     363.839    ,             0        , 0                      ,       0    ,     0        ,    5.51697,    2,           1,              1, 576000      , 4.55361e+06, 1.44597e+06 , 1.44597e+06    ,  2.95187,   2.95187 , 2026-01-30T18:08:23-fbe5dda4785f, "Apple M1", "Darwin 25.2.0", "clang 17.0.0 (clang-1700.6.3.2)",          8, 2026-01-30T18:20:16, ok
bvh-mt  ,   320,    180,      10,        20,           100,          118,            4,   1,       1,   0, 0.0136045, 0.0417295, 0.055334 ,       1150.77 ,      138.223    ,      1150.82 ,     138.23     ,             0.0408955, 0.00969373             ,       0    ,     0        ,    5.51697,    2,           1,              4, 576000      , 4.5603e+06 , 3.96283e+06 , 990708         ,  8.07805,   2.01951 , 2026-01-30T18:08:23-fbe5dda4785f, "Apple M1", "Darwin 25.2.0", "clang 17.0.0 (clang-1700.6.3.2)",          8, 2026-01-30T18:20:26, ok
gpu     ,   320,    180,      10,        20,           100,          118,            0,   0,       0,   1, 0.0598125, 0        , 0.0598125,        423.047,        0.659966 ,       423.107,       0.660408 ,             0        , 0                      ,     418.573,     0.955478 ,    6.14197,    2,           1,              8, 576000      , 576000     , 1.36155e+06 , 170194         , 21.9738 ,   2.74673 , 2026-01-30T18:08:23-fbe5dda4785f, "Apple M1", "Darwin 25.2.0", "clang 17.0.0 (clang-1700.6.3.2)",          8, 2026-01-30T18:20:29, ok
original,   320,    180,      10,        20,           100,          118,            5,   0,       0,   0, 0.031104 , 0        , 0.031104 ,       9217.66 ,       13.4288   ,      9217.69 ,      13.4553   ,             0        , 0                      ,       0    ,     0        ,    5.78259,    2,           1,              1, 576000      , 4.55715e+06, 494393      , 494393         ,  1      ,   1       , 2026-01-30T18:08:23-fbe5dda4785f, "Apple M1", "Darwin 25.2.0", "clang 17.0.0 (clang-1700.6.3.2)",          8, 2026-01-30T18:20:31, ok
bvh     ,   320,    180,      10,        20,           100,          118,            5,   1,       0,   0, 0.012875 , 0.0449795, 0.0578545,       2851.75 ,      320.812    ,      2851.81 ,     320.812    ,             0        , 0                      ,       0    ,     0        ,    5.51697,    2,           1,              1, 576000      , 4.55641e+06, 1.59776e+06 , 1.59776e+06    ,  3.23228,   3.23228 , 2026-01-30T18:08:23-fbe5dda4785f, "Apple M1", "Darwin 25.2.0", "clang 17.0.0 (clang-1700.6.3.2)",          8, 2026-01-30T18:20:58, ok
bvh-mt  ,   320,    180,      10,        20,           100,          118,            5,   1,       1,   0, 0.011708 , 0.045792 , 0.0575   ,       1023.4  ,       86.2062   ,      1023.46 ,      86.2082   ,             0.036333 , 0.00176777             ,       0    ,     0        ,    5.51697,    2,           1,              5, 576000      , 4.56028e+06, 4.45601e+06 , 891201         ,  9.00689,   1.80138 , 2026-01-30T18:08:23-fbe5dda4785f, "Apple M1", "Darwin 25.2.0", "clang 17.0.0 (clang-1700.6.3.2)",          8, 2026-01-30T18:21:07, ok
gpu     ,   320,    180,      10,        20,           100,          118,            0,   0,       0,   1, 0.042354 , 0        , 0.042354 ,        420.61 ,        3.71393  ,       420.652,       3.70359  ,             0        , 0                      ,     416.654,     3.86248  ,    6.14197,    2,           1,              8, 576000      , 576000     , 1.36944e+06 , 171180         , 21.915  ,   2.73937 , 2026-01-30T18:08:23-fbe5dda4785f, "Apple M1", "Darwin 25.2.0", "clang 17.0.0 (clang-1700.6.3.2)",          8, 2026-01-30T18:21:11, ok
original,   320,    180,      10,        20,           100,          118,            6,   0,       0,   0, 0.0233545, 0        , 0.0233545,       9222.9  ,        5.42557  ,      9222.93 ,       5.41452  ,             0        , 0                      ,       0    ,     0        ,    5.78259,    2,           1,              1, 576000      , 4.55969e+06, 494388      , 494388         ,  1      ,   1       , 2026-01-30T18:08:23-fbe5dda4785f, "Apple M1", "Darwin 25.2.0", "clang 17.0.0 (clang-1700.6.3.2)",          8, 2026-01-30T18:21:12, ok
bvh     ,   320,    180,      10,        20,           100,          118,            6,   1,       0,   0, 0.020729 , 0.0430415, 0.0637705,       2754.09 ,       87.3436   ,      2754.15 ,      87.3482   ,             0        , 0                      ,       0    ,     0        ,    5.51697,    2,           1,              1, 576000      , 4.55221e+06, 1.65289e+06 , 1.65289e+06    ,  3.34881,   3.34881 , 2026-01-30T18:08:23-fbe5dda4785f, "Apple M1", "Darwin 25.2.0", "clang 17.0.0 (clang-1700.6.3.2)",          8, 2026-01-30T18:21:40, ok
bvh-mt  ,   320,    180,      10,        20,           100,          118,            6,   1,       1,   0, 0.012667 , 0.0406665, 0.0533335,        925.582,       77.2786   ,       925.635,      77.2752   ,             0.05925  , 0.00388909             ,       0    ,     0        ,    5.51697,    2,           1,              6, 576000      , 4.55439e+06, 4.92056e+06 , 820094         ,  9.96444,   1.66074 , 2026-01-30T18:08:23-fbe5dda4785f, "Apple M1", "Darwin 25.2.0", "clang 17.0.0 (clang-1700.6.3.2)",          8, 2026-01-30T18:21:48, ok
gpu     ,   320,    180,      10,        20,           100,          118,            0,   0,       0,   1, 0.054229 , 0        , 0.054229 ,        425.359,        3.73491  ,       425.413,       3.72604  ,             0        , 0                      ,     420.681,     2.76473  ,    6.14197,    2,           1,              8, 576000      , 576000     , 1.35415e+06 , 169269         , 21.6826 ,   2.71033 , 2026-01-30T18:08:23-fbe5dda4785f, "Apple M1", "Darwin 25.2.0", "clang 17.0.0 (clang-1700.6.3.2)",          8, 2026-01-30T18:21:51, ok
original,   320,    180,      10,        20,           100,          118,            7,   0,       0,   0, 0.0318335, 0        , 0.0318335,       9231.41 ,       20.5237   ,      9231.44 ,      20.5525   ,             0        , 0                      ,       0    ,     0        ,    5.78259,    2,           1,              1, 576000      , 4.56195e+06, 494177      , 494177         ,  1      ,   1       , 2026-01-30T18:08:23-fbe5dda4785f, "Apple M1", "Darwin 25.2.0", "clang 17.0.0 (clang-1700.6.3.2)",          8, 2026-01-30T18:21:53, ok
bvh     ,   320,    180,      10,        20,           100,          118,            7,   1,       0,   0, 0.0261665, 0.0366875, 0.062854 ,       3347.25 ,      424.506    ,      3347.31 ,     424.508    ,             0        , 0                      ,       0    ,     0        ,    5.51697,    2,           1,              1, 576000      , 4.55323e+06, 1.36029e+06 , 1.36029e+06    ,  2.75791,   2.75791 , 2026-01-30T18:08:23-fbe5dda4785f, "Apple M1", "Darwin 25.2.0", "clang 17.0.0 (clang-1700.6.3.2)",          8, 2026-01-30T18:22:20, ok
bvh-mt  ,   320,    180,      10,        20,           100,          118,            7,   1,       1,   0, 0.0188955, 0.0422915, 0.061187 ,        886.732,       94.7616   ,       886.793,      94.7475   ,             0.060396 , 0.00462589             ,       0    ,     0        ,    5.51697,    2,           1,              7, 576000      , 4.55198e+06, 5.13344e+06 , 733348         , 10.4106 ,   1.48723 , 2026-01-30T18:08:23-fbe5dda4785f, "Apple M1", "Darwin 25.2.0", "clang 17.0.0 (clang-1700.6.3.2)",          8, 2026-01-30T18:22:30, ok
gpu     ,   320,    180,      10,        20,           100,          118,            0,   0,       0,   1, 0.036625 , 0        , 0.036625 ,        421.003,        2.26404  ,       421.039,       2.27694  ,             0        , 0                      ,     417.929,     1.8368   ,    6.14197,    2,           1,              8, 576000      , 576000     , 1.36816e+06 , 171020         , 21.9272 ,   2.7409  , 2026-01-30T18:08:23-fbe5dda4785f, "Apple M1", "Darwin 25.2.0", "clang 17.0.0 (clang-1700.6.3.2)",          8, 2026-01-30T18:22:33, ok
original,   320,    180,      10,        20,           100,          118,            8,   0,       0,   0, 0.02     , 0        , 0.02     ,       9179.48 ,        7.87794  ,      9179.5  ,       7.88247  ,             0        , 0                      ,       0    ,     0        ,    5.78259,    2,           1,              1, 576000      , 4.54902e+06, 495564      , 495564         ,  1      ,   1       , 2026-01-30T18:08:23-fbe5dda4785f, "Apple M1", "Darwin 25.2.0", "clang 17.0.0 (clang-1700.6.3.2)",          8, 2026-01-30T18:22:34, ok
bvh     ,   320,    180,      10,        20,           100,          118,            8,   1,       0,   0, 0.018104 , 0.0408335, 0.0589375,       3147.52 ,      434.038    ,      3147.58 ,     434.033    ,             0        , 0                      ,       0    ,     0        ,    5.51697,    2,           1,              1, 576000      , 4.55717e+06, 1.44786e+06 , 1.44786e+06    ,  2.91641,   2.91641 , 2026-01-30T18:08:23-fbe5dda4785f, "Apple M1", "Darwin 25.2.0", "clang 17.0.0 (clang-1700.6.3.2)",          8, 2026-01-30T18:23:02, ok
bvh-mt  ,   320,    180,      10,        20,           100,          118,            8,   1,       1,   0, 0.014146 , 0.050792 , 0.064938 ,        906.914,       10.2256   ,       906.979,      10.2401   ,             0.117688 , 0.0683829              ,       0    ,     0        ,    5.51697,    2,           1,              8, 576000      , 4.55471e+06, 5.0222e+06  , 627776         , 10.1217 ,   1.26521 , 2026-01-30T18:08:23-fbe5dda4785f, "Apple M1", "Darwin 25.2.0", "clang 17.0.0 (clang-1700.6.3.2)",          8, 2026-01-30T18:23:11, ok
gpu     ,   320,    180,      10,        20,           100,          118,            0,   0,       0,   1, 0.056646 , 0        , 0.056646 ,        423.059,        0.657993 ,       423.116,       0.641405 ,             0        , 0                      ,     418.451,     0.368137 ,    6.14197,    2,           1,              8, 576000      , 576000     , 1.36151e+06 , 170189         , 21.6979 ,   2.71224 , 2026-01-30T18:08:23-fbe5dda4785f, "Apple M1", "Darwin 25.2.0", "clang 17.0.0 (clang-1700.6.3.2)",          8, 2026-01-30T18:23:14, ok
original,   320,    180,      20,        10,             0,           18,            1,   0,       0,   0, 0.012646 , 0        , 0.012646 ,       6693.46 ,       28.0317   ,      6693.48 ,      28.0377   ,             0        , 0                      ,       0    ,     0        ,    5.87634,    2,           1,              1, 1.152e+06   , 6.78054e+06, 1.01301e+06 , 1.01301e+06    ,  1      ,   1       , 2026-01-30T18:08:23-fbe5dda4785f, "Apple M1", "Darwin 25.2.0", "clang 17.0.0 (clang-1700.6.3.2)",          8, 2026-01-30T18:23:15, ok
bvh     ,   320,    180,      20,        10,             0,           18,            1,   1,       0,   0, 0.010896 , 0.0050005, 0.0158965,       2730.69 ,      164.792    ,      2730.71 ,     164.796    ,             0        , 0                      ,       0    ,     0        ,    5.51697,    2,           1,              1, 1.152e+06   , 6.78015e+06, 2.48294e+06 , 2.48294e+06    ,  2.4512 ,   2.4512  , 2026-01-30T18:08:23-fbe5dda4785f, "Apple M1", "Darwin 25.2.0", "clang 17.0.0 (clang-1700.6.3.2)",          8, 2026-01-30T18:23:35, ok
bvh-mt  ,   320,    180,      20,        10,             0,           18,            1,   1,       1,   0, 0.013833 , 0.0064585, 0.0202915,       2775.14 ,       75.719    ,      2775.16 ,      75.7115   ,             0        , 0                      ,       0    ,     0        ,    5.51697,    2,           1,              1, 1.152e+06   , 6.78327e+06, 2.44429e+06 , 2.44429e+06    ,  2.41193,   2.41193 , 2026-01-30T18:08:23-fbe5dda4785f, "Apple M1", "Darwin 25.2.0", "clang 17.0.0 (clang-1700.6.3.2)",          8, 2026-01-30T18:23:43, ok
gpu     ,   320,    180,      20,        10,             0,           18,            0,   0,       0,   1, 0.0261875, 0        , 0.0261875,        219.927,        5.15649  ,       219.954,       5.16754  ,             0        , 0                      ,     216.517,     4.93478  ,    6.14197,    2,           1,              8, 1.152e+06   , 1.152e+06  , 5.23809e+06 , 654762         , 30.4349 ,   3.80436 , 2026-01-30T18:08:23-fbe5dda4785f, "Apple M1", "Darwin 25.2.0", "clang 17.0.0 (clang-1700.6.3.2)",          8, 2026-01-30T18:23:52, ok
original,   320,    180,      20,        10,             0,           18,            2,   0,       0,   0, 0.0222915, 0        , 0.0222915,       6729.47 ,       49.7109   ,      6729.49 ,      49.7095   ,             0        , 0                      ,       0    ,     0        ,    5.87634,    2,           1,              1, 1.152e+06   , 6.78641e+06, 1.00846e+06 , 1.00846e+06    ,  1      ,   1       , 2026-01-30T18:08:23-fbe5dda4785f, "Apple M1", "Darwin 25.2.0", "clang 17.0.0 (clang-1700.6.3.2)",          8, 2026-01-30T18:23:52, ok
bvh     ,   320,    180,      20,        10,             0,           18,            2,   1,       0,   0, 0.0124795, 0.005375 , 0.0178545,       2464.44 ,      154.484    ,      2464.46 ,     154.476    ,             0        , 0                      ,       0    ,     0        ,    5.78259,    2,           1,              1, 1.152e+06   , 6.78254e+06, 2.75216e+06 , 2.75216e+06    ,  2.73063,   2.73063 , 2026-01-30T18:08:23-fbe5dda4785f, "Apple M1", "Darwin 25.2.0", "clang 17.0.0 (clang-1700.6.3.2)",          8, 2026-01-30T18:24:13, ok
bvh-mt  ,   320,    180,      20,        10,             0,           18,            2,   1,       1,   0, 0.0109585, 0.006708 , 0.0176665,       1472.96 ,       40.6736   ,      1472.98 ,      40.6746   ,             0.024458 , 0.00318198             ,       0    ,     0        ,    5.51697,    2,           1,              2, 1.152e+06   , 6.78431e+06, 4.60591e+06 , 2.30295e+06    ,  4.56868,   2.28434 , 2026-01-30T18:08:23-fbe5dda4785f, "Apple M1", "Darwin 25.2.0", "clang 17.0.0 (clang-1700.6.3.2)",          8, 2026-01-30T18:24:20, ok
gpu     ,   320,    180,      20,        10,             0,           18,            0,   0,       0,   1, 0.0279165, 0        , 0.0279165,        219.996,        5.02553  ,       220.024,       5.03378  ,             0        , 0                      ,     215.916,     4.31639  ,    6.14197,    2,           1,              8, 1.152e+06   , 1.152e+06  , 5.23645e+06 , 654556         , 30.589  ,   3.82362 , 2026-01-30T18:08:23-fbe5dda4785f, "Apple M1", "Darwin 25.2.0", "clang 17.0.0 (clang-1700.6.3.2)",          8, 2026-01-30T18:24:25, ok
original,   320,    180,      20,        10,             0,           18,            3,   0,       0,   0, 0.0112715, 0        , 0.0112715,       6696.3  ,        8.42132  ,      6696.31 ,       8.42229  ,             0        , 0                      ,       0    ,     0        ,    5.87634,    2,           1,              1, 1.152e+06   , 6.7855e+06 , 1.01332e+06 , 1.01332e+06    ,  1      ,   1       , 2026-01-30T18:08:23-fbe5dda4785f, "Apple M1", "Darwin 25.2.0", "clang 17.0.0 (clang-1700.6.3.2)",          8, 2026-01-30T18:24:25, ok
bvh     ,   320,    180,      20,        10,             0,           18,            3,   1,       0,   0, 0.008104 , 0.0045   , 0.012604 ,       2479.61 ,       27.5647   ,      2479.63 ,      27.5646   ,             0        , 0                      ,       0    ,     0        ,    5.51697,    2,           1,              1, 1.152e+06   , 6.78017e+06, 2.73437e+06 , 2.73437e+06    ,  2.70054,   2.70054 , 2026-01-30T18:08:23-fbe5dda4785f, "Apple M1", "Darwin 25.2.0", "clang 17.0.0 (clang-1700.6.3.2)",          8, 2026-01-30T18:24:46, ok
bvh-mt  ,   320,    180,      20,        10,             0,           18,            3,   1,       1,   0, 0.0075415, 0.005    , 0.0125415,       1165.19 ,        7.36092  ,      1165.2  ,       7.36134  ,             0.0277495, 0.000118087            ,       0    ,     0        ,    5.51697,    2,           1,              3, 1.152e+06   , 6.77913e+06, 5.81806e+06 , 1.93935e+06    ,  5.74697,   1.91566 , 2026-01-30T18:08:23-fbe5dda4785f, "Apple M1", "Darwin 25.2.0", "clang 17.0.0 (clang-1700.6.3.2)",          8, 2026-01-30T18:24:53, ok
gpu     ,   320,    180,      20,        10,             0,           18,            0,   0,       0,   1, 0.027937 , 0        , 0.027937 ,        219.322,        4.37732  ,       219.35 ,       4.38424  ,             0        , 0                      ,     215.551,     3.80276  ,    6.14197,    2,           1,              8, 1.152e+06   , 1.152e+06  , 5.25255e+06 , 656568         , 30.5318 ,   3.81647 , 2026-01-30T18:08:23-fbe5dda4785f, "Apple M1", "Darwin 25.2.0", "clang 17.0.0 (clang-1700.6.3.2)",          8, 2026-01-30T18:24:57, ok
original,   320,    180,      20,        10,             0,           18,            4,   0,       0,   0, 0.0243545, 0        , 0.0243545,       6704.39 ,       33.6654   ,      6704.41 ,      33.6864   ,             0        , 0                      ,       0    ,     0        ,    5.78259,    2,           1,              1, 1.152e+06   , 6.78301e+06, 1.01173e+06 , 1.01173e+06    ,  1      ,   1       , 2026-01-30T18:08:23-fbe5dda4785f, "Apple M1", "Darwin 25.2.0", "clang 17.0.0 (clang-1700.6.3.2)",          8, 2026-01-30T18:24:58, ok
bvh     ,   320,    180,      20,        10,             0,           18,            4,   1,       0,   0, 0.0248335, 0.0065415, 0.031375 ,       2887.23 ,       84.0611   ,      2887.26 ,      84.0845   ,             0        , 0                      ,       0    ,     0        ,    5.51697,    2,           1,              1, 1.152e+06   , 6.78141e+06, 2.34876e+06 , 2.34876e+06    ,  2.32209,   2.32209 , 2026-01-30T18:08:23-fbe5dda4785f, "Apple M1", "Darwin 25.2.0", "clang 17.0.0 (clang-1700.6.3.2)",          8, 2026-01-30T18:25:18, ok
bvh-mt  ,   320,    180,      20,        10,             0,           18,            4,   1,       1,   0, 0.0081875, 0.0060625, 0.01425  ,       1049.7  ,      195.458    ,      1049.71 ,     195.457    ,             0.0314375, 0.001562               ,       0    ,     0        ,    5.51697,    2,           1,              4, 1.152e+06   , 6.78408e+06, 6.46289e+06 , 1.61572e+06    ,  6.38698,   1.59674 , 2026-01-30T18:08:23-fbe5dda4785f, "Apple M1", "Darwin 25.2.0", "clang 17.0.0 (clang-1700.6.3.2)",          8, 2026-01-30T18:25:26, ok
gpu     ,   320,    180,      20,        10,             0,           18,            0,   0,       0,   1, 0.0285835, 0        , 0.0285835,        219.319,        3.58733  ,       219.347,       3.59552  ,             0        , 0                      ,     214.992,     3.08357  ,    6.14197,    2,           1,              8, 1.152e+06   , 1.152e+06  , 5.25263e+06 , 656578         , 30.5692 ,   3.82114 , 2026-01-30T18:08:23-fbe5dda4785f, "Apple M1", "Darwin 25.2.0", "clang 17.0.0 (clang-1700.6.3.2)",          8, 2026-01-30T18:25:29, ok
original,   320,    180,      20,        10,             0,           18,            5,   0,       0,   0, 0.030208 , 0        , 0.030208 ,       6740.03 ,       16.3653   ,      6740.07 ,      16.3845   ,             0        , 0                      ,       0    ,     0        ,    5.87634,    2,           1,              1, 1.152e+06   , 6.78607e+06, 1.00683e+06 , 1.00683e+06    ,  1      ,   1       , 2026-01-30T18:08:23-fbe5dda4785f, "Apple M1", "Darwin 25.2.0", "clang 17.0.0 (clang-1700.6.3.2)",          8, 2026-01-30T18:25:30, ok
bvh     ,   320,    180,      20,        10,             0,           18,            5,   1,       0,   0, 0.014312 , 0.005792 , 0.020104 ,       2611.89 ,      154.459    ,      2611.91 ,     154.45     ,             0        , 0                      ,       0    ,     0        ,    5.78259,    2,           1,              1, 1.152e+06   , 6.78401e+06, 2.59736e+06 , 2.59736e+06    ,  2.58052,   2.58052 , 2026-01-30T18:08:23-fbe5dda4785f, "Apple M1", "Darwin 25.2.0", "clang 17.0.0 (clang-1700.6.3.2)",          8, 2026-01-30T18:25:50, ok
bvh-mt  ,   320,    180,      20,        10,             0,           18,            5,   1,       1,   0, 0.0107915, 0.0051875, 0.015979 ,        944.128,       11.7311   ,       944.144,      11.7352   ,             0.043542 , 0.00324138             ,       0    ,     0        ,    5.51697,    2,           1,              5, 1.152e+06   , 6.78332e+06, 7.18474e+06 , 1.43695e+06    ,  7.1389 ,   1.42778 , 2026-01-30T18:08:23-fbe5dda4785f, "Apple M1", "Darwin 25.2.0", "clang 17.0.0 (clang-1700.6.3.2)",          8, 2026-01-30T18:25:58, ok
gpu     ,   320,    180,      20,        10,             0,           18,            0,   0,       0,   1, 0.0258955, 0        , 0.0258955,        218.718,        3.17915  ,       218.744,       3.16775  ,             0        , 0                      ,     215.589,     3.74752  ,    6.14197,    2,           1,              8, 1.152e+06   , 1.152e+06  , 5.26706e+06 , 658382         , 30.8161 ,   3.85201 , 2026-01-30T18:08:23-fbe5dda4785f, "Apple M1", "Darwin 25.2.0", "clang 17.0.0 (clang-1700.6.3.2)",          8, 2026-01-30T18:26:01, ok
original,   320,    180,      20,        10,             0,           18,            6,   0,       0,   0, 0.018896 , 0        , 0.018896 ,       6776.99 ,       56.0365   ,      6777.01 ,      56.0254   ,             0        , 0                      ,       0    ,     0        ,    5.87634,    2,           1,              1, 1.152e+06   , 6.78034e+06, 1.00049e+06 , 1.00049e+06    ,  1      ,   1       , 2026-01-30T18:08:23-fbe5dda4785f, "Apple M1", "Darwin 25.2.0", "clang 17.0.0 (clang-1700.6.3.2)",          8, 2026-01-30T18:26:02, ok
bvh     ,   320,    180,      20,        10,             0,           18,            6,   1,       0,   0, 0.0183125, 0.005062 , 0.0233745,       2680.63 ,      190.84     ,      2680.65 ,     190.825    ,             0        , 0                      ,       0    ,     0        ,    5.78259,    2,           1,              1, 1.152e+06   , 6.78214e+06, 2.53005e+06 , 2.53005e+06    ,  2.52813,   2.52813 , 2026-01-30T18:08:23-fbe5dda4785f, "Apple M1", "Darwin 25.2.0", "clang 17.0.0 (clang-1700.6.3.2)",          8, 2026-01-30T18:26:22, ok
bvh-mt  ,   320,    180,      20,        10,             0,           18,            6,   1,       1,   0, 0.0108545, 0.004875 , 0.0157295,        881.448,       10.9077   ,       881.464,      10.9122   ,             0.049375 , 0.0076014              ,       0    ,     0        ,    5.51697,    2,           1,              6, 1.152e+06   , 6.78081e+06, 7.69281e+06 , 1.28214e+06    ,  7.68848,   1.28141 , 2026-01-30T18:08:23-fbe5dda4785f, "Apple M1", "Darwin 25.2.0", "clang 17.0.0 (clang-1700.6.3.2)",          8, 2026-01-30T18:26:30, ok
gpu     ,   320,    180,      20,        10,             0,           18,            0,   0,       0,   1, 0.023979 , 0        , 0.023979 ,        218.558,        2.63657  ,       218.582,       2.6198   ,             0        , 0                      ,     215.381,     3.40881  ,    6.14197,    2,           1,              8, 1.152e+06   , 1.152e+06  , 5.2709e+06  , 658863         , 31.0077 ,   3.87596 , 2026-01-30T18:08:23-fbe5dda4785f, "Apple M1", "Darwin 25.2.0", "clang 17.0.0 (clang-1700.6.3.2)",          8, 2026-01-30T18:26:33, ok
original,   320,    180,      20,        10,             0,           18,            7,   0,       0,   0, 0.0127295, 0        , 0.0127295,       6689.05 ,        6.38715  ,      6689.06 ,       6.38282  ,             0        , 0                      ,       0    ,     0        ,    5.87634,    2,           1,              1, 1.152e+06   , 6.78146e+06, 1.01381e+06 , 1.01381e+06    ,  1      ,   1       , 2026-01-30T18:08:23-fbe5dda4785f, "Apple M1", "Darwin 25.2.0", "clang 17.0.0 (clang-1700.6.3.2)",          8, 2026-01-30T18:26:33, ok
bvh     ,   320,    180,      20,        10,             0,           18,            7,   1,       0,   0, 0.009687 , 0.005229 , 0.014916 ,       2864.56 ,      488.706    ,      2864.58 ,     488.704    ,             0        , 0                      ,       0    ,     0        ,    5.78259,    2,           1,              1, 1.152e+06   , 6.78291e+06, 2.36787e+06 , 2.36787e+06    ,  2.3351 ,   2.3351  , 2026-01-30T18:08:23-fbe5dda4785f, "Apple M1", "Darwin 25.2.0", "clang 17.0.0 (clang-1700.6.3.2)",          8, 2026-01-30T18:26:53, ok
bvh-mt  ,   320,    180,      20,        10,             0,           18,            7,   1,       1,   0, 0.0079585, 0.004604 , 0.0125625,        875.978,       84.6546   ,       875.99 ,      84.6544   ,             0.0580625, 0.00715946             ,       0    ,     0        ,    5.51697,    2,           1,              7, 1.152e+06   , 6.7776e+06 , 7.73718e+06 , 1.10531e+06    ,  7.6361 ,   1.09087 , 2026-01-30T18:08:23-fbe5dda4785f, "Apple M1", "Darwin 25.2.0", "clang 17.0.0 (clang-1700.6.3.2)",          8, 2026-01-30T18:27:02, ok
gpu     ,   320,    180,      20,        10,             0,           18,            0,   0,       0,   1, 0.0282295, 0        , 0.0282295,        218.854,        3.46026  ,       218.882,       3.46765  ,             0        , 0                      ,     214.696,     3.01475  ,    6.14197,    2,           1,              8, 1.152e+06   , 1.152e+06  , 5.26379e+06 , 657974         , 30.564  ,   3.8205  , 2026-01-30T18:08:23-fbe5dda4785f, "Apple M1", "Darwin 25.2.0", "clang 17.0.0 (clang-1700.6.3.2)",          8, 2026-01-30T18:27:04, ok
original,   320,    180,      20,        10,             0,           18,            8,   0,       0,   0, 0.0243125, 0        , 0.0243125,       6696.5  ,       13.7355   ,      6696.52 ,      13.7221   ,             0        , 0                      ,       0    ,     0        ,    5.87634,    2,           1,              1, 1.152e+06   , 6.78547e+06, 1.01329e+06 , 1.01329e+06    ,  1      ,   1       , 2026-01-30T18:08:23-fbe5dda4785f, "Apple M1", "Darwin 25.2.0", "clang 17.0.0 (clang-1700.6.3.2)",          8, 2026-01-30T18:27:05, ok
bvh     ,   320,    180,      20,        10,             0,           18,            8,   1,       0,   0, 0.0080205, 0.0048545, 0.012875 ,       2700.74 ,      186.899    ,      2700.75 ,     186.9      ,             0        , 0                      ,       0    ,     0        ,    5.51697,    2,           1,              1, 1.152e+06   , 6.78349e+06, 2.51172e+06 , 2.51172e+06    ,  2.4795 ,   2.4795  , 2026-01-30T18:08:23-fbe5dda4785f, "Apple M1", "Darwin 25.2.0", "clang 17.0.0 (clang-1700.6.3.2)",          8, 2026-01-30T18:27:25, ok
bvh-mt  ,   320,    180,      20,        10,             0,           18,            8,   1,       1,   0, 0.007854 , 0.00775  , 0.015604 ,        824.606,       16.4627   ,       824.621,      16.468    ,             0.0580205, 0.0103414              ,       0    ,     0        ,    5.51697,    2,           1,              8, 1.152e+06   , 6.7823e+06 , 8.2249e+06  , 1.02811e+06    ,  8.12085,   1.01511 , 2026-01-30T18:08:23-fbe5dda4785f, "Apple M1", "Darwin 25.2.0", "clang 17.0.0 (clang-1700.6.3.2)",          8, 2026-01-30T18:27:33, ok
gpu     ,   320,    180,      20,        10,             0,           18,            0,   0,       0,   1, 0.0300625, 0        , 0.0300625,        219.771,        3.51459  ,       219.801,       3.51962  ,             0        , 0                      ,     215.701,     3.29789  ,    6.14197,    2,           1,              8, 1.152e+06   , 1.152e+06  , 5.24182e+06 , 655227         , 30.4703 ,   3.80879 , 2026-01-30T18:08:23-fbe5dda4785f, "Apple M1", "Darwin 25.2.0", "clang 17.0.0 (clang-1700.6.3.2)",          8, 2026-01-30T18:27:35, ok
original,   320,    180,      20,        10,           100,          118,            1,   0,       0,   0, 0.026542 , 0        , 0.026542 ,      13318.4  ,       15.9709   ,     13318.4  ,      15.9542   ,             0        , 0                      ,       0    ,     0        ,    5.51697,    2,           1,              1, 1.152e+06   , 6.93061e+06, 520381      , 520381         ,  1      ,   1       , 2026-01-30T18:08:23-fbe5dda4785f, "Apple M1", "Darwin 25.2.0", "clang 17.0.0 (clang-1700.6.3.2)",          8, 2026-01-30T18:27:36, ok
bvh     ,   320,    180,      20,        10,           100,          118,            1,   1,       0,   0, 0.0191665, 0.0385835, 0.05775  ,       4820.92 ,       26.9341   ,      4820.97 ,      26.9219   ,             0        , 0                      ,       0    ,     0        ,    5.51697,    2,           1,              1, 1.152e+06   , 6.92916e+06, 1.43731e+06 , 1.43731e+06    ,  2.76262,   2.76262 , 2026-01-30T18:08:23-fbe5dda4785f, "Apple M1", "Darwin 25.2.0", "clang 17.0.0 (clang-1700.6.3.2)",          8, 2026-01-30T18:28:16, ok
bvh-mt  ,   320,    180,      20,        10,           100,          118,            1,   1,       1,   0, 0.017833 , 0.036313 , 0.054146 ,       4605.87 ,      710.44     ,      4605.93 ,     710.43     ,             0        , 0                      ,       0    ,     0        ,    5.51697,    2,           1,              1, 1.152e+06   , 6.92664e+06, 1.50387e+06 , 1.50387e+06    ,  2.8916 ,   2.8916  , 2026-01-30T18:08:23-fbe5dda4785f, "Apple M1", "Darwin 25.2.0", "clang 17.0.0 (clang-1700.6.3.2)",          8, 2026-01-30T18:28:30, ok
gpu     ,   320,    180,      20,        10,           100,          118,            0,   0,       0,   1, 0.0474795, 0        , 0.0474795,        427.718,        2.74033  ,       427.766,       2.75692  ,             0        , 0                      ,     424.032,     2.23938  ,    6.14197,    2,           1,              8, 1.152e+06   , 1.152e+06  , 2.69336e+06 , 336670         , 31.1381 ,   3.89227 , 2026-01-30T18:08:23-fbe5dda4785f, "Apple M1", "Darwin 25.2.0", "clang 17.0.0 (clang-1700.6.3.2)",          8, 2026-01-30T18:28:44, ok
original,   320,    180,      20,        10,           100,          118,            2,   0,       0,   0, 0.026708 , 0        , 0.026708 ,      13394.2  ,        3.16466  ,     13394.2  ,       3.1735   ,             0        , 0                      ,       0    ,     0        ,    5.51697,    2,           1,              1, 1.152e+06   , 6.92714e+06, 517175      , 517175         ,  1      ,   1       , 2026-01-30T18:08:23-fbe5dda4785f, "Apple M1", "Darwin 25.2.0", "clang 17.0.0 (clang-1700.6.3.2)",          8, 2026-01-30T18:28:45, ok
bvh     ,   320,    180,      20,        10,           100,          118,            2,   1,       0,   0, 0.0156465, 0.0411245, 0.056771 ,       4326.7  ,      424.443    ,      4326.75 ,     424.437    ,             0        , 0                      ,       0    ,     0        ,    5.51697,    2,           1,              1, 1.152e+06   , 6.92628e+06, 1.60082e+06 , 1.60082e+06    ,  3.09571,   3.09571 , 2026-01-30T18:08:23-fbe5dda4785f, "Apple M1", "Darwin 25.2.0", "clang 17.0.0 (clang-1700.6.3.2)",          8, 2026-01-30T18:29:25, ok
bvh-mt  ,   320,    180,      20,        10,           100,          118,            2,   1,       1,   0, 0.011625 , 0.041625 , 0.05325  ,       2303.92 ,      257.215    ,      2303.98 ,     257.205    ,             0.0227505, 0.00129613             ,       0    ,     0        ,    5.51697,    2,           1,              2, 1.152e+06   , 6.92291e+06, 3.00483e+06 , 1.50242e+06    ,  5.81365,   2.90682 , 2026-01-30T18:08:23-fbe5dda4785f, "Apple M1", "Darwin 25.2.0", "clang 17.0.0 (clang-1700.6.3.2)",          8, 2026-01-30T18:29:38, ok
gpu     ,   320,    180,      20,        10,           100,          118,            0,   0,       0,   1, 0.076333 , 0        , 0.076333 ,        429.184,        4.09206  ,       429.261,       4.1168   ,             0        , 0                      ,     424.519,     4.10508  ,    6.14197,    2,           1,              8, 1.152e+06   , 1.152e+06  , 2.68416e+06 , 335520         , 31.2085 ,   3.90106 , 2026-01-30T18:08:23-fbe5dda4785f, "Apple M1", "Darwin 25.2.0", "clang 17.0.0 (clang-1700.6.3.2)",          8, 2026-01-30T18:29:45, ok
original,   320,    180,      20,        10,           100,          118,            3,   0,       0,   0, 0.0528125, 0        , 0.0528125,      13476.3  ,       62.4513   ,     13476.3  ,      62.4176   ,             0        , 0                      ,       0    ,     0        ,    5.51697,    2,           1,              1, 1.152e+06   , 6.9239e+06 , 513784      , 513784         ,  1      ,   1       , 2026-01-30T18:08:23-fbe5dda4785f, "Apple M1", "Darwin 25.2.0", "clang 17.0.0 (clang-1700.6.3.2)",          8, 2026-01-30T18:29:46, ok
bvh     ,   320,    180,      20,        10,           100,          118,            3,   1,       0,   0, 0.0230625, 0.0504585, 0.073521 ,       4371.72 ,      604.464    ,      4371.79 ,     604.483    ,             0        , 0                      ,       0    ,     0        ,    5.51697,    2,           1,              1, 1.152e+06   , 6.92361e+06, 1.58373e+06 , 1.58373e+06    ,  3.08261,   3.08261 , 2026-01-30T18:08:23-fbe5dda4785f, "Apple M1", "Darwin 25.2.0", "clang 17.0.0 (clang-1700.6.3.2)",          8, 2026-01-30T18:30:27, ok
bvh-mt  ,   320,    180,      20,        10,           100,          118,            3,   1,       1,   0, 0.0161455, 0.043521 , 0.0596665,       1884.27 ,       62.0219   ,      1884.33 ,      62.0271   ,             0.034562 , 0.00745432             ,       0    ,     0        ,    5.51697,    2,           1,              3, 1.152e+06   , 6.92418e+06, 3.67472e+06 , 1.22491e+06    ,  7.15198,   2.38399 , 2026-01-30T18:08:23-fbe5dda4785f, "Apple M1", "Darwin 25.2.0", "clang 17.0.0 (clang-1700.6.3.2)",          8, 2026-01-30T18:30:40, ok
gpu     ,   320,    180,      20,        10,           100,          118,            0,   0,       0,   1, 0.046896 , 0        , 0.046896 ,        428.04 ,        3.87383  ,       428.087,       3.8946   ,             0        , 0                      ,     424.854,     4.10028  ,    6.18884,    2,           1,              8, 1.152e+06   , 1.152e+06  , 2.69134e+06 , 336417         , 31.4837 ,   3.93546 , 2026-01-30T18:08:23-fbe5dda4785f, "Apple M1", "Darwin 25.2.0", "clang 17.0.0 (clang-1700.6.3.2)",          8, 2026-01-30T18:30:46, ok
original,   320,    180,      20,        10,           100,          118,            4,   0,       0,   0, 0.040167 , 0        , 0.040167 ,      13395.8  ,       62.567    ,     13395.9  ,      62.5622   ,             0        , 0                      ,       0    ,     0        ,    5.78259,    2,           1,              1, 1.152e+06   , 6.9219e+06 , 516721      , 516721         ,  1      ,   1       , 2026-01-30T18:08:23-fbe5dda4785f, "Apple M1", "Darwin 25.2.0", "clang 17.0.0 (clang-1700.6.3.2)",          8, 2026-01-30T18:30:47, ok
bvh     ,   320,    180,      20,        10,           100,          118,            4,   1,       0,   0, 0.0288125, 0.045146 , 0.0739585,       4025.22 ,       77.5853   ,      4025.29 ,      77.571    ,             0        , 0                      ,       0    ,     0        ,    5.51697,    2,           1,              1, 1.152e+06   , 6.92866e+06, 1.72131e+06 , 1.72131e+06    ,  3.32797,   3.32797 , 2026-01-30T18:08:23-fbe5dda4785f, "Apple M1", "Darwin 25.2.0", "clang 17.0.0 (clang-1700.6.3.2)",          8, 2026-01-30T18:31:28, ok
bvh-mt  ,   320,    180,      20,        10,           100,          118,            4,   1,       1,   0, 0.0213755, 0.0543125, 0.075688 ,       1810.71 ,      295.716    ,      1810.78 ,     295.726    ,             0.037521 , 0.00144391             ,       0    ,     0        ,    5.51697,    2,           1,              4, 1.152e+06   , 6.92628e+06, 3.82518e+06 , 956294         ,  7.39811,   1.84953 , 2026-01-30T18:08:23-fbe5dda4785f, "Apple M1", "Darwin 25.2.0", "clang 17.0.0 (clang-1700.6.3.2)",          8, 2026-01-30T18:31:40, ok
gpu     ,   320,    180,      20,        10,           100,          118,            0,   0,       0,   1, 0.058729 , 0        , 0.058729 ,        454.176,       27.1291   ,       454.234,      27.0927   ,             0        , 0                      ,     450.827,    26.2094   ,    6.14197,    2,           1,              8, 1.152e+06   , 1.152e+06  , 2.53646e+06 , 317058         , 29.4948 ,   3.68685 , 2026-01-30T18:08:23-fbe5dda4785f, "Apple M1", "Darwin 25.2.0", "clang 17.0.0 (clang-1700.6.3.2)",          8, 2026-01-30T18:31:45, ok
original,   320,    180,      20,        10,           100,          118,            5,   0,       0,   0, 0.041521 , 0        , 0.041521 ,      13853.6  ,      191.099    ,     13853.6  ,     191.096    ,             0        , 0                      ,       0    ,     0        ,    5.78259,    2,           1,              1, 1.152e+06   , 6.92258e+06, 499697      , 499697         ,  1      ,   1       , 2026-01-30T18:08:23-fbe5dda4785f, "Apple M1", "Darwin 25.2.0", "clang 17.0.0 (clang-1700.6.3.2)",          8, 2026-01-30T18:31:47, ok
bvh     ,   320,    180,      20,        10,           100,          118,            5,   1,       0,   0, 0.019333 , 0.0417915, 0.0611245,       4221.74 ,      130.675    ,      4221.8  ,     130.689    ,             0        , 0                      ,       0    ,     0        ,    5.51697,    2,           1,              1, 1.152e+06   , 6.9309e+06 , 1.64172e+06 , 1.64172e+06    ,  3.28148,   3.28148 , 2026-01-30T18:08:23-fbe5dda4785f, "Apple M1", "Darwin 25.2.0", "clang 17.0.0 (clang-1700.6.3.2)",          8, 2026-01-30T18:32:31, ok
bvh-mt  ,   320,    180,      20,        10,           100,          118,            5,   1,       1,   0, 0.0124165, 0.0353125, 0.047729 ,       1459.09 ,       32.0854   ,      1459.14 ,      32.0835   ,             0.043667 , 0.00489035             ,       0    ,     0        ,    5.51697,    2,           1,              5, 1.152e+06   , 6.92238e+06, 4.7443e+06  , 948860         ,  9.49462,   1.89892 , 2026-01-30T18:08:23-fbe5dda4785f, "Apple M1", "Darwin 25.2.0", "clang 17.0.0 (clang-1700.6.3.2)",          8, 2026-01-30T18:32:44, ok
gpu     ,   320,    180,      20,        10,           100,          118,            0,   0,       0,   1, 0.058979 , 0        , 0.058979 ,        429.303,        5.83516  ,       429.362,       5.83531  ,             0        , 0                      ,     425.232,     5.32245  ,    6.14197,    2,           1,              8, 1.152e+06   , 1.152e+06  , 2.68342e+06 , 335428         , 32.2699 ,   4.03374 , 2026-01-30T18:08:23-fbe5dda4785f, "Apple M1", "Darwin 25.2.0", "clang 17.0.0 (clang-1700.6.3.2)",          8, 2026-01-30T18:32:48, ok
original,   320,    180,      20,        10,           100,          118,            6,   0,       0,   0, 0.0298335, 0        , 0.0298335,      13423    ,       29.418    ,     13423    ,      29.4306   ,             0        , 0                      ,       0    ,     0        ,    5.51697,    2,           1,              1, 1.152e+06   , 6.92441e+06, 515863      , 515863         ,  1      ,   1       , 2026-01-30T18:08:23-fbe5dda4785f, "Apple M1", "Darwin 25.2.0", "clang 17.0.0 (clang-1700.6.3.2)",          8, 2026-01-30T18:32:49, ok
bvh     ,   320,    180,      20,        10,           100,          118,            6,   1,       0,   0, 0.0166255, 0.0389585, 0.055584 ,       4401.39 ,      231.254    ,      4401.44 ,     231.243    ,             0        , 0                      ,       0    ,     0        ,    5.51697,    2,           1,              1, 1.152e+06   , 6.92467e+06, 1.57329e+06 , 1.57329e+06    ,  3.04971,   3.04971 , 2026-01-30T18:08:23-fbe5dda4785f, "Apple M1", "Darwin 25.2.0", "clang 17.0.0 (clang-1700.6.3.2)",          8, 2026-01-30T18:33:30, ok
bvh-mt  ,   320,    180,      20,        10,           100,          118,            6,   1,       1,   0, 0.0162295, 0.0411665, 0.057396 ,       1419.56 ,       40.7012   ,      1419.62 ,      40.702    ,             0.075146 , 0.0218906              ,       0    ,     0        ,    5.51697,    2,           1,              6, 1.152e+06   , 6.92437e+06, 4.87782e+06 , 812970         ,  9.45571,   1.57595 , 2026-01-30T18:08:23-fbe5dda4785f, "Apple M1", "Darwin 25.2.0", "clang 17.0.0 (clang-1700.6.3.2)",          8, 2026-01-30T18:33:43, ok
gpu     ,   320,    180,      20,        10,           100,          118,            0,   0,       0,   1, 0.0485415, 0        , 0.0485415,        431.747,        8.50641  ,       431.796,       8.53593  ,             0        , 0                      ,     426.014,     5.13139  ,    6.14197,    2,           1,              8, 1.152e+06   , 1.152e+06  , 2.66823e+06 , 333529         , 31.0899 ,   3.88624 , 2026-01-30T18:08:23-fbe5dda4785f, "Apple M1", "Darwin 25.2.0", "clang 17.0.0 (clang-1700.6.3.2)",          8, 2026-01-30T18:33:47, ok
original,   320,    180,      20,        10,           100,          118,            7,   0,       0,   0, 0.0449375, 0        , 0.0449375,      13376.1  ,       88.9651   ,     13376.2  ,      88.9699   ,             0        , 0                      ,       0    ,     0        ,    5.78259,    2,           1,              1, 1.152e+06   , 6.91795e+06, 517187      , 517187         ,  1      ,   1       , 2026-01-30T18:08:23-fbe5dda4785f, "Apple M1", "Darwin 25.2.0", "clang 17.0.0 (clang-1700.6.3.2)",          8, 2026-01-30T18:33:48, ok
bvh     ,   320,    180,      20,        10,           100,          118,            7,   1,       0,   0, 0.0144995, 0.03775  , 0.0522495,       4824.14 ,      325.552    ,      4824.19 ,     325.561    ,             0        , 0                      ,       0    ,     0        ,    5.51697,    2,           1,              1, 1.152e+06   , 6.92472e+06, 1.43543e+06 , 1.43543e+06    ,  2.77275,   2.77275 , 2026-01-30T18:08:23-fbe5dda4785f, "Apple M1", "Darwin 25.2.0", "clang 17.0.0 (clang-1700.6.3.2)",          8, 2026-01-30T18:34:29, ok
bvh-mt  ,   320,    180,      20,        10,           100,          118,            7,   1,       1,   0, 0.0145835, 0.044083 , 0.0586665,       1226.86 ,        7.85142  ,      1226.92 ,       7.85166  ,             0.0613545, 0.00132583             ,       0    ,     0        ,    5.51697,    2,           1,              7, 1.152e+06   , 6.92599e+06, 5.6453e+06  , 806471         , 10.9027 ,   1.55753 , 2026-01-30T18:08:23-fbe5dda4785f, "Apple M1", "Darwin 25.2.0", "clang 17.0.0 (clang-1700.6.3.2)",          8, 2026-01-30T18:34:43, ok
gpu     ,   320,    180,      20,        10,           100,          118,            0,   0,       0,   1, 0.0522085, 0        , 0.0522085,        430.971,        5.98298  ,       431.023,       5.99453  ,             0        , 0                      ,     426.927,     4.98498  ,    6.15759,    2,           1,              8, 1.152e+06   , 1.152e+06  , 2.67303e+06 , 334129         , 31.0372 ,   3.87965 , 2026-01-30T18:08:23-fbe5dda4785f, "Apple M1", "Darwin 25.2.0", "clang 17.0.0 (clang-1700.6.3.2)",          8, 2026-01-30T18:34:46, ok
original,   320,    180,      20,        10,           100,          118,            8,   0,       0,   0, 0.030438 , 0        , 0.030438 ,      13372.8  ,       51.8035   ,     13372.8  ,      51.8106   ,             0        , 0                      ,       0    ,     0        ,    5.48572,    2,           1,              1, 1.152e+06   , 6.9213e+06 , 517567      , 517567         ,  1      ,   1       , 2026-01-30T18:08:23-fbe5dda4785f, "Apple M1", "Darwin 25.2.0", "clang 17.0.0 (clang-1700.6.3.2)",          8, 2026-01-30T18:34:47, ok
bvh     ,   320,    180,      20,        10,           100,          118,            8,   1,       0,   0, 0.019438 , 0.042479 , 0.061917 ,       4082.35 ,       90.22     ,      4082.41 ,      90.2129   ,             0        , 0                      ,       0    ,     0        ,    5.48572,    2,           1,              1, 1.152e+06   , 6.92728e+06, 1.69688e+06 , 1.69688e+06    ,  3.27575,   3.27575 , 2026-01-30T18:08:23-fbe5dda4785f, "Apple M1", "Darwin 25.2.0", "clang 17.0.0 (clang-1700.6.3.2)",          8, 2026-01-30T18:35:28, ok
bvh-mt  ,   320,    180,      20,        10,           100,          118,            8,   1,       1,   0, 0.0144165, 0.0580625, 0.072479 ,       1113.71 ,       46.537    ,      1113.78 ,      46.539    ,             0.0807085, 0.0249248              ,       0    ,     0        ,    5.48572,    2,           1,              8, 1.152e+06   , 6.92701e+06, 6.21975e+06 , 777469         , 12.0074 ,   1.50092 , 2026-01-30T18:08:23-fbe5dda4785f, "Apple M1", "Darwin 25.2.0", "clang 17.0.0 (clang-1700.6.3.2)",          8, 2026-01-30T18:35:41, ok
gpu     ,   320,    180,      20,        10,           100,          118,            0,   0,       0,   1, 0.045    , 0        , 0.045    ,        424.428,        1.72896  ,       424.473,       1.74988  ,             0        , 0                      ,     420.294,     1.49583  ,    6.14197,    2,           1,              8, 1.152e+06   , 1.152e+06  , 2.71424e+06 , 339280         , 31.5077 ,   3.93846 , 2026-01-30T18:08:23-fbe5dda4785f, "Apple M1", "Darwin 25.2.0", "clang 17.0.0 (clang-1700.6.3.2)",          8, 2026-01-30T18:35:44, ok
original,   320,    180,      20,        20,             0,           18,            1,   0,       0,   0, 0.016896 , 0        , 0.016896 ,       9102.37 ,       50.3928   ,      9102.38 ,      50.4044   ,             0        , 0                      ,       0    ,     0        ,    5.87634,    2,           1,              1, 1.152e+06   , 8.62741e+06, 947820      , 947820         ,  1      ,   1       , 2026-01-30T18:08:23-fbe5dda4785f, "Apple M1", "Darwin 25.2.0", "clang 17.0.0 (clang-1700.6.3.2)",          8, 2026-01-30T18:35:46, ok
bvh     ,   320,    180,      20,        20,             0,           18,            1,   1,       0,   0, 0.0236875, 0.006188 , 0.0298755,       3669.4  ,       68.4472   ,      3669.43 ,      68.461    ,             0        , 0                      ,       0    ,     0        ,    5.51697,    2,           1,              1, 1.152e+06   , 8.64091e+06, 2.35485e+06 , 2.35485e+06    ,  2.48061,   2.48061 , 2026-01-30T18:08:23-fbe5dda4785f, "Apple M1", "Darwin 25.2.0", "clang 17.0.0 (clang-1700.6.3.2)",          8, 2026-01-30T18:36:13, ok
bvh-mt  ,   320,    180,      20,        20,             0,           18,            1,   1,       1,   0, 0.0247705, 0.008021 , 0.0327915,       3940.87 ,      291.217    ,      3940.9  ,     291.229    ,             0        , 0                      ,       0    ,     0        ,    5.51697,    2,           1,              1, 1.152e+06   , 8.63611e+06, 2.19142e+06 , 2.19142e+06    ,  2.30973,   2.30973 , 2026-01-30T18:08:23-fbe5dda4785f, "Apple M1", "Darwin 25.2.0", "clang 17.0.0 (clang-1700.6.3.2)",          8, 2026-01-30T18:36:24, ok
gpu     ,   320,    180,      20,        20,             0,           18,            0,   0,       0,   1, 0.029896 , 0        , 0.029896 ,        419.588,        1.09663  ,       419.618,       1.10073  ,             0        , 0                      ,     415.671,     0.815324 ,    6.14197,    2,           1,              8, 1.152e+06   , 1.152e+06  , 2.74555e+06 , 343194         , 21.6936 ,   2.7117  , 2026-01-30T18:08:23-fbe5dda4785f, "Apple M1", "Darwin 25.2.0", "clang 17.0.0 (clang-1700.6.3.2)",          8, 2026-01-30T18:36:35, ok
original,   320,    180,      20,        20,             0,           18,            2,   0,       0,   0, 0.0161875, 0        , 0.0161875,       9101.39 ,        5.32416  ,      9101.41 ,       5.33421  ,             0        , 0                      ,       0    ,     0        ,    5.87634,    2,           1,              1, 1.152e+06   , 8.63477e+06, 948731      , 948731         ,  1      ,   1       , 2026-01-30T18:08:23-fbe5dda4785f, "Apple M1", "Darwin 25.2.0", "clang 17.0.0 (clang-1700.6.3.2)",          8, 2026-01-30T18:36:37, ok
bvh     ,   320,    180,      20,        20,             0,           18,            2,   1,       0,   0, 0.0112915, 0.005229 , 0.0165205,       4092.34 ,       73.6356   ,      4092.36 ,      73.6302   ,             0        , 0                      ,       0    ,     0        ,    5.51697,    2,           1,              1, 1.152e+06   , 8.62696e+06, 2.10807e+06 , 2.10807e+06    ,  2.224  ,   2.224   , 2026-01-30T18:08:23-fbe5dda4785f, "Apple M1", "Darwin 25.2.0", "clang 17.0.0 (clang-1700.6.3.2)",          8, 2026-01-30T18:37:04, ok
bvh-mt  ,   320,    180,      20,        20,             0,           18,            2,   1,       1,   0, 0.0115   , 0.006896 , 0.018396 ,       2018.72 ,      230.738    ,      2018.74 ,     230.746    ,             0.0225835, 0.0060097              ,       0    ,     0        ,    5.51697,    2,           1,              2, 1.152e+06   , 8.63013e+06, 4.27505e+06 , 2.13753e+06    ,  4.5085 ,   2.25425 , 2026-01-30T18:08:23-fbe5dda4785f, "Apple M1", "Darwin 25.2.0", "clang 17.0.0 (clang-1700.6.3.2)",          8, 2026-01-30T18:37:16, ok
gpu     ,   320,    180,      20,        20,             0,           18,            0,   0,       0,   1, 0.033375 , 0        , 0.033375 ,        421.522,        3.21925  ,       421.555,       3.22019  ,             0        , 0                      ,     416.963,     3.3054   ,    6.14197,    2,           1,              8, 1.152e+06   , 1.152e+06  , 2.73295e+06 , 341619         , 21.5917 ,   2.69897 , 2026-01-30T18:08:23-fbe5dda4785f, "Apple M1", "Darwin 25.2.0", "clang 17.0.0 (clang-1700.6.3.2)",          8, 2026-01-30T18:37:21, ok
original,   320,    180,      20,        20,             0,           18,            3,   0,       0,   0, 0.0297085, 0        , 0.0297085,       9131.67 ,       25.7167   ,      9131.7  ,      25.7326   ,             0        , 0                      ,       0    ,     0        ,    5.78259,    2,           1,              1, 1.152e+06   , 8.63441e+06, 945546      , 945546         ,  1      ,   1       , 2026-01-30T18:08:23-fbe5dda4785f, "Apple M1", "Darwin 25.2.0", "clang 17.0.0 (clang-1700.6.3.2)",          8, 2026-01-30T18:37:23, ok
bvh     ,   320,    180,      20,        20,             0,           18,            3,   1,       0,   0, 0.020146 , 0.004771 , 0.024917 ,       3524.6  ,       82.351    ,      3524.63 ,      82.3337   ,             0        , 0                      ,       0    ,     0        ,    5.51697,    2,           1,              1, 1.152e+06   , 8.6381e+06 , 2.4508e+06  , 2.4508e+06     ,  2.59084,   2.59084 , 2026-01-30T18:08:23-fbe5dda4785f, "Apple M1", "Darwin 25.2.0", "clang 17.0.0 (clang-1700.6.3.2)",          8, 2026-01-30T18:37:50, ok
bvh-mt  ,   320,    180,      20,        20,             0,           18,            3,   1,       1,   0, 0.0310835, 0.005354 , 0.0364375,       1571.59 ,       11.6624   ,      1571.63 ,      11.6956   ,             0.0297915, 0.00276974             ,       0    ,     0        ,    5.51697,    2,           1,              3, 1.152e+06   , 8.63249e+06, 5.49282e+06 , 1.83094e+06    ,  5.81045,   1.93682 , 2026-01-30T18:08:23-fbe5dda4785f, "Apple M1", "Darwin 25.2.0", "clang 17.0.0 (clang-1700.6.3.2)",          8, 2026-01-30T18:38:01, ok
gpu     ,   320,    180,      20,        20,             0,           18,            0,   0,       0,   1, 0.013854 , 0        , 0.013854 ,        419.458,        1.62629  ,       419.472,       1.63598  ,             0        , 0                      ,     417.303,     0.972242 ,    6.14197,    2,           1,              8, 1.152e+06   , 1.152e+06  , 2.7464e+06  , 343300         , 21.7701 ,   2.72127 , 2026-01-30T18:08:23-fbe5dda4785f, "Apple M1", "Darwin 25.2.0", "clang 17.0.0 (clang-1700.6.3.2)",          8, 2026-01-30T18:38:06, ok
original,   320,    180,      20,        20,             0,           18,            4,   0,       0,   0, 0.018833 , 0        , 0.018833 ,       9099.24 ,        8.38693  ,      9099.26 ,       8.40043  ,             0        , 0                      ,       0    ,     0        ,    5.78259,    2,           1,              1, 1.152e+06   , 8.63765e+06, 949271      , 949271         ,  1      ,   1       , 2026-01-30T18:08:23-fbe5dda4785f, "Apple M1", "Darwin 25.2.0", "clang 17.0.0 (clang-1700.6.3.2)",          8, 2026-01-30T18:38:07, ok
bvh     ,   320,    180,      20,        20,             0,           18,            4,   1,       0,   0, 0.010396 , 0.005667 , 0.016063 ,       3903.02 ,      131.507    ,      3903.04 ,     131.509    ,             0        , 0                      ,       0    ,     0        ,    5.51697,    2,           1,              1, 1.152e+06   , 8.63898e+06, 2.21341e+06 , 2.21341e+06    ,  2.33133,   2.33133 , 2026-01-30T18:08:23-fbe5dda4785f, "Apple M1", "Darwin 25.2.0", "clang 17.0.0 (clang-1700.6.3.2)",          8, 2026-01-30T18:38:35, ok
bvh-mt  ,   320,    180,      20,        20,             0,           18,            4,   1,       1,   0, 0.0091245, 0.0061875, 0.015312 ,       1436.53 ,      169.707    ,      1436.54 ,     169.706    ,             0.0395415, 0.00689358             ,       0    ,     0        ,    5.51697,    2,           1,              4, 1.152e+06   , 8.63298e+06, 6.00962e+06 , 1.50241e+06    ,  6.3342 ,   1.58355 , 2026-01-30T18:08:23-fbe5dda4785f, "Apple M1", "Darwin 25.2.0", "clang 17.0.0 (clang-1700.6.3.2)",          8, 2026-01-30T18:38:46, ok
gpu     ,   320,    180,      20,        20,             0,           18,            0,   0,       0,   1, 0.034583 , 0        , 0.034583 ,        421.268,        1.54002  ,       421.303,       1.5379   ,             0        , 0                      ,     416.88 ,     1.47906  ,    6.14197,    2,           1,              8, 1.152e+06   , 1.152e+06  , 2.7346e+06  , 341825         , 21.5996 ,   2.69996 , 2026-01-30T18:08:23-fbe5dda4785f, "Apple M1", "Darwin 25.2.0", "clang 17.0.0 (clang-1700.6.3.2)",          8, 2026-01-30T18:38:50, ok
original,   320,    180,      20,        20,             0,           18,            5,   0,       0,   0, 0.016958 , 0        , 0.016958 ,       9103.1  ,       11.0381   ,      9103.12 ,      11.0288   ,             0        , 0                      ,       0    ,     0        ,    5.78259,    2,           1,              1, 1.152e+06   , 8.63339e+06, 948400      , 948400         ,  1      ,   1       , 2026-01-30T18:08:23-fbe5dda4785f, "Apple M1", "Darwin 25.2.0", "clang 17.0.0 (clang-1700.6.3.2)",          8, 2026-01-30T18:38:52, ok
bvh     ,   320,    180,      20,        20,             0,           18,            5,   1,       0,   0, 0.0180625, 0.0071875, 0.02525  ,       3827.35 ,       21.459    ,      3827.38 ,      21.4743   ,             0        , 0                      ,       0    ,     0        ,    5.51697,    2,           1,              1, 1.152e+06   , 8.63563e+06, 2.25629e+06 , 2.25629e+06    ,  2.37843,   2.37843 , 2026-01-30T18:08:23-fbe5dda4785f, "Apple M1", "Darwin 25.2.0", "clang 17.0.0 (clang-1700.6.3.2)",          8, 2026-01-30T18:39:19, ok
bvh-mt  ,   320,    180,      20,        20,             0,           18,            5,   1,       1,   0, 0.0084585, 0.0050415, 0.0135   ,       1280.09 ,       44.912    ,      1280.1  ,      44.9129   ,             0.0439165, 0.00724714             ,       0    ,     0        ,    5.51697,    2,           1,              5, 1.152e+06   , 8.63716e+06, 6.74732e+06 , 1.34946e+06    ,  7.11132,   1.42226 , 2026-01-30T18:08:23-fbe5dda4785f, "Apple M1", "Darwin 25.2.0", "clang 17.0.0 (clang-1700.6.3.2)",          8, 2026-01-30T18:39:31, ok
gpu     ,   320,    180,      20,        20,             0,           18,            0,   0,       0,   1, 0.0247085, 0        , 0.0247085,        421.439,        1.38287  ,       421.464,       1.39571  ,             0        , 0                      ,     417.888,     0.496654 ,    6.14197,    2,           1,              8, 1.152e+06   , 1.152e+06  , 2.73349e+06 , 341686         , 21.6001 ,   2.70001 , 2026-01-30T18:08:23-fbe5dda4785f, "Apple M1", "Darwin 25.2.0", "clang 17.0.0 (clang-1700.6.3.2)",          8, 2026-01-30T18:39:35, ok
original,   320,    180,      20,        20,             0,           18,            6,   0,       0,   0, 0.0137085, 0        , 0.0137085,       9094.3  ,       14.6931   ,      9094.31 ,      14.6983   ,             0        , 0                      ,       0    ,     0        ,    5.78259,    2,           1,              1, 1.152e+06   , 8.63422e+06, 949410      , 949410         ,  1      ,   1       , 2026-01-30T18:08:23-fbe5dda4785f, "Apple M1", "Darwin 25.2.0", "clang 17.0.0 (clang-1700.6.3.2)",          8, 2026-01-30T18:39:36, ok
bvh     ,   320,    180,      20,        20,             0,           18,            6,   1,       0,   0, 0.021229 , 0.007125 , 0.028354 ,       4167.67 ,      217.159    ,      4167.7  ,     217.174    ,             0        , 0                      ,       0    ,     0        ,    5.51697,    2,           1,              1, 1.152e+06   , 8.63635e+06, 2.07222e+06 , 2.07222e+06    ,  2.18211,   2.18211 , 2026-01-30T18:08:23-fbe5dda4785f, "Apple M1", "Darwin 25.2.0", "clang 17.0.0 (clang-1700.6.3.2)",          8, 2026-01-30T18:40:03, ok
bvh-mt  ,   320,    180,      20,        20,             0,           18,            6,   1,       1,   0, 0.009396 , 0.0081455, 0.0175415,       1256.21 ,        8.98753  ,      1256.23 ,       8.99454  ,             0.055563 , 0.00209162             ,       0    ,     0        ,    5.51697,    2,           1,              6, 1.152e+06   , 8.63857e+06, 6.8767e+06  , 1.14612e+06    ,  7.23949,   1.20658 , 2026-01-30T18:08:23-fbe5dda4785f, "Apple M1", "Darwin 25.2.0", "clang 17.0.0 (clang-1700.6.3.2)",          8, 2026-01-30T18:40:16, ok
gpu     ,   320,    180,      20,        20,             0,           18,            0,   0,       0,   1, 0.0166045, 0        , 0.0166045,        421.189,        1.9548   ,       421.205,       1.94675  ,             0        , 0                      ,     417.794,     2.66397  ,    6.14197,    2,           1,              8, 1.152e+06   , 1.152e+06  , 2.73512e+06 , 341889         , 21.592  ,   2.699   , 2026-01-30T18:08:23-fbe5dda4785f, "Apple M1", "Darwin 25.2.0", "clang 17.0.0 (clang-1700.6.3.2)",          8, 2026-01-30T18:40:19, ok
original,   320,    180,      20,        20,             0,           18,            7,   0,       0,   0, 0.0285415, 0        , 0.0285415,       9080.33 ,       30.0248   ,      9080.36 ,      29.9956   ,             0        , 0                      ,       0    ,     0        ,    5.87634,    2,           1,              1, 1.152e+06   , 8.62843e+06, 950233      , 950233         ,  1      ,   1       , 2026-01-30T18:08:23-fbe5dda4785f, "Apple M1", "Darwin 25.2.0", "clang 17.0.0 (clang-1700.6.3.2)",          8, 2026-01-30T18:40:21, ok
bvh     ,   320,    180,      20,        20,             0,           18,            7,   1,       0,   0, 0.022271 , 0.0056035, 0.0278745,       4052.36 ,      169.078    ,      4052.39 ,     169.067    ,             0        , 0                      ,       0    ,     0        ,    5.51697,    2,           1,              1, 1.152e+06   , 8.62417e+06, 2.12818e+06 , 2.12818e+06    ,  2.24075,   2.24075 , 2026-01-30T18:08:23-fbe5dda4785f, "Apple M1", "Darwin 25.2.0", "clang 17.0.0 (clang-1700.6.3.2)",          8, 2026-01-30T18:40:48, ok
bvh-mt  ,   320,    180,      20,        20,             0,           18,            7,   1,       1,   0, 0.0087085, 0.0052085, 0.013917 ,       1156.27 ,        4.89536  ,      1156.28 ,       4.894    ,             0.0666665, 0.00335805             ,       0    ,     0        ,    5.51697,    2,           1,              7, 1.152e+06   , 8.62965e+06, 7.46338e+06 , 1.0662e+06     ,  7.85316,   1.12188 , 2026-01-30T18:08:23-fbe5dda4785f, "Apple M1", "Darwin 25.2.0", "clang 17.0.0 (clang-1700.6.3.2)",          8, 2026-01-30T18:40:59, ok
gpu     ,   320,    180,      20,        20,             0,           18,            0,   0,       0,   1, 0.0351665, 0        , 0.0351665,        419.675,        0.63619  ,       419.71 ,       0.634364 ,             0        , 0                      ,     415.791,     1.39129  ,    6.14197,    2,           1,              8, 1.152e+06   , 1.152e+06  , 2.74498e+06 , 343123         , 21.6366 ,   2.70457 , 2026-01-30T18:08:23-fbe5dda4785f, "Apple M1", "Darwin 25.2.0", "clang 17.0.0 (clang-1700.6.3.2)",          8, 2026-01-30T18:41:03, ok
original,   320,    180,      20,        20,             0,           18,            8,   0,       0,   0, 0.017896 , 0        , 0.017896 ,       9082.86 ,       10.6515   ,      9082.88 ,      10.6384   ,             0        , 0                      ,       0    ,     0        ,    5.78259,    2,           1,              1, 1.152e+06   , 8.62907e+06, 950038      , 950038         ,  1      ,   1       , 2026-01-30T18:08:23-fbe5dda4785f, "Apple M1", "Darwin 25.2.0", "clang 17.0.0 (clang-1700.6.3.2)",          8, 2026-01-30T18:41:04, ok
bvh     ,   320,    180,      20,        20,             0,           18,            8,   1,       0,   0, 0.0115625, 0.005229 , 0.0167915,       3987.35 ,      355.429    ,      3987.37 ,     355.435    ,             0        , 0                      ,       0    ,     0        ,    5.51697,    2,           1,              1, 1.152e+06   , 8.63455e+06, 2.16549e+06 , 2.16549e+06    ,  2.27792,   2.27792 , 2026-01-30T18:08:23-fbe5dda4785f, "Apple M1", "Darwin 25.2.0", "clang 17.0.0 (clang-1700.6.3.2)",          8, 2026-01-30T18:41:31, ok
bvh-mt  ,   320,    180,      20,        20,             0,           18,            8,   1,       1,   0, 0.0104375, 0.0055835, 0.016021 ,       1189.14 ,       15.8992   ,      1189.15 ,      15.9012   ,             0.078396 , 0.0208893              ,       0    ,     0        ,    5.51697,    2,           1,              8, 1.152e+06   , 8.64089e+06, 7.26652e+06 , 908315         ,  7.6382 ,   0.954775, 2026-01-30T18:08:23-fbe5dda4785f, "Apple M1", "Darwin 25.2.0", "clang 17.0.0 (clang-1700.6.3.2)",          8, 2026-01-30T18:41:43, ok
gpu     ,   320,    180,      20,        20,             0,           18,            0,   0,       0,   1, 0.0356455, 0        , 0.0356455,        420.408,        0.0591615,       420.443,       0.0588963,             0        , 0                      ,     416.236,     0.183936 ,    6.14197,    2,           1,              8, 1.152e+06   , 1.152e+06  , 2.7402e+06  , 342525         , 21.6049 ,   2.70061 , 2026-01-30T18:08:23-fbe5dda4785f, "Apple M1", "Darwin 25.2.0", "clang 17.0.0 (clang-1700.6.3.2)",          8, 2026-01-30T18:41:46, ok
original,   320,    180,      20,        20,           100,          118,            1,   0,       0,   0, 0.044479 , 0        , 0.044479 ,      18410    ,       49.1532   ,     18410    ,      49.1419   ,             0        , 0                      ,       0    ,     0        ,    5.51697,    2,           1,              1, 1.152e+06   , 9.10267e+06, 494442      , 494442         ,  1      ,   1       , 2026-01-30T18:08:23-fbe5dda4785f, "Apple M1", "Darwin 25.2.0", "clang 17.0.0 (clang-1700.6.3.2)",          8, 2026-01-30T18:41:48, ok
bvh     ,   320,    180,      20,        20,           100,          118,            1,   1,       0,   0, 0.0204585, 0.035729 , 0.0561875,       6715.64 ,     1032.68     ,      6715.7  ,    1032.65     ,             0        , 0                      ,       0    ,     0        ,    5.51697,    2,           1,              1, 1.152e+06   , 9.11518e+06, 1.35731e+06 , 1.35731e+06    ,  2.74136,   2.74136 , 2026-01-30T18:08:23-fbe5dda4785f, "Apple M1", "Darwin 25.2.0", "clang 17.0.0 (clang-1700.6.3.2)",          8, 2026-01-30T18:42:43, ok
bvh-mt  ,   320,    180,      20,        20,           100,          118,            1,   1,       1,   0, 0.026229 , 0.037917 , 0.064146 ,       6272.59 ,      143.01     ,      6272.65 ,     143.028    ,             0        , 0                      ,       0    ,     0        ,    5.51697,    2,           1,              1, 1.152e+06   , 9.11337e+06, 1.45289e+06 , 1.45289e+06    ,  2.93499,   2.93499 , 2026-01-30T18:08:23-fbe5dda4785f, "Apple M1", "Darwin 25.2.0", "clang 17.0.0 (clang-1700.6.3.2)",          8, 2026-01-30T18:43:03, ok
gpu     ,   320,    180,      20,        20,           100,          118,            0,   0,       0,   1, 0.052021 , 0        , 0.052021 ,        830.771,        0.515187 ,       830.823,       0.524468 ,             0        , 0                      ,     826.694,     0.4519   ,    6.14197,    2,           1,              8, 1.152e+06   , 1.152e+06  , 1.38666e+06 , 173333         , 22.1601 ,   2.77001 , 2026-01-30T18:08:23-fbe5dda4785f, "Apple M1", "Darwin 25.2.0", "clang 17.0.0 (clang-1700.6.3.2)",          8, 2026-01-30T18:43:22, ok
original,   320,    180,      20,        20,           100,          118,            2,   0,       0,   0, 0.019542 , 0        , 0.019542 ,      18440.6  ,       63.132    ,     18440.6  ,      63.1312   ,             0        , 0                      ,       0    ,     0        ,    5.51697,    2,           1,              1, 1.152e+06   , 9.13008e+06, 495107      , 495107         ,  1      ,   1       , 2026-01-30T18:08:23-fbe5dda4785f, "Apple M1", "Darwin 25.2.0", "clang 17.0.0 (clang-1700.6.3.2)",          8, 2026-01-30T18:43:24, ok
bvh     ,   320,    180,      20,        20,           100,          118,            2,   1,       0,   0, 0.027459 , 0.038271 , 0.06573  ,       6984.23 ,       13.3902   ,      6984.3  ,      13.3937   ,             0        , 0                      ,       0    ,     0        ,    5.51697,    2,           1,              1, 1.152e+06   , 9.11531e+06, 1.30513e+06 , 1.30513e+06    ,  2.64032,   2.64032 , 2026-01-30T18:08:23-fbe5dda4785f, "Apple M1", "Darwin 25.2.0", "clang 17.0.0 (clang-1700.6.3.2)",          8, 2026-01-30T18:44:20, ok
bvh-mt  ,   320,    180,      20,        20,           100,          118,            2,   1,       1,   0, 0.0167495, 0.0426665, 0.059416 ,       3071.94 ,        2.29374  ,      3072    ,       2.30611  ,             0.022375 , 0.00111864             ,       0    ,     0        ,    5.51697,    2,           1,              2, 1.152e+06   , 9.10771e+06, 2.9648e+06  , 1.4824e+06     ,  6.00292,   3.00146 , 2026-01-30T18:08:23-fbe5dda4785f, "Apple M1", "Darwin 25.2.0", "clang 17.0.0 (clang-1700.6.3.2)",          8, 2026-01-30T18:44:41, ok
gpu     ,   320,    180,      20,        20,           100,          118,            0,   0,       0,   1, 0.0463755, 0        , 0.0463755,        833.204,        4.67524  ,       833.25 ,       4.6426   ,             0        , 0                      ,     829.896,     5.09376  ,    6.14197,    2,           1,              8, 1.152e+06   , 1.152e+06  , 1.38261e+06 , 172827         , 22.1322 ,   2.76652 , 2026-01-30T18:08:23-fbe5dda4785f, "Apple M1", "Darwin 25.2.0", "clang 17.0.0 (clang-1700.6.3.2)",          8, 2026-01-30T18:44:50, ok
original,   320,    180,      20,        20,           100,          118,            3,   0,       0,   0, 0.040271 , 0        , 0.040271 ,      18374.3  ,       25.3939   ,     18374.4  ,      25.4047   ,             0        , 0                      ,       0    ,     0        ,    5.78259,    2,           1,              1, 1.152e+06   , 9.10747e+06, 495663      , 495663         ,  1      ,   1       , 2026-01-30T18:08:23-fbe5dda4785f, "Apple M1", "Darwin 25.2.0", "clang 17.0.0 (clang-1700.6.3.2)",          8, 2026-01-30T18:44:53, ok
bvh     ,   320,    180,      20,        20,           100,          118,            3,   1,       0,   0, 0.022604 , 0.0371875, 0.0597915,       6137.94 ,      933.794    ,      6138    ,     933.814    ,             0        , 0                      ,       0    ,     0        ,    5.51697,    2,           1,              1, 1.152e+06   , 9.11912e+06, 1.4857e+06  , 1.4857e+06     ,  2.99356,   2.99356 , 2026-01-30T18:08:23-fbe5dda4785f, "Apple M1", "Darwin 25.2.0", "clang 17.0.0 (clang-1700.6.3.2)",          8, 2026-01-30T18:45:48, ok
bvh-mt  ,   320,    180,      20,        20,           100,          118,            3,   1,       1,   0, 0.015625 , 0.047042 , 0.062667 ,       2688.31 ,      121.113    ,      2688.38 ,     121.125    ,             0.0293125, 0.00497874             ,       0    ,     0        ,    5.51697,    2,           1,              3, 1.152e+06   , 9.11963e+06, 3.39232e+06 , 1.13077e+06    ,  6.83488,   2.27829 , 2026-01-30T18:08:23-fbe5dda4785f, "Apple M1", "Darwin 25.2.0", "clang 17.0.0 (clang-1700.6.3.2)",          8, 2026-01-30T18:46:07, ok
gpu     ,   320,    180,      20,        20,           100,          118,            0,   0,       0,   1, 0.05125  , 0        , 0.05125  ,        831.027,        3.03858  ,       831.078,       3.05962  ,             0        , 0                      ,     827.211,     2.70574  ,    6.14197,    2,           1,              8, 1.152e+06   , 1.152e+06  , 1.38624e+06 , 173280         , 22.1104 ,   2.7638  , 2026-01-30T18:08:23-fbe5dda4785f, "Apple M1", "Darwin 25.2.0", "clang 17.0.0 (clang-1700.6.3.2)",          8, 2026-01-30T18:46:15, ok
original,   320,    180,      20,        20,           100,          118,            4,   0,       0,   0, 0.0436665, 0        , 0.0436665,      18461.1  ,       73.6296   ,     18461.2  ,      73.621    ,             0        , 0                      ,       0    ,     0        ,    5.51697,    2,           1,              1, 1.152e+06   , 9.106e+06  , 493252      , 493252         ,  1      ,   1       , 2026-01-30T18:08:23-fbe5dda4785f, "Apple M1", "Darwin 25.2.0", "clang 17.0.0 (clang-1700.6.3.2)",          8, 2026-01-30T18:46:18, ok
bvh     ,   320,    180,      20,        20,           100,          118,            4,   1,       0,   0, 0.030229 , 0.0439995, 0.0742285,       6194.92 ,       25.8702   ,      6194.99 ,      25.9084   ,             0        , 0                      ,       0    ,     0        ,    5.51697,    2,           1,              1, 1.152e+06   , 9.10602e+06, 1.46992e+06 , 1.46992e+06    ,  2.98005,   2.98005 , 2026-01-30T18:08:23-fbe5dda4785f, "Apple M1", "Darwin 25.2.0", "clang 17.0.0 (clang-1700.6.3.2)",          8, 2026-01-30T18:47:13, ok
bvh-mt  ,   320,    180,      20,        20,           100,          118,            4,   1,       1,   0, 0.0169795, 0.04225  , 0.0592295,       2046.7  ,      165.555    ,      2046.76 ,     165.551    ,             0.039437 , 0.00710077             ,       0    ,     0        ,    5.51697,    2,           1,              4, 1.152e+06   , 9.11801e+06, 4.45498e+06 , 1.11374e+06    ,  9.01995,   2.25499 , 2026-01-30T18:08:23-fbe5dda4785f, "Apple M1", "Darwin 25.2.0", "clang 17.0.0 (clang-1700.6.3.2)",          8, 2026-01-30T18:47:32, ok
gpu     ,   320,    180,      20,        20,           100,          118,            0,   0,       0,   1, 0.0585   , 0        , 0.0585   ,        831.154,        2.11525  ,       831.212,       2.1136   ,             0        , 0                      ,     827.318,     1.86172  ,    6.14197,    2,           1,              8, 1.152e+06   , 1.152e+06  , 1.38602e+06 , 173253         , 22.2115 ,   2.77643 , 2026-01-30T18:08:23-fbe5dda4785f, "Apple M1", "Darwin 25.2.0", "clang 17.0.0 (clang-1700.6.3.2)",          8, 2026-01-30T18:47:38, ok
original,   320,    180,      20,        20,           100,          118,            5,   0,       0,   0, 0.037125 , 0        , 0.037125 ,      18460    ,       63.6747   ,     18460    ,      63.6728   ,             0        , 0                      ,       0    ,     0        ,    5.51697,    2,           1,              1, 1.152e+06   , 9.10884e+06, 493437      , 493437         ,  1      ,   1       , 2026-01-30T18:08:23-fbe5dda4785f, "Apple M1", "Darwin 25.2.0", "clang 17.0.0 (clang-1700.6.3.2)",          8, 2026-01-30T18:47:41, ok
bvh     ,   320,    180,      20,        20,           100,          118,            5,   1,       0,   0, 0.015229 , 0.0483955, 0.0636245,       6903.91 ,       63.0561   ,      6903.97 ,      63.029    ,             0        , 0                      ,       0    ,     0        ,    5.51697,    2,           1,              1, 1.152e+06   , 9.11025e+06, 1.31958e+06 , 1.31958e+06    ,  2.67385,   2.67385 , 2026-01-30T18:08:23-fbe5dda4785f, "Apple M1", "Darwin 25.2.0", "clang 17.0.0 (clang-1700.6.3.2)",          8, 2026-01-30T18:48:36, ok
bvh-mt  ,   320,    180,      20,        20,           100,          118,            5,   1,       1,   0, 0.013875 , 0.038167 , 0.052042 ,       2413.59 ,      191.484    ,      2413.64 ,     191.485    ,             0.0499995, 0.011726               ,       0    ,     0        ,    5.51697,    2,           1,              5, 1.152e+06   , 9.11336e+06, 3.77585e+06 , 755170         ,  7.64835,   1.52967 , 2026-01-30T18:08:23-fbe5dda4785f, "Apple M1", "Darwin 25.2.0", "clang 17.0.0 (clang-1700.6.3.2)",          8, 2026-01-30T18:48:56, ok
gpu     ,   320,    180,      20,        20,           100,          118,            0,   0,       0,   1, 0.0504375, 0        , 0.0504375,        832.622,        1.82065  ,       832.673,       1.83636  ,             0        , 0                      ,     828.268,     1.26151  ,    6.20447,    2,           1,              8, 1.152e+06   , 1.152e+06  , 1.38358e+06 , 172948         , 22.1709 ,   2.77136 , 2026-01-30T18:08:23-fbe5dda4785f, "Apple M1", "Darwin 25.2.0", "clang 17.0.0 (clang-1700.6.3.2)",          8, 2026-01-30T18:49:03, ok
original,   320,    180,      20,        20,           100,          118,            6,   0,       0,   0, 0.0404375, 0        , 0.0404375,      18514.5  ,      174.359    ,     18514.5  ,     174.368    ,             0        , 0                      ,       0    ,     0        ,    5.53259,    2,           1,              1, 1.152e+06   , 9.12095e+06, 492638      , 492638         ,  1      ,   1       , 2026-01-30T18:08:23-fbe5dda4785f, "Apple M1", "Darwin 25.2.0", "clang 17.0.0 (clang-1700.6.3.2)",          8, 2026-01-30T18:49:05, ok
bvh     ,   320,    180,      20,        20,           100,          118,            6,   1,       0,   0, 0.032833 , 0.044875 , 0.077708 ,       6207.35 ,      499.7      ,      6207.43 ,     499.671    ,             0        , 0                      ,       0    ,     0        ,    5.53259,    2,           1,              1, 1.152e+06   , 9.11475e+06, 1.46838e+06 , 1.46838e+06    ,  2.98267,   2.98267 , 2026-01-30T18:08:23-fbe5dda4785f, "Apple M1", "Darwin 25.2.0", "clang 17.0.0 (clang-1700.6.3.2)",          8, 2026-01-30T18:50:01, ok
bvh-mt  ,   320,    180,      20,        20,           100,          118,            6,   1,       1,   0, 0.012333 , 0.040771 , 0.053104 ,       1843.05 ,       18.9595   ,      1843.1  ,      18.9656   ,             0.050729 , 0.00114834             ,       0    ,     0        ,    5.53259,    2,           1,              6, 1.152e+06   , 9.12134e+06, 4.94906e+06 , 824843         , 10.0456 ,   1.67427 , 2026-01-30T18:08:23-fbe5dda4785f, "Apple M1", "Darwin 25.2.0", "clang 17.0.0 (clang-1700.6.3.2)",          8, 2026-01-30T18:50:20, ok
gpu     ,   320,    180,      20,        20,           100,          118,            0,   0,       0,   1, 0.045021 , 0        , 0.045021 ,        837.464,        5.15681  ,       837.509,       5.13781  ,             0        , 0                      ,     834.249,     5.60096  ,    6.15759,    2,           1,              8, 1.152e+06   , 1.152e+06  , 1.37558e+06 , 171948         , 22.1078 ,   2.76348 , 2026-01-30T18:08:23-fbe5dda4785f, "Apple M1", "Darwin 25.2.0", "clang 17.0.0 (clang-1700.6.3.2)",          8, 2026-01-30T18:50:25, ok
original,   320,    180,      20,        20,           100,          118,            7,   0,       0,   0, 0.037312 , 0        , 0.037312 ,      18413.3  ,        3.98125  ,     18413.3  ,       3.97591  ,             0        , 0                      ,       0    ,     0        ,    5.53259,    2,           1,              1, 1.152e+06   , 9.10859e+06, 494676      , 494676         ,  1      ,   1       , 2026-01-30T18:08:23-fbe5dda4785f, "Apple M1", "Darwin 25.2.0", "clang 17.0.0 (clang-1700.6.3.2)",          8, 2026-01-30T18:50:28, ok
bvh     ,   320,    180,      20,        20,           100,          118,            7,   1,       0,   0, 0.0241665, 0.0427915, 0.066958 ,       6408.84 ,      619.247    ,      6408.91 ,     619.222    ,             0        , 0                      ,       0    ,     0        ,    5.53259,    2,           1,              1, 1.152e+06   , 9.12004e+06, 1.42304e+06 , 1.42304e+06    ,  2.8731 ,   2.8731  , 2026-01-30T18:08:23-fbe5dda4785f, "Apple M1", "Darwin 25.2.0", "clang 17.0.0 (clang-1700.6.3.2)",          8, 2026-01-30T18:51:23, ok
bvh-mt  ,   320,    180,      20,        20,           100,          118,            7,   1,       1,   0, 0.0177915, 0.042625 , 0.0604165,       1734.17 ,       49.8876   ,      1734.23 ,      49.8841   ,             0.0770415, 0.0195635              ,       0    ,     0        ,    5.53259,    2,           1,              7, 1.152e+06   , 9.1127e+06 , 5.2548e+06  , 750685         , 10.6179 ,   1.51685 , 2026-01-30T18:08:23-fbe5dda4785f, "Apple M1", "Darwin 25.2.0", "clang 17.0.0 (clang-1700.6.3.2)",          8, 2026-01-30T18:51:42, ok
gpu     ,   320,    180,      20,        20,           100,          118,            0,   0,       0,   1, 0.04825  , 0        , 0.04825  ,        835.329,        1.93688  ,       835.377,       1.95657  ,             0        , 0                      ,     831.555,     1.08497  ,    6.15759,    2,           1,              8, 1.152e+06   , 1.152e+06  , 1.3791e+06  , 172387         , 22.0431 ,   2.75539 , 2026-01-30T18:08:23-fbe5dda4785f, "Apple M1", "Darwin 25.2.0", "clang 17.0.0 (clang-1700.6.3.2)",          8, 2026-01-30T18:51:47, ok
original,   320,    180,      20,        20,           100,          118,            8,   0,       0,   0, 0.0374375, 0        , 0.0374375,      18447.9  ,       43.4453   ,     18447.9  ,      43.4514   ,             0        , 0                      ,       0    ,     0        ,    5.53259,    2,           1,              1, 1.152e+06   , 9.11445e+06, 494066      , 494066         ,  1      ,   1       , 2026-01-30T18:08:23-fbe5dda4785f, "Apple M1", "Darwin 25.2.0", "clang 17.0.0 (clang-1700.6.3.2)",          8, 2026-01-30T18:51:50, ok
bvh     ,   320,    180,      20,        20,           100,          118,            8,   1,       0,   0, 0.0250625, 0.045958 , 0.0710205,       6236.01 ,      493.05     ,      6236.08 ,     493.047    ,             0        , 0                      ,       0    ,     0        ,    5.53259,    2,           1,              1, 1.152e+06   , 9.10968e+06, 1.46082e+06 , 1.46082e+06    ,  2.95828,   2.95828 , 2026-01-30T18:08:23-fbe5dda4785f, "Apple M1", "Darwin 25.2.0", "clang 17.0.0 (clang-1700.6.3.2)",          8, 2026-01-30T18:52:45, ok
bvh-mt  ,   320,    180,      20,        20,           100,          118,            8,   1,       1,   0, 0.0167085, 0.0377915, 0.0545   ,       1689.47 ,      182.476    ,      1689.52 ,     182.487    ,             0.0767085, 0.00100197             ,       0    ,     0        ,    5.53259,    2,           1,              8, 1.152e+06   , 9.11601e+06, 5.39578e+06 , 674473         , 10.9193 ,   1.36492 , 2026-01-30T18:08:23-fbe5dda4785f, "Apple M1", "Darwin 25.2.0", "clang 17.0.0 (clang-1700.6.3.2)",          8, 2026-01-30T18:53:04, ok
gpu     ,   320,    180,      20,        20,           100,          118,            0,   0,       0,   1, 0.0424585, 0        , 0.0424585,        831.948,        2.69537  ,       831.991,       2.70427  ,             0        , 0                      ,     828.556,     2.31896  ,    6.15759,    2,           1,              8, 1.152e+06   , 1.152e+06  , 1.3847e+06  , 173088         , 22.1743 ,   2.77179 , 2026-01-30T18:08:23-fbe5dda4785f, "Apple M1", "Darwin 25.2.0", "clang 17.0.0 (clang-1700.6.3.2)",          8, 2026-01-30T18:53:09, ok
original,  1280,    720,      10,        10,             0,           18,            1,   0,       0,   0, 0.038479 , 0        , 0.038479 ,      53585.8  ,       64.9315   ,     53585.8  ,      64.9172   ,             0        , 0                      ,       0    ,     0        ,    8.01697,    2,           1,              1, 9.216e+06   , 5.43267e+07, 1.01383e+06 , 1.01383e+06    ,  1      ,   1       , 2026-01-30T18:08:23-fbe5dda4785f, "Apple M1", "Darwin 25.2.0", "clang 17.0.0 (clang-1700.6.3.2)",          8, 2026-01-30T18:53:11, ok
bvh     ,  1280,    720,      10,        10,             0,           18,            1,   1,       0,   0, 0.029916 , 0.008896 , 0.038812 ,      20262.3  ,     1226.06     ,     20262.3  ,    1226.05     ,             0        , 0                      ,       0    ,     0        ,    8.01697,    2,           1,              1, 9.216e+06   , 5.43191e+07, 2.6808e+06  , 2.6808e+06     ,  2.64461,   2.64461 , 2026-01-30T18:08:23-fbe5dda4785f, "Apple M1", "Darwin 25.2.0", "clang 17.0.0 (clang-1700.6.3.2)",          8, 2026-01-30T18:55:52, ok
bvh-mt  ,  1280,    720,      10,        10,             0,           18,            1,   1,       1,   0, 0.0420835, 0.010709 , 0.0527925,      22974.8  ,     3907.85     ,     22974.8  ,    3907.87     ,             0        , 0                      ,       0    ,     0        ,    8.01697,    2,           1,              1, 9.216e+06   , 5.43205e+07, 2.36435e+06 , 2.36435e+06    ,  2.33237,   2.33237 , 2026-01-30T18:08:23-fbe5dda4785f, "Apple M1", "Darwin 25.2.0", "clang 17.0.0 (clang-1700.6.3.2)",          8, 2026-01-30T18:56:54, ok
gpu     ,  1280,    720,      10,        10,             0,           18,            0,   0,       0,   1, 0.0267915, 0        , 0.0267915,       1668.16 ,        0.928608 ,      1668.19 ,       0.918708 ,             0        , 0                      ,    1664    ,     0.960251 ,    8.47009,    2,           1,              8, 9.216e+06   , 9.216e+06  , 5.52464e+06 , 690580         , 32.1226 ,   4.01533 , 2026-01-30T18:08:23-fbe5dda4785f, "Apple M1", "Darwin 25.2.0", "clang 17.0.0 (clang-1700.6.3.2)",          8, 2026-01-30T18:58:03, ok
original,  1280,    720,      10,        10,             0,           18,            2,   0,       0,   0, 0.0265625, 0        , 0.0265625,      53712.8  ,       39.3189   ,     53712.8  ,      39.3179   ,             0        , 0                      ,       0    ,     0        ,    8.01697,    2,           1,              1, 9.216e+06   , 5.43229e+07, 1.01136e+06 , 1.01136e+06    ,  1      ,   1       , 2026-01-30T18:08:23-fbe5dda4785f, "Apple M1", "Darwin 25.2.0", "clang 17.0.0 (clang-1700.6.3.2)",          8, 2026-01-30T18:58:08, ok
bvh     ,  1280,    720,      10,        10,             0,           18,            2,   1,       0,   0, 0.0312915, 0.0097915, 0.041083 ,      22246    ,      803.501    ,     22246    ,     803.516    ,             0        , 0                      ,       0    ,     0        ,    8.01697,    2,           1,              1, 9.216e+06   , 5.43226e+07, 2.44191e+06 , 2.44191e+06    ,  2.41449,   2.41449 , 2026-01-30T18:08:23-fbe5dda4785f, "Apple M1", "Darwin 25.2.0", "clang 17.0.0 (clang-1700.6.3.2)",          8, 2026-01-30T19:00:49, ok
bvh-mt  ,  1280,    720,      10,        10,             0,           18,            2,   1,       1,   0, 0.0215835, 0.0119165, 0.0335   ,      12358.8  ,      338.396    ,     12358.8  ,     338.377    ,             0.024    , 0.00553947             ,       0    ,     0        ,    8.01697,    2,           1,              2, 9.216e+06   , 5.4327e+07 , 4.39582e+06 , 2.19791e+06    ,  4.34611,   2.17306 , 2026-01-30T18:08:23-fbe5dda4785f, "Apple M1", "Darwin 25.2.0", "clang 17.0.0 (clang-1700.6.3.2)",          8, 2026-01-30T19:01:59, ok
gpu     ,  1280,    720,      10,        10,             0,           18,            0,   0,       0,   1, 0.0361875, 0        , 0.0361875,       1667.08 ,        0.634717 ,      1667.12 ,       0.638341 ,             0        , 0                      ,    1662.47 ,     0.705044 ,    8.47009,    2,           1,              8, 9.216e+06   , 9.216e+06  , 5.52822e+06 , 691028         , 32.2196 ,   4.02745 , 2026-01-30T18:08:23-fbe5dda4785f, "Apple M1", "Darwin 25.2.0", "clang 17.0.0 (clang-1700.6.3.2)",          8, 2026-01-30T19:02:35, ok
original,  1280,    720,      10,        10,             0,           18,            3,   0,       0,   0, 0.028625 , 0        , 0.028625 ,      53647.3  ,      133.797    ,     53647.3  ,     133.801    ,             0        , 0                      ,       0    ,     0        ,    8.01697,    2,           1,              1, 9.216e+06   , 5.43195e+07, 1.01253e+06 , 1.01253e+06    ,  1      ,   1       , 2026-01-30T18:08:23-fbe5dda4785f, "Apple M1", "Darwin 25.2.0", "clang 17.0.0 (clang-1700.6.3.2)",          8, 2026-01-30T19:02:40, ok
bvh     ,  1280,    720,      10,        10,             0,           18,            3,   1,       0,   0, 0.027792 , 0.0090005, 0.0367925,      21903.5  ,      985.238    ,     21903.6  ,     985.244    ,             0        , 0                      ,       0    ,     0        ,    8.01697,    2,           1,              1, 9.216e+06   , 5.4334e+07 , 2.48061e+06 , 2.48061e+06    ,  2.44926,   2.44926 , 2026-01-30T18:08:23-fbe5dda4785f, "Apple M1", "Darwin 25.2.0", "clang 17.0.0 (clang-1700.6.3.2)",          8, 2026-01-30T19:05:21, ok
bvh-mt  ,  1280,    720,      10,        10,             0,           18,            3,   1,       1,   0, 0.0191045, 0.009083 , 0.0281875,       9394.19 ,      499.471    ,      9394.22 ,     499.45     ,             0.0295625, 0.00108965             ,       0    ,     0        ,    8.01697,    2,           1,              3, 9.216e+06   , 5.43104e+07, 5.78128e+06 , 1.92709e+06    ,  5.71069,   1.90356 , 2026-01-30T18:08:23-fbe5dda4785f, "Apple M1", "Darwin 25.2.0", "clang 17.0.0 (clang-1700.6.3.2)",          8, 2026-01-30T19:06:24, ok
gpu     ,  1280,    720,      10,        10,             0,           18,            0,   0,       0,   1, 0.034333 , 0        , 0.034333 ,       1667.43 ,        0.81111  ,      1667.46 ,       0.81223  ,             0        , 0                      ,    1662.45 ,     0.848027 ,    8.47009,    2,           1,              8, 9.216e+06   , 9.216e+06  , 5.52707e+06 , 690884         , 32.1737 ,   4.02171 , 2026-01-30T18:08:23-fbe5dda4785f, "Apple M1", "Darwin 25.2.0", "clang 17.0.0 (clang-1700.6.3.2)",          8, 2026-01-30T19:06:52, ok
original,  1280,    720,      10,        10,             0,           18,            4,   0,       0,   0, 0.027167 , 0        , 0.027167 ,      53624.8  ,      152.344    ,     53624.8  ,     152.352    ,             0        , 0                      ,       0    ,     0        ,    8.01697,    2,           1,              1, 9.216e+06   , 5.43239e+07, 1.01304e+06 , 1.01304e+06    ,  1      ,   1       , 2026-01-30T18:08:23-fbe5dda4785f, "Apple M1", "Darwin 25.2.0", "clang 17.0.0 (clang-1700.6.3.2)",          8, 2026-01-30T19:06:57, ok
bvh     ,  1280,    720,      10,        10,             0,           18,            4,   1,       0,   0, 0.037813 , 0.0094165, 0.0472295,      20480.7  ,       39.6734   ,     20480.7  ,      39.6805   ,             0        , 0                      ,       0    ,     0        ,    8.01697,    2,           1,              1, 9.216e+06   , 5.4321e+07 , 2.65231e+06 , 2.65231e+06    ,  2.61831,   2.61831 , 2026-01-30T18:08:23-fbe5dda4785f, "Apple M1", "Darwin 25.2.0", "clang 17.0.0 (clang-1700.6.3.2)",          8, 2026-01-30T19:09:38, ok
bvh-mt  ,  1280,    720,      10,        10,             0,           18,            4,   1,       1,   0, 0.0118125, 0.0072715, 0.019084 ,       8569.98 ,     1136.83     ,      8569.99 ,    1136.84     ,             0.0441455, 0.00863307             ,       0    ,     0        ,    8.01697,    2,           1,              4, 9.216e+06   , 5.43349e+07, 6.34015e+06 , 1.58504e+06    ,  6.25729,   1.56432 , 2026-01-30T18:08:23-fbe5dda4785f, "Apple M1", "Darwin 25.2.0", "clang 17.0.0 (clang-1700.6.3.2)",          8, 2026-01-30T19:10:39, ok
gpu     ,  1280,    720,      10,        10,             0,           18,            0,   0,       0,   1, 0.034958 , 0        , 0.034958 ,       1669.03 ,        3.55024  ,      1669.07 ,       3.55353  ,             0        , 0                      ,    1664.6  ,     3.56128  ,    8.51697,    2,           1,              8, 9.216e+06   , 9.216e+06  , 5.52176e+06 , 690220         , 32.1293 ,   4.01616 , 2026-01-30T18:08:23-fbe5dda4785f, "Apple M1", "Darwin 25.2.0", "clang 17.0.0 (clang-1700.6.3.2)",          8, 2026-01-30T19:11:04, ok
original,  1280,    720,      10,        10,             0,           18,            5,   0,       0,   0, 0.030375 , 0        , 0.030375 ,      53513.3  ,        4.03284  ,     53513.3  ,       4.0415   ,             0        , 0                      ,       0    ,     0        ,    8.01697,    2,           1,              1, 9.216e+06   , 5.43266e+07, 1.0152e+06  , 1.0152e+06     ,  1      ,   1       , 2026-01-30T18:08:23-fbe5dda4785f, "Apple M1", "Darwin 25.2.0", "clang 17.0.0 (clang-1700.6.3.2)",          8, 2026-01-30T19:11:09, ok
bvh     ,  1280,    720,      10,        10,             0,           18,            5,   1,       0,   0, 0.0288955, 0.0082085, 0.037104 ,      22068.4  ,      812.469    ,     22068.4  ,     812.477    ,             0        , 0                      ,       0    ,     0        ,    8.01697,    2,           1,              1, 9.216e+06   , 5.43113e+07, 2.46105e+06 , 2.46105e+06    ,  2.42489,   2.42489 , 2026-01-30T18:08:23-fbe5dda4785f, "Apple M1", "Darwin 25.2.0", "clang 17.0.0 (clang-1700.6.3.2)",          8, 2026-01-30T19:13:50, ok
bvh-mt  ,  1280,    720,      10,        10,             0,           18,            5,   1,       1,   0, 0.018021 , 0.0107085, 0.0287295,       8412.59 ,      978.326    ,      8412.62 ,     978.343    ,             0.0517705, 0.00645235             ,       0    ,     0        ,    8.01697,    2,           1,              5, 9.216e+06   , 5.43168e+07, 6.45661e+06 , 1.29132e+06    ,  6.3611 ,   1.27222 , 2026-01-30T18:08:23-fbe5dda4785f, "Apple M1", "Darwin 25.2.0", "clang 17.0.0 (clang-1700.6.3.2)",          8, 2026-01-30T19:14:55, ok
gpu     ,  1280,    720,      10,        10,             0,           18,            0,   0,       0,   1, 0.035    , 0        , 0.035    ,       1665.84 ,        0.149229 ,      1665.88 ,       0.149877 ,             0        , 0                      ,    1661.3  ,     0.0178545,    8.47009,    2,           1,              8, 9.216e+06   , 9.216e+06  , 5.53234e+06 , 691543         , 32.1239 ,   4.01549 , 2026-01-30T18:08:23-fbe5dda4785f, "Apple M1", "Darwin 25.2.0", "clang 17.0.0 (clang-1700.6.3.2)",          8, 2026-01-30T19:15:21, ok
original,  1280,    720,      10,        10,             0,           18,            6,   0,       0,   0, 0.0328545, 0        , 0.0328545,      53532.7  ,       15.901    ,     53532.8  ,      15.888    ,             0        , 0                      ,       0    ,     0        ,    8.01697,    2,           1,              1, 9.216e+06   , 5.43196e+07, 1.0147e+06  , 1.0147e+06     ,  1      ,   1       , 2026-01-30T18:08:23-fbe5dda4785f, "Apple M1", "Darwin 25.2.0", "clang 17.0.0 (clang-1700.6.3.2)",          8, 2026-01-30T19:15:26, ok
bvh     ,  1280,    720,      10,        10,             0,           18,            6,   1,       0,   0, 0.0377085, 0.0109375, 0.048646 ,      21640.3  ,      648.115    ,     21640.3  ,     648.132    ,             0        , 0                      ,       0    ,     0        ,    8.01697,    2,           1,              1, 9.216e+06   , 5.43153e+07, 2.50991e+06 , 2.50991e+06    ,  2.47375,   2.47375 , 2026-01-30T18:08:23-fbe5dda4785f, "Apple M1", "Darwin 25.2.0", "clang 17.0.0 (clang-1700.6.3.2)",          8, 2026-01-30T19:18:06, ok
bvh-mt  ,  1280,    720,      10,        10,             0,           18,            6,   1,       1,   0, 0.0142285, 0.01125  , 0.0254785,       7174.52 ,      104.728    ,      7174.55 ,     104.72     ,             0.0495   , 0.00123744             ,       0    ,     0        ,    8.01697,    2,           1,              6, 9.216e+06   , 5.43339e+07, 7.57318e+06 , 1.2622e+06     ,  7.46151,   1.24358 , 2026-01-30T18:08:23-fbe5dda4785f, "Apple M1", "Darwin 25.2.0", "clang 17.0.0 (clang-1700.6.3.2)",          8, 2026-01-30T19:19:12, ok
gpu     ,  1280,    720,      10,        10,             0,           18,            0,   0,       0,   1, 0.02775  , 0        , 0.02775  ,       1667.38 ,        1.37568  ,      1667.41 ,       1.36224  ,             0        , 0                      ,    1663.33 ,     2.19686  ,    8.47009,    2,           1,              8, 9.216e+06   , 9.216e+06  , 5.52723e+06 , 690903         , 32.1059 ,   4.01323 , 2026-01-30T18:08:23-fbe5dda4785f, "Apple M1", "Darwin 25.2.0", "clang 17.0.0 (clang-1700.6.3.2)",          8, 2026-01-30T19:19:33, ok
original,  1280,    720,      10,        10,             0,           18,            7,   0,       0,   0, 0.0288755, 0        , 0.0288755,      53553.7  ,        0.905804 ,     53553.7  ,       0.904508 ,             0        , 0                      ,       0    ,     0        ,    8.01697,    2,           1,              1, 9.216e+06   , 5.43312e+07, 1.01452e+06 , 1.01452e+06    ,  1      ,   1       , 2026-01-30T18:08:23-fbe5dda4785f, "Apple M1", "Darwin 25.2.0", "clang 17.0.0 (clang-1700.6.3.2)",          8, 2026-01-30T19:19:38, ok
bvh     ,  1280,    720,      10,        10,             0,           18,            7,   1,       0,   0, 0.02475  , 0.008604 , 0.033354 ,      21431.3  ,     1144.88     ,     21431.3  ,    1144.87     ,             0        , 0                      ,       0    ,     0        ,    8.01697,    2,           1,              1, 9.216e+06   , 5.43204e+07, 2.53463e+06 , 2.53463e+06    ,  2.49886,   2.49886 , 2026-01-30T18:08:23-fbe5dda4785f, "Apple M1", "Darwin 25.2.0", "clang 17.0.0 (clang-1700.6.3.2)",          8, 2026-01-30T19:22:19, ok
bvh-mt  ,  1280,    720,      10,        10,             0,           18,            7,   1,       1,   0, 0.015625 , 0.0092915, 0.0249165,       7268.91 ,      707.318    ,      7268.93 ,     707.334    ,             0.0682085, 0.00259296             ,       0    ,     0        ,    8.01697,    2,           1,              7, 9.216e+06   , 5.43284e+07, 7.47408e+06 , 1.06773e+06    ,  7.3675 ,   1.0525  , 2026-01-30T18:08:23-fbe5dda4785f, "Apple M1", "Darwin 25.2.0", "clang 17.0.0 (clang-1700.6.3.2)",          8, 2026-01-30T19:23:26, ok
gpu     ,  1280,    720,      10,        10,             0,           18,            0,   0,       0,   1, 0.0353335, 0        , 0.0353335,       1668.7  ,        1.46716  ,      1668.74 ,       1.46957  ,             0        , 0                      ,    1663.71 ,     1.87095  ,    8.47009,    2,           1,              8, 9.216e+06   , 9.216e+06  , 5.52285e+06 , 690356         , 32.093  ,   4.01162 , 2026-01-30T18:08:23-fbe5dda4785f, "Apple M1", "Darwin 25.2.0", "clang 17.0.0 (clang-1700.6.3.2)",          8, 2026-01-30T19:23:47, ok
original,  1280,    720,      10,        10,             0,           18,            8,   0,       0,   0, 0.0300625, 0        , 0.0300625,      53632.5  ,        5.1825   ,     53632.5  ,       5.18065  ,             0        , 0                      ,       0    ,     0        ,    8.01697,    2,           1,              1, 9.216e+06   , 5.43331e+07, 1.01306e+06 , 1.01306e+06    ,  1      ,   1       , 2026-01-30T18:08:23-fbe5dda4785f, "Apple M1", "Darwin 25.2.0", "clang 17.0.0 (clang-1700.6.3.2)",          8, 2026-01-30T19:23:52, ok
bvh     ,  1280,    720,      10,        10,             0,           18,            8,   1,       0,   0, 0.031    , 0.0121665, 0.0431665,      20387    ,     1603.86     ,     20387    ,    1603.86     ,             0        , 0                      ,       0    ,     0        ,    8.01697,    2,           1,              1, 9.216e+06   , 5.43254e+07, 2.66471e+06 , 2.66471e+06    ,  2.63073,   2.63073 , 2026-01-30T18:08:23-fbe5dda4785f, "Apple M1", "Darwin 25.2.0", "clang 17.0.0 (clang-1700.6.3.2)",          8, 2026-01-30T19:26:33, ok
bvh-mt  ,  1280,    720,      10,        10,             0,           18,            8,   1,       1,   0, 0.019917 , 0.0148955, 0.0348125,       6696.12 ,      443.872    ,      6696.15 ,     443.89     ,             0.068791 , 0.00636396             ,       0    ,     0        ,    8.01697,    2,           1,              8, 9.216e+06   , 5.43207e+07, 8.11228e+06 , 1.01403e+06    ,  8.0095 ,   1.00119 , 2026-01-30T18:08:23-fbe5dda4785f, "Apple M1", "Darwin 25.2.0", "clang 17.0.0 (clang-1700.6.3.2)",          8, 2026-01-30T19:27:34, ok
gpu     ,  1280,    720,      10,        10,             0,           18,            0,   0,       0,   1, 0.056479 , 0        , 0.056479 ,       1667.31 ,        1.42998  ,      1667.37 ,       1.463    ,             0        , 0                      ,    1662.64 ,     0.868975 ,    8.47009,    2,           1,              8, 9.216e+06   , 9.216e+06  , 5.52745e+06 , 690931         , 32.167  ,   4.02087 , 2026-01-30T18:08:23-fbe5dda4785f, "Apple M1", "Darwin 25.2.0", "clang 17.0.0 (clang-1700.6.3.2)",          8, 2026-01-30T19:27:54, ok
original,  1280,    720,      10,        10,           100,          118,            1,   0,       0,   0, 0.380083 , 0        , 0.380083 ,     107782    ,     1108.7      ,    107782    ,    1109.17     ,             0        , 0                      ,       0    ,     0        ,    8.01697,    2,           1,              1, 9.216e+06   , 5.54613e+07, 514571      , 514571         ,  1      ,   1       , 2026-01-30T18:08:23-fbe5dda4785f, "Apple M1", "Darwin 25.2.0", "clang 17.0.0 (clang-1700.6.3.2)",          8, 2026-01-30T19:27:59, ok
bvh     ,  1280,    720,      10,        10,           100,          118,            1,   1,       0,   0, 0.041541 , 0.042917 , 0.084458 ,      31855    ,      159.547    ,     31855.1  ,     159.539    ,             0        , 0                      ,       0    ,     0        ,    8.01697,    2,           1,              1, 9.216e+06   , 5.54635e+07, 1.74112e+06 , 1.74112e+06    ,  3.38351,   3.38351 , 2026-01-30T18:08:23-fbe5dda4785f, "Apple M1", "Darwin 25.2.0", "clang 17.0.0 (clang-1700.6.3.2)",          8, 2026-01-30T19:33:22, ok
bvh-mt  ,  1280,    720,      10,        10,           100,          118,            1,   1,       1,   0, 0.192916 , 0.044208 , 0.237124 ,      37781.4  ,      468.688    ,     37781.6  ,     468.451    ,             0        , 0                      ,       0    ,     0        ,    8.01697,    2,           1,              1, 9.216e+06   , 5.54589e+07, 1.46789e+06 , 1.46789e+06    ,  2.85278,   2.85278 , 2026-01-30T18:08:23-fbe5dda4785f, "Apple M1", "Darwin 25.2.0", "clang 17.0.0 (clang-1700.6.3.2)",          8, 2026-01-30T19:35:03, ok
gpu     ,  1280,    720,      10,        10,           100,          118,            0,   0,       0,   1, 0.0530415, 0        , 0.0530415,       3282.5  ,        0.0309656,      3282.56 ,       0.0228346,             0        , 0                      ,    3277.69 ,     0.195191 ,    8.47009,    2,           1,              8, 9.216e+06   , 9.216e+06  , 2.80761e+06 , 350952         , 32.8352 ,   4.1044  , 2026-01-30T18:08:23-fbe5dda4785f, "Apple M1", "Darwin 25.2.0", "clang 17.0.0 (clang-1700.6.3.2)",          8, 2026-01-30T19:36:47, ok
original,  1280,    720,      10,        10,           100,          118,            2,   0,       0,   0, 0.0491465, 0        , 0.0491465,     106483    ,       11.8904   ,    106483    ,      11.8947   ,             0        , 0                      ,       0    ,     0        ,    8.01697,    2,           1,              1, 9.216e+06   , 5.54579e+07, 520817      , 520817         ,  1      ,   1       , 2026-01-30T18:08:23-fbe5dda4785f, "Apple M1", "Darwin 25.2.0", "clang 17.0.0 (clang-1700.6.3.2)",          8, 2026-01-30T19:36:57, ok
bvh     ,  1280,    720,      10,        10,           100,          118,            2,   1,       0,   0, 0.043063 , 0.0419165, 0.0849795,      37866.4  ,      386.818    ,     37866.4  ,     386.842    ,             0        , 0                      ,       0    ,     0        ,    8.01697,    2,           1,              1, 9.216e+06   , 5.54633e+07, 1.46471e+06 , 1.46471e+06    ,  2.81206,   2.81206 , 2026-01-30T18:08:23-fbe5dda4785f, "Apple M1", "Darwin 25.2.0", "clang 17.0.0 (clang-1700.6.3.2)",          8, 2026-01-30T19:42:17, ok
bvh-mt  ,  1280,    720,      10,        10,           100,          118,            2,   1,       1,   0, 0.0237705, 0.0509165, 0.074687 ,      17383.9  ,      919.333    ,     17384    ,     919.31     ,             0.0202915, 0.0015917              ,       0    ,     0        ,    8.01697,    2,           1,              2, 9.216e+06   , 5.54733e+07, 3.19107e+06 , 1.59554e+06    ,  6.12535,   3.06268 , 2026-01-30T18:08:23-fbe5dda4785f, "Apple M1", "Darwin 25.2.0", "clang 17.0.0 (clang-1700.6.3.2)",          8, 2026-01-30T19:44:13, ok
gpu     ,  1280,    720,      10,        10,           100,          118,            0,   0,       0,   1, 0.0369375, 0        , 0.0369375,       3280.86 ,        3.57681  ,      3280.9  ,       3.56417  ,             0        , 0                      ,    3277.69 ,     4.18159  ,    8.51697,    2,           1,              8, 9.216e+06   , 9.216e+06  , 2.80902e+06 , 351127         , 32.4557 ,   4.05696 , 2026-01-30T18:08:23-fbe5dda4785f, "Apple M1", "Darwin 25.2.0", "clang 17.0.0 (clang-1700.6.3.2)",          8, 2026-01-30T19:45:04, ok
original,  1280,    720,      10,        10,           100,          118,            3,   0,       0,   0, 0.039896 , 0        , 0.039896 ,     106615    ,      113.709    ,    106615    ,     113.722    ,             0        , 0                      ,       0    ,     0        ,    8.01697,    2,           1,              1, 9.216e+06   , 5.54533e+07, 520129      , 520129         ,  1      ,   1       , 2026-01-30T18:08:23-fbe5dda4785f, "Apple M1", "Darwin 25.2.0", "clang 17.0.0 (clang-1700.6.3.2)",          8, 2026-01-30T19:45:14, ok
bvh     ,  1280,    720,      10,        10,           100,          118,            3,   1,       0,   0, 0.045125 , 0.0420415, 0.0871665,      35575.3  ,     1436.2      ,     35575.4  ,    1436.21     ,             0        , 0                      ,       0    ,     0        ,    8.01697,    2,           1,              1, 9.216e+06   , 5.54567e+07, 1.55885e+06 , 1.55885e+06    ,  2.99687,   2.99687 , 2026-01-30T18:08:23-fbe5dda4785f, "Apple M1", "Darwin 25.2.0", "clang 17.0.0 (clang-1700.6.3.2)",          8, 2026-01-30T19:50:34, ok
bvh-mt  ,  1280,    720,      10,        10,           100,          118,            3,   1,       1,   0, 0.0390835, 0.0460625, 0.085146 ,      17524.8  ,     1071.58     ,     17524.9  ,    1071.58     ,             0.029708 , 0.00477297             ,       0    ,     0        ,    8.01697,    2,           1,              3, 9.216e+06   , 5.54544e+07, 3.16435e+06 , 1.05478e+06    ,  6.08365,   2.02788 , 2026-01-30T18:08:23-fbe5dda4785f, "Apple M1", "Darwin 25.2.0", "clang 17.0.0 (clang-1700.6.3.2)",          8, 2026-01-30T19:52:19, ok
gpu     ,  1280,    720,      10,        10,           100,          118,            0,   0,       0,   1, 0.042021 , 0        , 0.042021 ,       3286.59 ,        1.82257  ,      3286.64 ,       1.84346  ,             0        , 0                      ,    3282.82 ,     1.61079  ,    8.47009,    2,           1,              8, 9.216e+06   , 9.216e+06  , 2.80412e+06 , 350515         , 32.4392 ,   4.0549  , 2026-01-30T18:08:23-fbe5dda4785f, "Apple M1", "Darwin 25.2.0", "clang 17.0.0 (clang-1700.6.3.2)",          8, 2026-01-30T19:53:08, ok
original,  1280,    720,      10,        10,           100,          118,            4,   0,       0,   0, 0.0334165, 0        , 0.0334165,     106659    ,      109.996    ,    106659    ,     109.991    ,             0        , 0                      ,       0    ,     0        ,    8.01697,    2,           1,              1, 9.216e+06   , 5.54774e+07, 520137      , 520137         ,  1      ,   1       , 2026-01-30T18:08:23-fbe5dda4785f, "Apple M1", "Darwin 25.2.0", "clang 17.0.0 (clang-1700.6.3.2)",          8, 2026-01-30T19:53:18, ok
bvh     ,  1280,    720,      10,        10,           100,          118,            4,   1,       0,   0, 0.044187 , 0.0446875, 0.0888745,      37370    ,     1356.84     ,     37370.1  ,    1356.85     ,             0        , 0                      ,       0    ,     0        ,    8.01697,    2,           1,              1, 9.216e+06   , 5.54672e+07, 1.48427e+06 , 1.48427e+06    ,  2.85414,   2.85414 , 2026-01-30T18:08:23-fbe5dda4785f, "Apple M1", "Darwin 25.2.0", "clang 17.0.0 (clang-1700.6.3.2)",          8, 2026-01-30T19:58:39, ok
bvh-mt  ,  1280,    720,      10,        10,           100,          118,            4,   1,       1,   0, 0.0340415, 0.0445205, 0.078562 ,      12594.8  ,     1003.79     ,     12594.9  ,    1003.8      ,             0.0361665, 0.00164968             ,       0    ,     0        ,    8.01697,    2,           1,              4, 9.216e+06   , 5.54566e+07, 4.40314e+06 , 1.10078e+06    ,  8.4685 ,   2.11713 , 2026-01-30T18:08:23-fbe5dda4785f, "Apple M1", "Darwin 25.2.0", "clang 17.0.0 (clang-1700.6.3.2)",          8, 2026-01-30T20:00:26, ok
gpu     ,  1280,    720,      10,        10,           100,          118,            0,   0,       0,   1, 0.0672705, 0        , 0.0672705,       3333.16 ,       58.5554   ,      3333.23 ,      58.5651   ,             0        , 0                      ,    3327.38 ,    58.4285   ,    8.47009,    2,           1,              8, 9.216e+06   , 9.216e+06  , 2.76494e+06 , 345618         , 31.9994 ,   3.99992 , 2026-01-30T18:08:23-fbe5dda4785f, "Apple M1", "Darwin 25.2.0", "clang 17.0.0 (clang-1700.6.3.2)",          8, 2026-01-30T20:01:04, ok
original,  1280,    720,      10,        10,           100,          118,            5,   0,       0,   0, 0.055958 , 0        , 0.055958 ,     106707    ,       27.9092   ,    106707    ,      27.9068   ,             0        , 0                      ,       0    ,     0        ,    8.01697,    2,           1,              1, 9.216e+06   , 5.54657e+07, 519794      , 519794         ,  1      ,   1       , 2026-01-30T18:08:23-fbe5dda4785f, "Apple M1", "Darwin 25.2.0", "clang 17.0.0 (clang-1700.6.3.2)",          8, 2026-01-30T20:01:14, ok
bvh     ,  1280,    720,      10,        10,           100,          118,            5,   1,       0,   0, 0.0452915, 0.0429375, 0.088229 ,      33953.1  ,     5705.49     ,     33953.2  ,    5705.5      ,             0        , 0                      ,       0    ,     0        ,    8.01697,    2,           1,              1, 9.216e+06   , 5.54535e+07, 1.63324e+06 , 1.63324e+06    ,  3.14278,   3.14278 , 2026-01-30T18:08:23-fbe5dda4785f, "Apple M1", "Darwin 25.2.0", "clang 17.0.0 (clang-1700.6.3.2)",          8, 2026-01-30T20:06:36, ok
bvh-mt  ,  1280,    720,      10,        10,           100,          118,            5,   1,       1,   0, 0.0172915, 0.045    , 0.0622915,      12896.6  ,      354.696    ,     12896.6  ,     354.699    ,             0.04825  , 0.00866206             ,       0    ,     0        ,    8.01697,    2,           1,              5, 9.216e+06   , 5.54687e+07, 4.30105e+06 , 860210         ,  8.27407,   1.65481 , 2026-01-30T18:08:23-fbe5dda4785f, "Apple M1", "Darwin 25.2.0", "clang 17.0.0 (clang-1700.6.3.2)",          8, 2026-01-30T20:08:20, ok
gpu     ,  1280,    720,      10,        10,           100,          118,            0,   0,       0,   1, 0.0627295, 0        , 0.0627295,       3290.23 ,        3.76861  ,      3290.29 ,       3.77389  ,             0        , 0                      ,    3285.42 ,     3.40065  ,    8.51697,    2,           1,              8, 9.216e+06   , 9.216e+06  , 2.80102e+06 , 350127         , 32.4315 ,   4.05393 , 2026-01-30T18:08:23-fbe5dda4785f, "Apple M1", "Darwin 25.2.0", "clang 17.0.0 (clang-1700.6.3.2)",          8, 2026-01-30T20:08:55, ok
original,  1280,    720,      10,        10,           100,          118,            6,   0,       0,   0, 0.042125 , 0        , 0.042125 ,     106608    ,       40.8778   ,    106608    ,      40.8916   ,             0        , 0                      ,       0    ,     0        ,    8.00134,    2,           1,              1, 9.216e+06   , 5.54744e+07, 520358      , 520358         ,  1      ,   1       , 2026-01-30T18:08:23-fbe5dda4785f, "Apple M1", "Darwin 25.2.0", "clang 17.0.0 (clang-1700.6.3.2)",          8, 2026-01-30T20:09:05, ok
bvh     ,  1280,    720,      10,        10,           100,          118,            6,   1,       0,   0, 0.043646 , 0.0414995, 0.0851455,      35602.6  ,     1509.69     ,     35602.7  ,    1509.69     ,             0        , 0                      ,       0    ,     0        ,    8.00134,    2,           1,              1, 9.216e+06   , 5.546e+07  , 1.55775e+06 , 1.55775e+06    ,  2.99439,   2.99439 , 2026-01-30T18:08:23-fbe5dda4785f, "Apple M1", "Darwin 25.2.0", "clang 17.0.0 (clang-1700.6.3.2)",          8, 2026-01-30T20:14:26, ok
bvh-mt  ,  1280,    720,      10,        10,           100,          118,            6,   1,       1,   0, 0.0223545, 0.052125 , 0.0744795,      10287.2  ,      803.467    ,     10287.3  ,     803.487    ,             0.061958 , 0.00206192             ,       0    ,     0        ,    8.00134,    2,           1,              6, 9.216e+06   , 5.54519e+07, 5.39038e+06 , 898396         , 10.3632 ,   1.7272  , 2026-01-30T18:08:23-fbe5dda4785f, "Apple M1", "Darwin 25.2.0", "clang 17.0.0 (clang-1700.6.3.2)",          8, 2026-01-30T20:16:11, ok
gpu     ,  1280,    720,      10,        10,           100,          118,            0,   0,       0,   1, 0.06925  , 0        , 0.06925  ,       3286.49 ,        2.51592  ,      3286.56 ,       2.53147  ,             0        , 0                      ,    3281.75 ,     2.50024  ,    8.45447,    2,           1,              8, 9.216e+06   , 9.216e+06  , 2.80421e+06 , 350526         , 32.4383 ,   4.05478 , 2026-01-30T18:08:23-fbe5dda4785f, "Apple M1", "Darwin 25.2.0", "clang 17.0.0 (clang-1700.6.3.2)",          8, 2026-01-30T20:16:41, ok
original,  1280,    720,      10,        10,           100,          118,            7,   0,       0,   0, 0.0529375, 0        , 0.0529375,     106802    ,      240.325    ,    106802    ,     240.316    ,             0        , 0                      ,       0    ,     0        ,    8.00134,    2,           1,              1, 9.216e+06   , 5.54624e+07, 519302      , 519302         ,  1      ,   1       , 2026-01-30T18:08:23-fbe5dda4785f, "Apple M1", "Darwin 25.2.0", "clang 17.0.0 (clang-1700.6.3.2)",          8, 2026-01-30T20:16:51, ok
bvh     ,  1280,    720,      10,        10,           100,          118,            7,   1,       0,   0, 0.035333 , 0.0438955, 0.0792285,      32305.4  ,     3138.08     ,     32305.5  ,    3138.08     ,             0        , 0                      ,       0    ,     0        ,    8.00134,    2,           1,              1, 9.216e+06   , 5.54597e+07, 1.71673e+06 , 1.71673e+06    ,  3.30601,   3.30601 , 2026-01-30T18:08:23-fbe5dda4785f, "Apple M1", "Darwin 25.2.0", "clang 17.0.0 (clang-1700.6.3.2)",          8, 2026-01-30T20:22:12, ok
bvh-mt  ,  1280,    720,      10,        10,           100,          118,            7,   1,       1,   0, 0.040271 , 0.049875 , 0.090146 ,      11569.7  ,      873.197    ,     11569.8  ,     873.207    ,             0.071    , 0.00259225             ,       0    ,     0        ,    8.00134,    2,           1,              7, 9.216e+06   , 5.54515e+07, 4.79284e+06 , 684691         ,  9.23121,   1.31874 , 2026-01-30T18:08:23-fbe5dda4785f, "Apple M1", "Darwin 25.2.0", "clang 17.0.0 (clang-1700.6.3.2)",          8, 2026-01-30T20:23:53, ok
gpu     ,  1280,    720,      10,        10,           100,          118,            0,   0,       0,   1, 0.064    , 0        , 0.064    ,       3292.9  ,        1.50844  ,      3292.96 ,       1.5356   ,             0        , 0                      ,    3288.16 ,     2.96782  ,    8.51697,    2,           1,              8, 9.216e+06   , 9.216e+06  , 2.79875e+06 , 349844         , 32.4341 ,   4.05426 , 2026-01-30T18:08:23-fbe5dda4785f, "Apple M1", "Darwin 25.2.0", "clang 17.0.0 (clang-1700.6.3.2)",          8, 2026-01-30T20:24:28, ok
original,  1280,    720,      10,        10,           100,          118,            8,   0,       0,   0, 0.053542 , 0        , 0.053542 ,     106751    ,       50.5314   ,    106752    ,      50.5242   ,             0        , 0                      ,       0    ,     0        ,    8.00134,    2,           1,              1, 9.216e+06   , 5.54801e+07, 519712      , 519712         ,  1      ,   1       , 2026-01-30T18:08:23-fbe5dda4785f, "Apple M1", "Darwin 25.2.0", "clang 17.0.0 (clang-1700.6.3.2)",          8, 2026-01-30T20:24:38, ok
bvh     ,  1280,    720,      10,        10,           100,          118,            8,   1,       0,   0, 0.032646 , 0.038771 , 0.071417 ,      35747.2  ,      815.871    ,     35747.2  ,     815.87     ,             0        , 0                      ,       0    ,     0        ,    8.00134,    2,           1,              1, 9.216e+06   , 5.54684e+07, 1.55169e+06 , 1.55169e+06    ,  2.98629,   2.98629 , 2026-01-30T18:08:23-fbe5dda4785f, "Apple M1", "Darwin 25.2.0", "clang 17.0.0 (clang-1700.6.3.2)",          8, 2026-01-30T20:29:59, ok
bvh-mt  ,  1280,    720,      10,        10,           100,          118,            8,   1,       1,   0, 0.022875 , 0.0443335, 0.0672085,      11271.3  ,       77.1659   ,     11271.4  ,      77.1753   ,             0.0824375, 0.00397748             ,       0    ,     0        ,    8.00134,    2,           1,              8, 9.216e+06   , 5.54569e+07, 4.92019e+06 , 615024         ,  9.47109,   1.18389 , 2026-01-30T18:08:23-fbe5dda4785f, "Apple M1", "Darwin 25.2.0", "clang 17.0.0 (clang-1700.6.3.2)",          8, 2026-01-30T20:31:47, ok
gpu     ,  1280,    720,      10,        10,           100,          118,            0,   0,       0,   1, 0.064729 , 0        , 0.064729 ,       3286.25 ,        5.26061  ,      3286.31 ,       5.26011  ,             0        , 0                      ,    3282.16 ,     5.0014   ,    8.51697,    2,           1,              8, 9.216e+06   , 9.216e+06  , 2.80442e+06 , 350552         , 32.4843 ,   4.06054 , 2026-01-30T18:08:23-fbe5dda4785f, "Apple M1", "Darwin 25.2.0", "clang 17.0.0 (clang-1700.6.3.2)",          8, 2026-01-30T20:32:19, ok
original,  1280,    720,      10,        20,             0,           18,            1,   0,       0,   0, 0.036479 , 0        , 0.036479 ,      72903.5  ,       74.171    ,     72903.6  ,      74.1848   ,             0        , 0                      ,       0    ,     0        ,    7.97009,    2,           1,              1, 9.216e+06   , 6.9158e+07 , 948623      , 948623         ,  1      ,   1       , 2026-01-30T18:08:23-fbe5dda4785f, "Apple M1", "Darwin 25.2.0", "clang 17.0.0 (clang-1700.6.3.2)",          8, 2026-01-30T20:32:29, ok
bvh     ,  1280,    720,      10,        20,             0,           18,            1,   1,       0,   0, 0.0322505, 0.009334 , 0.0415845,      29710.9  ,      432.827    ,     29711    ,     432.812    ,             0        , 0                      ,       0    ,     0        ,    7.97009,    2,           1,              1, 9.216e+06   , 6.91695e+07, 2.32808e+06 , 2.32808e+06    ,  2.45376,   2.45376 , 2026-01-30T18:08:23-fbe5dda4785f, "Apple M1", "Darwin 25.2.0", "clang 17.0.0 (clang-1700.6.3.2)",          8, 2026-01-30T20:36:09, ok
bvh-mt  ,  1280,    720,      10,        20,             0,           18,            1,   1,       1,   0, 0.02975  , 0.0096875, 0.0394375,      26953.5  ,      764.977    ,     26953.6  ,     764.973    ,             0        , 0                      ,       0    ,     0        ,    7.97009,    2,           1,              1, 9.216e+06   , 6.91887e+07, 2.56696e+06 , 2.56696e+06    ,  2.70479,   2.70479 , 2026-01-30T18:08:23-fbe5dda4785f, "Apple M1", "Darwin 25.2.0", "clang 17.0.0 (clang-1700.6.3.2)",          8, 2026-01-30T20:37:38, ok
gpu     ,  1280,    720,      10,        20,             0,           18,            0,   0,       0,   1, 0.026146 , 0        , 0.026146 ,       3252.9  ,        5.26132  ,      3252.93 ,       5.27207  ,             0        , 0                      ,    3248.64 ,     4.38636  ,    8.45447,    2,           1,              8, 9.216e+06   , 9.216e+06  , 2.83316e+06 , 354145         , 22.4118 ,   2.80148 , 2026-01-30T18:08:23-fbe5dda4785f, "Apple M1", "Darwin 25.2.0", "clang 17.0.0 (clang-1700.6.3.2)",          8, 2026-01-30T20:39:03, ok
original,  1280,    720,      10,        20,             0,           18,            2,   0,       0,   0, 0.031    , 0        , 0.031    ,      72767.1  ,       15.8316   ,     72767.1  ,      15.8327   ,             0        , 0                      ,       0    ,     0        ,    8.00134,    2,           1,              1, 9.216e+06   , 6.91625e+07, 950464      , 950464         ,  1      ,   1       , 2026-01-30T18:08:23-fbe5dda4785f, "Apple M1", "Darwin 25.2.0", "clang 17.0.0 (clang-1700.6.3.2)",          8, 2026-01-30T20:39:13, ok
bvh     ,  1280,    720,      10,        20,             0,           18,            2,   1,       0,   0, 0.039729 , 0.0099165, 0.0496455,      27830.2  ,      176.823    ,     27830.2  ,     176.833    ,             0        , 0                      ,       0    ,     0        ,    8.00134,    2,           1,              1, 9.216e+06   , 6.9172e+07 , 2.4855e+06  , 2.4855e+06     ,  2.61468,   2.61468 , 2026-01-30T18:08:23-fbe5dda4785f, "Apple M1", "Darwin 25.2.0", "clang 17.0.0 (clang-1700.6.3.2)",          8, 2026-01-30T20:42:51, ok
bvh-mt  ,  1280,    720,      10,        20,             0,           18,            2,   1,       1,   0, 0.023396 , 0.0106665, 0.0340625,      16355.7  ,     1811.68     ,     16355.7  ,    1811.66     ,             0.0267085, 0.00512582             ,       0    ,     0        ,    8.00134,    2,           1,              2, 9.216e+06   , 6.9165e+07 , 4.22881e+06 , 2.1144e+06     ,  4.44905,   2.22452 , 2026-01-30T18:08:23-fbe5dda4785f, "Apple M1", "Darwin 25.2.0", "clang 17.0.0 (clang-1700.6.3.2)",          8, 2026-01-30T20:44:16, ok
gpu     ,  1280,    720,      10,        20,             0,           18,            0,   0,       0,   1, 0.023541 , 0        , 0.023541 ,       3251.48 ,        0.866412 ,      3251.5  ,       0.890277 ,             0        , 0                      ,    3248.4  ,     0.020624 ,    8.45447,    2,           1,              8, 9.216e+06   , 9.216e+06  , 2.8344e+06  , 354300         , 22.3797 ,   2.79746 , 2026-01-30T18:08:23-fbe5dda4785f, "Apple M1", "Darwin 25.2.0", "clang 17.0.0 (clang-1700.6.3.2)",          8, 2026-01-30T20:45:04, ok
original,  1280,    720,      10,        20,             0,           18,            3,   0,       0,   0, 0.0338545, 0        , 0.0338545,      72808.5  ,       11.9921   ,     72808.5  ,      11.9817   ,             0        , 0                      ,       0    ,     0        ,    8.00134,    2,           1,              1, 9.216e+06   , 6.91735e+07, 950075      , 950075         ,  1      ,   1       , 2026-01-30T18:08:23-fbe5dda4785f, "Apple M1", "Darwin 25.2.0", "clang 17.0.0 (clang-1700.6.3.2)",          8, 2026-01-30T20:45:14, ok
bvh     ,  1280,    720,      10,        20,             0,           18,            3,   1,       0,   0, 0.0307085, 0.009271 , 0.0399795,      28238.4  ,      946.88     ,     28238.4  ,     946.887    ,             0        , 0                      ,       0    ,     0        ,    8.00134,    2,           1,              1, 9.216e+06   , 6.91636e+07, 2.44928e+06 , 2.44928e+06    ,  2.57835,   2.57835 , 2026-01-30T18:08:23-fbe5dda4785f, "Apple M1", "Darwin 25.2.0", "clang 17.0.0 (clang-1700.6.3.2)",          8, 2026-01-30T20:48:53, ok
bvh-mt  ,  1280,    720,      10,        20,             0,           18,            3,   1,       1,   0, 0.025896 , 0.013375 , 0.039271 ,      12547.3  ,      350.628    ,     12547.3  ,     350.631    ,             0.0311875, 0.00285742             ,       0    ,     0        ,    8.00134,    2,           1,              3, 9.216e+06   , 6.91675e+07, 5.51256e+06 , 1.83752e+06    ,  5.80274,   1.93425 , 2026-01-30T18:08:23-fbe5dda4785f, "Apple M1", "Darwin 25.2.0", "clang 17.0.0 (clang-1700.6.3.2)",          8, 2026-01-30T20:50:20, ok
gpu     ,  1280,    720,      10,        20,             0,           18,            0,   0,       0,   1, 0.030854 , 0        , 0.030854 ,       3251.51 ,        1.75648  ,      3251.54 ,       1.76358  ,             0        , 0                      ,    3246.93 ,     1.91352  ,    8.45447,    2,           1,              8, 9.216e+06   , 9.216e+06  , 2.83437e+06 , 354297         , 22.3922 ,   2.79902 , 2026-01-30T18:08:23-fbe5dda4785f, "Apple M1", "Darwin 25.2.0", "clang 17.0.0 (clang-1700.6.3.2)",          8, 2026-01-30T20:50:57, ok
original,  1280,    720,      10,        20,             0,           18,            4,   0,       0,   0, 0.0377915, 0        , 0.0377915,      72900.1  ,       67.7695   ,     72900.2  ,      67.7809   ,             0        , 0                      ,       0    ,     0        ,    8.00134,    2,           1,              1, 9.216e+06   , 6.91572e+07, 948657      , 948657         ,  1      ,   1       , 2026-01-30T18:08:23-fbe5dda4785f, "Apple M1", "Darwin 25.2.0", "clang 17.0.0 (clang-1700.6.3.2)",          8, 2026-01-30T20:51:07, ok
bvh     ,  1280,    720,      10,        20,             0,           18,            4,   1,       0,   0, 0.0276875, 0.0083335, 0.036021 ,      33498.3  ,      533.957    ,     33498.3  ,     533.949    ,             0        , 0                      ,       0    ,     0        ,    8.00134,    2,           1,              1, 9.216e+06   , 6.91704e+07, 2.06489e+06 , 2.06489e+06    ,  2.17623,   2.17623 , 2026-01-30T18:08:23-fbe5dda4785f, "Apple M1", "Darwin 25.2.0", "clang 17.0.0 (clang-1700.6.3.2)",          8, 2026-01-30T20:54:46, ok
bvh-mt  ,  1280,    720,      10,        20,             0,           18,            4,   1,       1,   0, 0.030687 , 0.0170625, 0.0477495,      12361.5  ,      852.263    ,     12361.6  ,     852.266    ,             0.039521 , 0.00262195             ,       0    ,     0        ,    8.00134,    2,           1,              4, 9.216e+06   , 6.91819e+07, 5.59655e+06 , 1.39914e+06    ,  5.89733,   1.47433 , 2026-01-30T18:08:23-fbe5dda4785f, "Apple M1", "Darwin 25.2.0", "clang 17.0.0 (clang-1700.6.3.2)",          8, 2026-01-30T20:56:21, ok
gpu     ,  1280,    720,      10,        20,             0,           18,            0,   0,       0,   1, 0.015    , 0        , 0.015    ,       3325.22 ,       15.7929   ,      3325.23 ,      15.788    ,             0        , 0                      ,    3322.03 ,    15.9019   ,    8.37634,    2,           1,              8, 9.216e+06   , 9.216e+06  , 2.77155e+06 , 346443         , 21.9234 ,   2.74043 , 2026-01-30T18:08:23-fbe5dda4785f, "Apple M1", "Darwin 25.2.0", "clang 17.0.0 (clang-1700.6.3.2)",          8, 2026-01-30T20:56:57, ok
original,1280,720,10,20,0,18,5,0,0,0,0.0387915,0,0.0387915,72975.1,152.414,72975.1,152.424,0,0,0,0,8.01697,2,1,1,9.216e+06,6.91715e+07,947878,947878,1,1,2026-01-30T18:08:23-fbe5dda4785f,"Apple M1","Darwin 25.2.0","clang 17.0.0 (clang-1700.6.3.2)",8,2026-01-30T20:57:07,ok
bvh,1280,720,10,20,0,18,5,1,0,0,0.0332295,0.0116875,0.044917,32105.7,2922.44,32105.8,2922.44,0,0,0,0,8.01697,2,1,1,9.216e+06,6.91631e+07,2.15423e+06,2.15423e+06,2.27296,2.27296,2026-01-30T18:08:23-fbe5dda4785f,"Apple M1","Darwin 25.2.0","clang 17.0.0 (clang-1700.6.3.2)",8,2026-01-30T21:00:48,ok
bvh-mt,1280,720,10,20,0,18,5,1,1,0,0.017125,0.0129585,0.0300835,11767.3,668.924,11767.4,668.916,0.0504795,0.00462519,0,0,8.01697,2,1,5,9.216e+06,6.91348e+07,5.87515e+06,1.17503e+06,6.2015,1.2403,2026-01-30T18:08:23-fbe5dda4785f,"Apple M1","Darwin 25.2.0","clang 17.0.0 (clang-1700.6.3.2)",8,2026-01-30T21:02:20,ok
gpu,1280,720,10,20,0,18,0,0,0,1,0.0291875,0,0.0291875,3256.95,2.44909,3256.98,2.4625,0,0,3253.16,2.07951,8.47009,2,1,8,9.216e+06,9.216e+06,2.82964e+06,353706,22.406,2.80075,2026-01-30T18:08:23-fbe5dda4785f,"Apple M1","Darwin 25.2.0","clang 17.0.0 (clang-1700.6.3.2)",8,2026-01-30T21:02:53,ok
original,1280,720,10,20,0,18,6,0,0,0,0.0367915,0,0.0367915,72798.7,33.6243,72798.7,33.6134,0,0,0,0,8.01697,2,1,1,9.216e+06,6.91532e+07,949923,949923,1,1,2026-01-30T18:08:23-fbe5dda4785f,"Apple M1","Darwin 25.2.0","clang 17.0.0 (clang-1700.6.3.2)",8,2026-01-30T21:03:03,ok
bvh,1280,720,10,20,0,18,6,1,0,0,0.0285005,0.008333,0.0368335,31574.5,889.25,31574.5,889.252,0,0,0,0,8.01697,2,1,1,9.216e+06,6.91704e+07,2.19071e+06,2.19071e+06,2.30562,2.30562,2026-01-30T18:08:23-fbe5dda4785f,"Apple M1","Darwin 25.2.0","clang 17.0.0 (clang-1700.6.3.2)",8,2026-01-30T21:06:41,ok
bvh-mt,1280,720,10,20,0,18,6,1,1,0,0.014854,0.0112705,0.0261245,10811.9,832.247,10812,832.245,0.059646,0.0190622,0,0,8.01697,2,1,6,9.216e+06,6.91614e+07,6.39677e+06,1.06613e+06,6.73318,1.1222,2026-01-30T18:08:23-fbe5dda4785f,"Apple M1","Darwin 25.2.0","clang 17.0.0 (clang-1700.6.3.2)",8,2026-01-30T21:08:11,ok
gpu,1280,720,10,20,0,18,0,0,0,1,0.030313,0,0.030313,3258.15,0.673991,3258.18,0.669071,0,0,3253.36,0.655959,8.47009,2,1,8,9.216e+06,9.216e+06,2.8286e+06,353575,22.3436,2.79295,2026-01-30T18:08:23-fbe5dda4785f,"Apple M1","Darwin 25.2.0","clang 17.0.0 (clang-1700.6.3.2)",8,2026-01-30T21:08:42,ok
original,1280,720,10,20,0,18,7,0,0,0,0.039396,0,0.039396,72902.9,14.5845,72903,14.596,0,0,0,0,8.01697,2,1,1,9.216e+06,6.91617e+07,948682,948682,1,1,2026-01-30T18:08:23-fbe5dda4785f,"Apple M1","Darwin 25.2.0","clang 17.0.0 (clang-1700.6.3.2)",8,2026-01-30T21:08:52,ok
bvh,1280,720,10,20,0,18,7,1,0,0,0.025125,0.008021,0.033146,27523.9,71.7347,27523.9,71.7398,0,0,0,0,8.01697,2,1,1,9.216e+06,6.91417e+07,2.51206e+06,2.51206e+06,2.64872,2.64872,2026-01-30T18:08:23-fbe5dda4785f,"Apple M1","Darwin 25.2.0","clang 17.0.0 (clang-1700.6.3.2)",8,2026-01-30T21:12:31,ok
bvh-mt,1280,720,10,20,0,18,7,1,1,0,0.024083,0.010771,0.034854,10051.1,480.533,10051.1,480.555,0.071437,0.00197424,0,0,8.01697,2,1,7,9.216e+06,6.91696e+07,6.8818e+06,983115,7.25323,1.03618,2026-01-30T18:08:23-fbe5dda4785f,"Apple M1","Darwin 25.2.0","clang 17.0.0 (clang-1700.6.3.2)",8,2026-01-30T21:13:55,ok
gpu,1280,720,10,20,0,18,0,0,0,1,0.0278545,0,0.0278545,3259.05,1.80121,3259.08,1.81314,0,0,3255.03,1.32465,8.48572,2,1,8,9.216e+06,9.216e+06,2.82782e+06,353477,22.3694,2.79617,2026-01-30T18:08:23-fbe5dda4785f,"Apple M1","Darwin 25.2.0","clang 17.0.0 (clang-1700.6.3.2)",8,2026-01-30T21:14:26,ok
original,1280,720,10,20,0,18,8,0,0,0,0.0344165,0,0.0344165,72823.1,38.5338,72823.1,38.5413,0,0,0,0,8.01697,2,1,1,9.216e+06,6.91356e+07,949364,949364,1,1,2026-01-30T18:08:23-fbe5dda4785f,"Apple M1","Darwin 25.2.0","clang 17.0.0 (clang-1700.6.3.2)",8,2026-01-30T21:14:36,ok
bvh,1280,720,10,20,0,18,8,1,0,0,0.03025,0.0092915,0.0395415,29814.4,3355.41,29814.5,3355.4,0,0,0,0,8.01697,2,1,1,9.216e+06,6.91466e+07,2.31923e+06,2.31923e+06,2.44255,2.44255,2026-01-30T18:08:23-fbe5dda4785f,"Apple M1","Darwin 25.2.0","clang 17.0.0 (clang-1700.6.3.2)",8,2026-01-30T21:18:14,ok
bvh-mt,1280,720,10,20,0,18,8,1,1,0,0.081104,0.010104,0.091208,9728.6,1253.24,9728.69,1253.35,0.077854,0.000206475,0,0,8.01697,2,1,8,9.216e+06,6.9191e+07,7.11212e+06,889015,7.48546,0.935683,2026-01-30T18:08:23-fbe5dda4785f,"Apple M1","Darwin 25.2.0","clang 17.0.0 (clang-1700.6.3.2)",8,2026-01-30T21:19:43,ok
gpu,1280,720,10,20,0,18,0,0,0,1,0.027,0,0.027,3258.52,0.834769,3258.55,0.833354,0,0,3254.57,0.521697,8.47009,2,1,8,9.216e+06,9.216e+06,2.82828e+06,353535,22.3485,2.79356,2026-01-30T18:08:23-fbe5dda4785f,"Apple M1","Darwin 25.2.0","clang 17.0.0 (clang-1700.6.3.2)",8,2026-01-30T21:20:11,ok
original,1280,720,10,20,100,118,1,0,0,0,0.0510415,0,0.0510415,147206,43.7449,147206,43.7376,0,0,0,0,8.01697,2,1,1,9.216e+06,7.29825e+07,495786,495786,1,1,2026-01-30T18:08:23-fbe5dda4785f,"Apple M1","Darwin 25.2.0","clang 17.0.0 (clang-1700.6.3.2)",8,2026-01-30T21:20:21,ok
bvh,1280,720,10,20,100,118,1,1,0,0,0.041146,0.046437,0.087583,47411.6,3617.55,47411.7,3617.55,0,0,0,0,8.01697,2,1,1,9.216e+06,7.30144e+07,1.54001e+06,1.54001e+06,3.10485,3.10485,2026-01-30T18:08:23-fbe5dda4785f,"Apple M1","Darwin 25.2.0","clang 17.0.0 (clang-1700.6.3.2)",8,2026-01-30T21:27:43,ok
bvh-mt,1280,720,10,20,100,118,1,1,1,0,0.053354,0.0456665,0.0990205,50245.1,6275.15,50245.2,6275.12,0,0,0,0,8.01697,2,1,1,9.216e+06,7.3026e+07,1.4534e+06,1.4534e+06,2.92975,2.92975,2026-01-30T18:08:23-fbe5dda4785f,"Apple M1","Darwin 25.2.0","clang 17.0.0 (clang-1700.6.3.2)",8,2026-01-30T21:30:13,ok
gpu,1280,720,10,20,100,118,0,0,0,1,0.0561665,0,0.0561665,6477.25,3.80804,6477.3,3.81287,0,0,6472.78,2.16914,8.51697,2,1,8,9.216e+06,9.216e+06,1.42283e+06,177853,22.7266,2.84083,2026-01-30T18:08:23-fbe5dda4785f,"Apple M1","Darwin 25.2.0","clang 17.0.0 (clang-1700.6.3.2)",8,2026-01-30T21:32:42,ok
original,1280,720,10,20,100,118,2,0,0,0,0.0473545,0,0.0473545,147401,97.5293,147401,97.5295,0,0,0,0,7.98572,2,1,1,9.216e+06,7.30056e+07,495284,495284,1,1,2026-01-30T18:08:23-fbe5dda4785f,"Apple M1","Darwin 25.2.0","clang 17.0.0 (clang-1700.6.3.2)",8,2026-01-30T21:33:01,ok
bvh,1280,720,10,20,100,118,2,1,0,0,0.054625,0.043229,0.097854,48214.2,1838.38,48214.3,1838.4,0,0,0,0,7.98572,2,1,1,9.216e+06,7.30378e+07,1.51486e+06,1.51486e+06,3.05722,3.05722,2026-01-30T18:08:23-fbe5dda4785f,"Apple M1","Darwin 25.2.0","clang 17.0.0 (clang-1700.6.3.2)",8,2026-01-30T21:40:24,ok
bvh-mt,1280,720,10,20,100,118,2,1,1,0,0.045042,0.044479,0.089521,28598.6,6519.52,28598.7,6519.51,0.034709,0.00459619,0,0,7.98572,2,1,2,9.216e+06,7.30204e+07,2.55328e+06,1.27664e+06,5.15414,2.57707,2026-01-30T18:08:23-fbe5dda4785f,"Apple M1","Darwin 25.2.0","clang 17.0.0 (clang-1700.6.3.2)",8,2026-01-30T21:42:41,ok
gpu,1280,720,10,20,100,118,0,0,0,1,0.038396,0,0.038396,6476.89,1.43448,6476.92,1.40193,0,0,6474.18,2.61724,8.47009,2,1,8,9.216e+06,9.216e+06,1.42291e+06,177863,22.7581,2.84476,2026-01-30T18:08:23-fbe5dda4785f,"Apple M1","Darwin 25.2.0","clang 17.0.0 (clang-1700.6.3.2)",8,2026-01-30T21:44:04,ok
original,1280,720,10,20,100,118,3,0,0,0,0.050896,0,0.050896,147328,19.3841,147328,19.3793,0,0,0,0,8.01697,2,1,1,9.216e+06,7.30055e+07,495530,495530,1,1,2026-01-30T18:08:23-fbe5dda4785f,"Apple M1","Darwin 25.2.0","clang 17.0.0 (clang-1700.6.3.2)",8,2026-01-30T21:44:24,ok
bvh,1280,720,10,20,100,118,3,1,0,0,0.042417,0.047292,0.089709,45633.9,3063.09,45634,3063.1,0,0,0,0,8.01697,2,1,1,9.216e+06,7.30121e+07,1.59995e+06,1.59995e+06,3.22848,3.22848,2026-01-30T18:08:23-fbe5dda4785f,"Apple M1","Darwin 25.2.0","clang 17.0.0 (clang-1700.6.3.2)",8,2026-01-30T21:51:47,ok
bvh-mt,1280,720,10,20,100,118,3,1,1,0,0.044417,0.047938,0.092355,22657.6,1955.19,22657.7,1955.19,0.04,0.0098401,0,0,8.01697,2,1,3,9.216e+06,7.30053e+07,3.22211e+06,1.07404e+06,6.50236,2.16745,2026-01-30T18:08:23-fbe5dda4785f,"Apple M1","Darwin 25.2.0","clang 17.0.0 (clang-1700.6.3.2)",8,2026-01-30T21:54:02,ok
gpu,1280,720,10,20,100,118,0,0,0,1,0.058104,0,0.058104,6475.91,0.949055,6475.97,0.965349,0,0,6471.33,0.226333,8.51697,2,1,8,9.216e+06,9.216e+06,1.42312e+06,177890,22.7502,2.84377,2026-01-30T18:08:23-fbe5dda4785f,"Apple M1","Darwin 25.2.0","clang 17.0.0 (clang-1700.6.3.2)",8,2026-01-30T21:55:12,ok
original,1280,720,10,20,100,118,4,0,0,0,0.0428755,0,0.0428755,147505,130.667,147505,130.665,0,0,0,0,8.01697,2,1,1,9.216e+06,7.29836e+07,494788,494788,1,1,2026-01-30T18:08:23-fbe5dda4785f,"Apple M1","Darwin 25.2.0","clang 17.0.0 (clang-1700.6.3.2)",8,2026-01-30T21:55:32,ok
bvh,1280,720,10,20,100,118,4,1,0,0,0.0436255,0.045375,0.0890005,51397.6,1011.18,51397.7,1011.17,0,0,0,0,8.01697,2,1,1,9.216e+06,7.30152e+07,1.4206e+06,1.4206e+06,2.86988,2.86988,2026-01-30T18:08:23-fbe5dda4785f,"Apple M1","Darwin 25.2.0","clang 17.0.0 (clang-1700.6.3.2)",8,2026-01-30T22:02:55,ok
bvh-mt,1280,720,10,20,100,118,4,1,1,0,0.0363545,0.0530625,0.089417,17644.3,1609.81,17644.4,1609.79,0.055271,0.0171176,0,0,8.01697,2,1,4,9.216e+06,7.30196e+07,4.13841e+06,1.0346e+06,8.35989,2.08997,2026-01-30T18:08:23-fbe5dda4785f,"Apple M1","Darwin 25.2.0","clang 17.0.0 (clang-1700.6.3.2)",8,2026-01-30T22:05:24,ok
gpu,1280,720,10,20,100,118,0,0,0,1,0.066375,0,0.066375,6479.92,2.632,6479.99,2.62487,0,0,6474.27,2.44603,8.37634,2,1,8,9.216e+06,9.216e+06,1.42224e+06,177780,22.7633,2.84542,2026-01-30T18:08:23-fbe5dda4785f,"Apple M1","Darwin 25.2.0","clang 17.0.0 (clang-1700.6.3.2)",8,2026-01-30T22:06:16,ok
original,1280,720,10,20,100,118,5,0,0,0,0.0511455,0,0.0511455,148542,973.155,148542,973.143,0,0,0,0,8.01697,2,1,1,9.216e+06,7.30077e+07,491496,491496,1,1,2026-01-30T18:08:23-fbe5dda4785f,"Apple M1","Darwin 25.2.0","clang 17.0.0 (clang-1700.6.3.2)",8,2026-01-30T22:06:35,ok
bvh,1280,720,10,20,100,118,5,1,0,0,0.046479,0.044771,0.09125,50375.1,456.579,50375.2,456.584,0,0,0,0,8.01697,2,1,1,9.216e+06,7.3e+07,1.44913e+06,1.44913e+06,2.94871,2.94871,2026-01-30T18:08:23-fbe5dda4785f,"Apple M1","Darwin 25.2.0","clang 17.0.0 (clang-1700.6.3.2)",8,2026-01-30T22:14:01,ok
bvh-mt,1280,720,10,20,100,118,5,1,1,0,0.040187,0.0445,0.084687,19577.7,1932.4,19577.8,1932.39,0.0527915,0.00465488,0,0,8.01697,2,1,5,9.216e+06,7.30188e+07,3.72968e+06,745937,7.58727,1.51745,2026-01-30T18:08:23-fbe5dda4785f,"Apple M1","Darwin 25.2.0","clang 17.0.0 (clang-1700.6.3.2)",8,2026-01-30T22:16:36,ok
gpu,1280,720,10,20,100,118,0,0,0,1,0.0364375,0,0.0364375,6455.12,1.69944,6455.16,1.71868,0,0,6451.41,1.13491,8.53259,2,1,8,9.216e+06,9.216e+06,1.4277e+06,178463,23.0115,2.87643,2026-01-30T18:08:23-fbe5dda4785f,"Apple M1","Darwin 25.2.0","clang 17.0.0 (clang-1700.6.3.2)",8,2026-01-30T22:17:33,ok
original,1280,720,10,20,100,118,6,0,0,0,0.042833,0,0.042833,147382,252.457,147382,252.455,0,0,0,0,8.01697,2,1,1,9.216e+06,7.30174e+07,495428,495428,1,1,2026-01-30T18:08:23-fbe5dda4785f,"Apple M1","Darwin 25.2.0","clang 17.0.0 (clang-1700.6.3.2)",8,2026-01-30T22:17:52,ok
bvh,1280,720,10,20,100,118,6,1,0,0,0.0514375,0.0423955,0.093833,53088.5,1346.23,53088.6,1346.24,0,0,0,0,8.01697,2,1,1,9.216e+06,7.30047e+07,1.37515e+06,1.37515e+06,2.77617,2.77617,2026-01-30T18:08:23-fbe5dda4785f,"Apple M1","Darwin 25.2.0","clang 17.0.0 (clang-1700.6.3.2)",8,2026-01-30T22:25:16,ok
bvh-mt,1280,720,10,20,100,118,6,1,1,0,0.0263955,0.055813,0.0822085,16261.6,1021.53,16261.6,1021.54,0.0615,0.00453821,0,0,8.01697,2,1,6,9.216e+06,7.2982e+07,4.48801e+06,748001,9.06324,1.51054,2026-01-30T18:08:23-fbe5dda4785f,"Apple M1","Darwin 25.2.0","clang 17.0.0 (clang-1700.6.3.2)",8,2026-01-30T22:27:43,ok
gpu,1280,720,10,20,100,118,0,0,0,1,0.061583,0,0.061583,6453.83,2.44167,6453.89,2.42429,0,0,6449.4,1.63012,8.51697,2,1,8,9.216e+06,9.216e+06,1.42799e+06,178499,22.8364,2.85455,2026-01-30T18:08:23-fbe5dda4785f,"Apple M1","Darwin 25.2.0","clang 17.0.0 (clang-1700.6.3.2)",8,2026-01-30T22:28:29,ok
original,1280,720,10,20,100,118,7,0,0,0,0.037583,0,0.037583,147355,693.133,147355,693.125,0,0,0,0,7.98572,2,1,1,9.216e+06,7.29842e+07,495297,495297,1,1,2026-01-30T18:08:23-fbe5dda4785f,"Apple M1","Darwin 25.2.0","clang 17.0.0 (clang-1700.6.3.2)",8,2026-01-30T22:28:49,ok
bvh,1280,720,10,20,100,118,7,1,0,0,0.0575625,0.0527295,0.110292,51926,1246.6,51926.1,1246.63,0,0,0,0,7.98572,2,1,1,9.216e+06,7.30007e+07,1.40586e+06,1.40586e+06,2.83778,2.83778,2026-01-30T18:08:23-fbe5dda4785f,"Apple M1","Darwin 25.2.0","clang 17.0.0 (clang-1700.6.3.2)",8,2026-01-30T22:46:58,ok
bvh-mt,1280,720,10,20,100,118,7,1,1,0,0.019021,0.0453125,0.0643335,15008.1,512.054,15008.1,512.061,0.070896,0.0234816,0,0,7.98572,2,1,7,9.216e+06,7.30285e+07,4.86595e+06,695135,9.81835,1.40262,2026-01-30T18:08:23-fbe5dda4785f,"Apple M1","Darwin 25.2.0","clang 17.0.0 (clang-1700.6.3.2)",8,2026-01-30T22:49:34,ok
gpu,1280,720,10,20,100,118,0,0,0,1,0.061583,0,0.061583,6445.21,1.08111,6445.27,1.07816,0,0,6440.56,1.38779,8.47009,2,1,8,9.216e+06,9.216e+06,1.4299e+06,178737,22.8626,2.85783,2026-01-30T18:08:23-fbe5dda4785f,"Apple M1","Darwin 25.2.0","clang 17.0.0 (clang-1700.6.3.2)",8,2026-01-30T22:50:16,ok
original,1280,720,10,20,100,118,8,0,0,0,0.043688,0,0.043688,147146,6.86097,147146,6.86324,0,0,0,0,8.01697,2,1,1,9.216e+06,7.30163e+07,496216,496216,1,1,2026-01-30T18:08:23-fbe5dda4785f,"Apple M1","Darwin 25.2.0","clang 17.0.0 (clang-1700.6.3.2)",8,2026-01-30T22:50:36,ok
bvh,1280,720,10,20,100,118,8,1,0,0,0.0437295,0.0500625,0.093792,48716.1,6029.34,48716.2,6029.35,0,0,0,0,8.01697,2,1,1,9.216e+06,7.30095e+07,1.49867e+06,1.49867e+06,3.02049,3.02049,2026-01-30T18:08:23-fbe5dda4785f,"Apple M1","Darwin 25.2.0","clang 17.0.0 (clang-1700.6.3.2)",8,2026-01-30T22:58:01,ok
bvh-mt,1280,720,10,20,100,118,8,1,1,0,0.03375,0.0496465,0.0833965,15085.9,772.294,15086,772.303,0.083875,0.00883883,0,0,8.01697,2,1,8,9.216e+06,7.30161e+07,4.84003e+06,605003,9.7539,1.21924,2026-01-30T18:08:23-fbe5dda4785f,"Apple M1","Darwin 25.2.0","clang 17.0.0 (clang-1700.6.3.2)",8,2026-01-30T23:00:29,ok
gpu,1280,720,10,20,100,118,0,0,0,1,0.0637085,0,0.0637085,6451.59,0.50891,6451.66,0.51498,0,0,6446.91,0.791164,8.51697,2,1,8,9.216e+06,9.216e+06,1.42848e+06,178561,22.8077,2.85097,2026-01-30T18:08:23-fbe5dda4785f,"Apple M1","Darwin 25.2.0","clang 17.0.0 (clang-1700.6.3.2)",8,2026-01-30T23:01:13,ok
original,1280,720,20,10,0,18,1,0,0,0,0.0666455,0,0.0666455,107932,1015.91,107932,1015.87,0,0,0,0,8.01697,2,1,1,1.8432e+07,1.08662e+08,1.00676e+06,1.00676e+06,1,1,2026-01-30T18:08:23-fbe5dda4785f,"Apple M1","Darwin 25.2.0","clang 17.0.0 (clang-1700.6.3.2)",8,2026-01-30T23:01:32,ok
bvh,1280,720,20,10,0,18,1,1,0,0,0.0295415,0.01225,0.0417915,44407,475.611,44407,475.631,0,0,0,0,8.01697,2,1,1,1.8432e+07,1.08663e+08,2.44698e+06,2.44698e+06,2.43051,2.43051,2026-01-30T18:08:23-fbe5dda4785f,"Apple M1","Darwin 25.2.0","clang 17.0.0 (clang-1700.6.3.2)",8,2026-01-30T23:06:55,ok
bvh-mt,1280,720,20,10,0,18,1,1,1,0,0.0370625,0.0111665,0.048229,41192.9,3255.75,41193,3255.75,0,0,0,0,8.01697,2,1,1,1.8432e+07,1.08648e+08,2.63755e+06,2.63755e+06,2.62015,2.62015,2026-01-30T18:08:23-fbe5dda4785f,"Apple M1","Darwin 25.2.0","clang 17.0.0 (clang-1700.6.3.2)",8,2026-01-30T23:09:11,ok
gpu,1280,720,20,10,0,18,0,0,0,1,0.027354,0,0.027354,3338.4,11.4303,3338.43,11.4209,0,0,3324.29,0.453403,8.47009,2,1,8,1.8432e+07,1.8432e+07,5.5212e+06,690151,32.3303,4.04129,2026-01-30T18:08:23-fbe5dda4785f,"Apple M1","Darwin 25.2.0","clang 17.0.0 (clang-1700.6.3.2)",8,2026-01-30T23:11:15,ok
original,1280,720,20,10,0,18,2,0,0,0,0.051896,0,0.051896,106222,129.957,106222,129.972,0,0,0,0,8.01697,2,1,1,1.8432e+07,1.08643e+08,1.02279e+06,1.02279e+06,1,1,2026-01-30T18:08:23-fbe5dda4785f,"Apple M1","Darwin 25.2.0","clang 17.0.0 (clang-1700.6.3.2)",8,2026-01-30T23:11:25,ok
bvh,1280,720,20,10,0,18,2,1,0,0,0.0331665,0.012312,0.0454785,47448.4,5513.05,47448.5,5513.07,0,0,0,0,8.01697,2,1,1,1.8432e+07,1.08652e+08,2.2899e+06,2.2899e+06,2.23869,2.23869,2026-01-30T18:08:23-fbe5dda4785f,"Apple M1","Darwin 25.2.0","clang 17.0.0 (clang-1700.6.3.2)",8,2026-01-30T23:16:43,ok
bvh-mt,1280,720,20,10,0,18,2,1,1,0,0.027146,0.0133125,0.0404585,24168.3,835.596,24168.3,835.592,0.024354,0.00297551,0,0,8.01697,2,1,2,1.8432e+07,1.08665e+08,4.49617e+06,2.24809e+06,4.39511,2.19756,2026-01-30T18:08:23-fbe5dda4785f,"Apple M1","Darwin 25.2.0","clang 17.0.0 (clang-1700.6.3.2)",8,2026-01-30T23:18:58,ok
gpu,1280,720,20,10,0,18,0,0,0,1,0.0344795,0,0.0344795,3328.9,1.74691,3328.93,1.74929,0,0,3324.09,1.62608,8.53259,2,1,8,1.8432e+07,1.8432e+07,5.53696e+06,692121,31.9091,3.98864,2026-01-30T18:08:23-fbe5dda4785f,"Apple M1","Darwin 25.2.0","clang 17.0.0 (clang-1700.6.3.2)",8,2026-01-30T23:20:12,ok
original,1280,720,20,10,0,18,3,0,0,0,0.033125,0,0.033125,106404,180.818,106404,180.829,0,0,0,0,7.98572,2,1,1,1.8432e+07,1.08648e+08,1.02109e+06,1.02109e+06,1,1,2026-01-30T18:08:23-fbe5dda4785f,"Apple M1","Darwin 25.2.0","clang 17.0.0 (clang-1700.6.3.2)",8,2026-01-30T23:20:22,ok
bvh,1280,720,20,10,0,18,3,1,0,0,0.0369795,0.0100625,0.047042,43637,5582.46,43637.1,5582.46,0,0,0,0,7.98572,2,1,1,1.8432e+07,1.08655e+08,2.48997e+06,2.48997e+06,2.43839,2.43839,2026-01-30T18:08:23-fbe5dda4785f,"Apple M1","Darwin 25.2.0","clang 17.0.0 (clang-1700.6.3.2)",8,2026-01-30T23:25:41,ok
bvh-mt,1280,720,20,10,0,18,3,1,1,0,0.015208,0.012771,0.027979,19887.6,1112.4,19887.7,1112.41,0.033521,0.00250457,0,0,7.98572,2,1,3,1.8432e+07,1.0867e+08,5.46419e+06,1.8214e+06,5.35026,1.78342,2026-01-30T18:08:23-fbe5dda4785f,"Apple M1","Darwin 25.2.0","clang 17.0.0 (clang-1700.6.3.2)",8,2026-01-30T23:27:52,ok
gpu,1280,720,20,10,0,18,0,0,0,1,0.0373125,0,0.0373125,3327.26,0.585013,3327.3,0.587341,0,0,3322.98,0.211012,8.50134,2,1,8,1.8432e+07,1.8432e+07,5.53969e+06,692462,31.9794,3.99743,2026-01-30T18:08:23-fbe5dda4785f,"Apple M1","Darwin 25.2.0","clang 17.0.0 (clang-1700.6.3.2)",8,2026-01-30T23:28:52,ok
original,1280,720,20,10,0,18,4,0,0,0,0.036292,0,0.036292,106523,118.785,106524,118.791,0,0,0,0,8.00134,2,1,1,1.8432e+07,1.08652e+08,1.01999e+06,1.01999e+06,1,1,2026-01-30T18:08:23-fbe5dda4785f,"Apple M1","Darwin 25.2.0","clang 17.0.0 (clang-1700.6.3.2)",8,2026-01-30T23:29:02,ok
bvh,1280,720,20,10,0,18,4,1,0,0,0.028125,0.0086875,0.0368125,46258.5,948,46258.5,948.01,0,0,0,0,8.00134,2,1,1,1.8432e+07,1.08639e+08,2.34852e+06,2.34852e+06,2.30279,2.30279,2026-01-30T18:08:23-fbe5dda4785f,"Apple M1","Darwin 25.2.0","clang 17.0.0 (clang-1700.6.3.2)",8,2026-01-30T23:34:21,ok
bvh-mt,1280,720,20,10,0,18,4,1,1,0,0.031687,0.017104,0.048791,17666.9,1633.21,17667,1633.19,0.0412295,0.00574524,0,0,8.00134,2,1,4,1.8432e+07,1.08657e+08,6.15031e+06,1.53758e+06,6.02953,1.50738,2026-01-30T18:08:23-fbe5dda4785f,"Apple M1","Darwin 25.2.0","clang 17.0.0 (clang-1700.6.3.2)",8,2026-01-30T23:36:37,ok
gpu,1280,720,20,10,0,18,0,0,0,1,0.0322505,0,0.0322505,3328.1,1.42399,3328.13,1.41474,0,0,3324.2,1.11028,8.45447,2,1,8,1.8432e+07,1.8432e+07,5.5383e+06,692288,32.0073,4.00092,2026-01-30T18:08:23-fbe5dda4785f,"Apple M1","Darwin 25.2.0","clang 17.0.0 (clang-1700.6.3.2)",8,2026-01-30T23:37:29,ok
original,1280,720,20,10,0,18,5,0,0,0,0.0333335,0,0.0333335,106426,34.1348,106426,34.1266,0,0,0,0,8.00134,2,1,1,1.8432e+07,1.08656e+08,1.02095e+06,1.02095e+06,1,1,2026-01-30T18:08:23-fbe5dda4785f,"Apple M1","Darwin 25.2.0","clang 17.0.0 (clang-1700.6.3.2)",8,2026-01-30T23:37:39,ok
bvh,1280,720,20,10,0,18,5,1,0,0,0.032146,0.011708,0.043854,44008.5,1849.05,44008.5,1849.04,0,0,0,0,8.00134,2,1,1,1.8432e+07,1.08643e+08,2.46869e+06,2.46869e+06,2.4183,2.4183,2026-01-30T18:08:23-fbe5dda4785f,"Apple M1","Darwin 25.2.0","clang 17.0.0 (clang-1700.6.3.2)",8,2026-01-30T23:42:59,ok
bvh-mt,1280,720,20,10,0,18,5,1,1,0,0.0295835,0.0161665,0.04575,17622.8,1939.93,17622.8,1939.93,0.0606465,0.00539169,0,0,8.00134,2,1,5,1.8432e+07,1.08674e+08,6.16667e+06,1.23333e+06,6.03912,1.20782,2026-01-30T18:08:23-fbe5dda4785f,"Apple M1","Darwin 25.2.0","clang 17.0.0 (clang-1700.6.3.2)",8,2026-01-30T23:45:17,ok
gpu,1280,720,20,10,0,18,0,0,0,1,0.0342915,0,0.0342915,3328.15,0.415837,3328.18,0.41625,0,0,3323.64,0.169028,8.53259,2,1,8,1.8432e+07,1.8432e+07,5.53821e+06,692277,31.9775,3.99719,2026-01-30T18:08:23-fbe5dda4785f,"Apple M1","Darwin 25.2.0","clang 17.0.0 (clang-1700.6.3.2)",8,2026-01-30T23:46:06,ok
original,1280,720,20,10,0,18,6,0,0,0,0.033479,0,0.033479,106239,63.1021,106239,63.0922,0,0,0,0,8.00134,2,1,1,1.8432e+07,1.0865e+08,1.02269e+06,1.02269e+06,1,1,2026-01-30T18:08:23-fbe5dda4785f,"Apple M1","Darwin 25.2.0","clang 17.0.0 (clang-1700.6.3.2)",8,2026-01-30T23:46:16,ok
bvh,1280,720,20,10,0,18,6,1,0,0,0.035729,0.0129165,0.0486455,39975.4,838.195,39975.5,838.188,0,0,0,0,8.00134,2,1,1,1.8432e+07,1.08664e+08,2.71826e+06,2.71826e+06,2.6576,2.6576,2026-01-30T18:08:23-fbe5dda4785f,"Apple M1","Darwin 25.2.0","clang 17.0.0 (clang-1700.6.3.2)",8,2026-01-30T23:51:35,ok
bvh-mt,1280,720,20,10,0,18,6,1,1,0,0.035604,0.015167,0.050771,15892.1,1067.2,15892.2,1067.19,0.080479,0.00515622,0,0,8.00134,2,1,6,1.8432e+07,1.08651e+08,6.83678e+06,1.13946e+06,6.68501,1.11417,2026-01-30T18:08:23-fbe5dda4785f,"Apple M1","Darwin 25.2.0","clang 17.0.0 (clang-1700.6.3.2)",8,2026-01-30T23:53:40,ok
gpu,1280,720,20,10,0,18,0,0,0,1,0.0363125,0,0.0363125,3326.83,1.92734,3326.87,1.92342,0,0,3322.42,1.94074,8.47009,2,1,8,1.8432e+07,1.8432e+07,5.5404e+06,692551,31.9339,3.99174,2026-01-30T18:08:23-fbe5dda4785f,"Apple M1","Darwin 25.2.0","clang 17.0.0 (clang-1700.6.3.2)",8,2026-01-30T23:54:27,ok
original,1280,720,20,10,0,18,7,0,0,0,0.036688,0,0.036688,106167,65.3009,106167,65.3082,0,0,0,0,8.01697,2,1,1,1.8432e+07,1.08661e+08,1.0235e+06,1.0235e+06,1,1,2026-01-30T18:08:23-fbe5dda4785f,"Apple M1","Darwin 25.2.0","clang 17.0.0 (clang-1700.6.3.2)",8,2026-01-30T23:54:37,ok
bvh,1280,720,20,10,0,18,7,1,0,0,0.0323335,0.0104585,0.042792,43020.2,338.837,43020.2,338.85,0,0,0,0,8.01697,2,1,1,1.8432e+07,1.08648e+08,2.52551e+06,2.52551e+06,2.46783,2.46783,2026-01-30T18:08:23-fbe5dda4785f,"Apple M1","Darwin 25.2.0","clang 17.0.0 (clang-1700.6.3.2)",8,2026-01-30T23:59:55,ok
bvh-mt,1280,720,20,10,0,18,7,1,1,0,0.0115,0.0091455,0.0206455,14449.3,471.156,14449.3,471.162,0.0580625,0.0111079,0,0,8.01697,2,1,7,1.8432e+07,1.08651e+08,7.51949e+06,1.07421e+06,7.34752,1.04965,2026-01-30T18:08:23-fbe5dda4785f,"Apple M1","Darwin 25.2.0","clang 17.0.0 (clang-1700.6.3.2)",8,2026-01-31T00:02:06,ok
gpu,1280,720,20,10,0,18,0,0,0,1,0.0155,0,0.0155,3326.02,0.894048,3326.04,0.901532,0,0,3322.88,0.428477,8.47009,2,1,8,1.8432e+07,1.8432e+07,5.54176e+06,692720,31.92,3.99,2026-01-30T18:08:23-fbe5dda4785f,"Apple M1","Darwin 25.2.0","clang 17.0.0 (clang-1700.6.3.2)",8,2026-01-31T00:02:48,ok
original,1280,720,20,10,0,18,8,0,0,0,0.037792,0,0.037792,106248,90.9632,106248,90.9709,0,0,0,0,8.01697,2,1,1,1.8432e+07,1.08668e+08,1.02278e+06,1.02278e+06,1,1,2026-01-30T18:08:23-fbe5dda4785f,"Apple M1","Darwin 25.2.0","clang 17.0.0 (clang-1700.6.3.2)",8,2026-01-31T00:02:58,ok
bvh,1280,720,20,10,0,18,8,1,0,0,0.0310835,0.0101455,0.041229,46336,4764.01,46336.1,4763.99,0,0,0,0,8.01697,2,1,1,1.8432e+07,1.08647e+08,2.34477e+06,2.34477e+06,2.29299,2.29299,2026-01-30T18:08:23-fbe5dda4785f,"Apple M1","Darwin 25.2.0","clang 17.0.0 (clang-1700.6.3.2)",8,2026-01-31T00:08:17,ok
bvh-mt,1280,720,20,10,0,18,8,1,1,0,0.033563,0.0151665,0.0487295,13263.1,31.7413,13263.1,31.7526,0.0871245,0.0292862,0,0,8.01697,2,1,8,1.8432e+07,1.08655e+08,8.19233e+06,1.02404e+06,8.0108,1.00135,2026-01-30T18:08:23-fbe5dda4785f,"Apple M1","Darwin 25.2.0","clang 17.0.0 (clang-1700.6.3.2)",8,2026-01-31T00:10:36,ok
gpu,1280,720,20,10,0,18,0,0,0,1,0.0255005,0,0.0255005,3327.36,1.07872,3327.39,1.09186,0,0,3323.46,0.215815,8.51697,2,1,8,1.8432e+07,1.8432e+07,5.53952e+06,692440,31.9316,3.99144,2026-01-30T18:08:23-fbe5dda4785f,"Apple M1","Darwin 25.2.0","clang 17.0.0 (clang-1700.6.3.2)",8,2026-01-31T00:11:15,ok
original,1280,720,20,10,100,118,1,0,0,0,0.045979,0,0.045979,212232,385.499,212232,385.516,0,0,0,0,8.01697,2,1,1,1.8432e+07,1.1093e+08,522681,522681,1,1,2026-01-30T18:08:23-fbe5dda4785f,"Apple M1","Darwin 25.2.0","clang 17.0.0 (clang-1700.6.3.2)",8,2026-01-31T00:11:25,ok
bvh,1280,720,20,10,100,118,1,1,0,0,0.046417,0.0425205,0.0889375,69946.7,9151.12,69946.8,9151.12,0,0,0,0,8.01697,2,1,1,1.8432e+07,1.10927e+08,1.58588e+06,1.58588e+06,3.0342,3.0342,2026-01-30T18:08:23-fbe5dda4785f,"Apple M1","Darwin 25.2.0","clang 17.0.0 (clang-1700.6.3.2)",8,2026-01-31T00:22:05,ok
bvh-mt,1280,720,20,10,100,118,1,1,1,0,0.0445625,0.044833,0.0893955,72233.4,1989.24,72233.5,1989.26,0,0,0,0,8.01697,2,1,1,1.8432e+07,1.10941e+08,1.53586e+06,1.53586e+06,2.93814,2.93814,2026-01-30T18:08:23-fbe5dda4785f,"Apple M1","Darwin 25.2.0","clang 17.0.0 (clang-1700.6.3.2)",8,2026-01-31T00:25:28,ok
gpu,1280,720,20,10,100,118,0,0,0,1,0.056,0,0.056,6552.37,2.17627,6552.42,2.18523,0,0,6548.6,0.923128,8.51697,2,1,8,1.8432e+07,1.8432e+07,2.81303e+06,351629,32.3901,4.04877,2026-01-30T18:08:23-fbe5dda4785f,"Apple M1","Darwin 25.2.0","clang 17.0.0 (clang-1700.6.3.2)",8,2026-01-31T00:29:09,ok
original,1280,720,20,10,100,118,2,0,0,0,0.0436455,0,0.0436455,211710,100.826,211710,100.835,0,0,0,0,8.01697,2,1,1,1.8432e+07,1.10923e+08,523937,523937,1,1,2026-01-30T18:08:23-fbe5dda4785f,"Apple M1","Darwin 25.2.0","clang 17.0.0 (clang-1700.6.3.2)",8,2026-01-31T00:29:29,ok
bvh,1280,720,20,10,100,118,2,1,0,0,0.0399795,0.041187,0.0811665,70658.2,11320.6,70658.3,11320.6,0,0,0,0,8.01697,2,1,1,1.8432e+07,1.10929e+08,1.56993e+06,1.56993e+06,2.99626,2.99626,2026-01-30T18:08:23-fbe5dda4785f,"Apple M1","Darwin 25.2.0","clang 17.0.0 (clang-1700.6.3.2)",8,2026-01-31T00:40:06,ok
bvh-mt,1280,720,20,10,100,118,2,1,1,0,0.045292,0.044209,0.089501,39745.5,4935.71,39745.6,4935.7,0.031125,0.00636396,0,0,8.01697,2,1,2,1.8432e+07,1.10919e+08,2.79072e+06,1.39536e+06,5.32664,2.66332,2026-01-30T18:08:23-fbe5dda4785f,"Apple M1","Darwin 25.2.0","clang 17.0.0 (clang-1700.6.3.2)",8,2026-01-31T00:43:27,ok
gpu,1280,720,20,10,100,118,0,0,0,1,0.0465625,0,0.0465625,6552.99,2.25985,6553.03,2.28033,0,0,6549,3.08646,8.51697,2,1,8,1.8432e+07,1.8432e+07,2.81276e+06,351595,32.3074,4.03843,2026-01-30T18:08:23-fbe5dda4785f,"Apple M1","Darwin 25.2.0","clang 17.0.0 (clang-1700.6.3.2)",8,2026-01-31T00:45:24,ok
original,1280,720,20,10,100,118,3,0,0,0,0.0420835,0,0.0420835,212078,289.225,212078,289.233,0,0,0,0,7.98572,2,1,1,1.8432e+07,1.10905e+08,522947,522947,1,1,2026-01-30T18:08:23-fbe5dda4785f,"Apple M1","Darwin 25.2.0","clang 17.0.0 (clang-1700.6.3.2)",8,2026-01-31T00:45:44,ok
bvh,1280,720,20,10,100,118,3,1,0,0,0.044375,0.048604,0.092979,68944.7,1379.68,68944.8,1379.7,0,0,0,0,7.98572,2,1,1,1.8432e+07,1.10953e+08,1.6093e+06,1.6093e+06,3.07605,3.07605,2026-01-30T18:08:23-fbe5dda4785f,"Apple M1","Darwin 25.2.0","clang 17.0.0 (clang-1700.6.3.2)",8,2026-01-31T00:56:22,ok
bvh-mt,1280,720,20,10,100,118,3,1,1,0,0.0372705,0.04925,0.0865205,29387.8,2493.5,29387.9,2493.5,0.0324375,0.00486136,0,0,7.98572,2,1,3,1.8432e+07,1.10916e+08,3.77421e+06,1.25807e+06,7.21652,2.40551,2026-01-30T18:08:23-fbe5dda4785f,"Apple M1","Darwin 25.2.0","clang 17.0.0 (clang-1700.6.3.2)",8,2026-01-31T00:59:43,ok
gpu,1280,720,20,10,100,118,0,0,0,1,2.23358,0,2.23358,6556,3.43374,6558.24,6.5027,0,0,6547.8,1.50567,8.48572,2,1,8,1.8432e+07,1.8432e+07,2.81147e+06,351434,32.3486,4.04358,2026-01-30T18:08:23-fbe5dda4785f,"Apple M1","Darwin 25.2.0","clang 17.0.0 (clang-1700.6.3.2)",8,2026-01-31T01:01:10,ok
original,1280,720,20,10,100,118,4,0,0,0,0.0535,0,0.0535,212002,252.841,212002,252.838,0,0,0,0,8.01697,2,1,1,1.8432e+07,1.1093e+08,523248,523248,1,1,2026-01-30T18:08:23-fbe5dda4785f,"Apple M1","Darwin 25.2.0","clang 17.0.0 (clang-1700.6.3.2)",8,2026-01-31T01:01:30,ok
bvh,1280,720,20,10,100,118,4,1,0,0,0.0409375,0.0455415,0.086479,71087.5,11291.9,71087.6,11291.9,0,0,0,0,8.01697,2,1,1,1.8432e+07,1.10929e+08,1.56045e+06,1.56045e+06,2.98227,2.98227,2026-01-30T18:08:23-fbe5dda4785f,"Apple M1","Darwin 25.2.0","clang 17.0.0 (clang-1700.6.3.2)",8,2026-01-31T01:12:08,ok
bvh-mt,1280,720,20,10,100,118,4,1,1,0,0.0387915,0.050125,0.0889165,28459.2,1384.11,28459.3,1384.13,0.0510835,0.0083078,0,0,8.01697,2,1,4,1.8432e+07,1.10927e+08,3.89774e+06,974436,7.44933,1.86233,2026-01-30T18:08:23-fbe5dda4785f,"Apple M1","Darwin 25.2.0","clang 17.0.0 (clang-1700.6.3.2)",8,2026-01-31T01:15:38,ok
gpu,1280,720,20,10,100,118,0,0,0,1,0.0549165,0,0.0549165,6557.49,4.03207,6557.54,4.05953,0,0,6549.69,0.753452,8.47009,2,1,8,1.8432e+07,1.8432e+07,2.81083e+06,351354,32.3297,4.04122,2026-01-30T18:08:23-fbe5dda4785f,"Apple M1","Darwin 25.2.0","clang 17.0.0 (clang-1700.6.3.2)",8,2026-01-31T01:17:00,ok
original,1280,720,20,10,100,118,5,0,0,0,0.044667,0,0.044667,211876,180.932,211877,180.929,0,0,0,0,8.01697,2,1,1,1.8432e+07,1.10916e+08,523495,523495,1,1,2026-01-30T18:08:23-fbe5dda4785f,"Apple M1","Darwin 25.2.0","clang 17.0.0 (clang-1700.6.3.2)",8,2026-01-31T01:17:20,ok
bvh,1280,720,20,10,100,118,5,1,0,0,0.045229,0.0473545,0.0925835,64034.5,5559.99,64034.6,5560,0,0,0,0,8.01697,2,1,1,1.8432e+07,1.10934e+08,1.73241e+06,1.73241e+06,3.30879,3.30879,2026-01-30T18:08:23-fbe5dda4785f,"Apple M1","Darwin 25.2.0","clang 17.0.0 (clang-1700.6.3.2)",8,2026-01-31T01:27:58,ok
bvh-mt,1280,720,20,10,100,118,5,1,1,0,0.0389165,0.0472705,0.086187,22616.2,1729.19,22616.2,1729.19,0.05,0.000766504,0,0,8.01697,2,1,5,1.8432e+07,1.10935e+08,4.9051e+06,981020,9.36837,1.87367,2026-01-30T18:08:23-fbe5dda4785f,"Apple M1","Darwin 25.2.0","clang 17.0.0 (clang-1700.6.3.2)",8,2026-01-31T01:31:16,ok
gpu,1280,720,20,10,100,118,0,0,0,1,0.0642915,0,0.0642915,6562.58,2.62749,6562.64,2.61464,0,0,6550.85,0.475588,8.51697,2,1,8,1.8432e+07,1.8432e+07,2.80865e+06,351082,32.2856,4.0357,2026-01-30T18:08:23-fbe5dda4785f,"Apple M1","Darwin 25.2.0","clang 17.0.0 (clang-1700.6.3.2)",8,2026-01-31T01:32:22,ok
original,1280,720,20,10,100,118,6,0,0,0,0.042916,0,0.042916,213270,1392.48,213270,1392.48,0,0,0,0,8.04822,2,1,1,1.8432e+07,1.10948e+08,520224,520224,1,1,2026-01-30T18:08:23-fbe5dda4785f,"Apple M1","Darwin 25.2.0","clang 17.0.0 (clang-1700.6.3.2)",8,2026-01-31T01:32:42,ok
bvh,1280,720,20,10,100,118,6,1,0,0,0.0445,0.040479,0.084979,68535,10172.1,68535.1,10172.1,0,0,0,0,8.04822,2,1,1,1.8432e+07,1.10925e+08,1.61851e+06,1.61851e+06,3.11183,3.11183,2026-01-30T18:08:23-fbe5dda4785f,"Apple M1","Darwin 25.2.0","clang 17.0.0 (clang-1700.6.3.2)",8,2026-01-31T01:43:25,ok
bvh-mt,1280,720,20,10,100,118,6,1,1,0,0.0420625,0.0569375,0.099,23623.2,1020.48,23623.3,1020.47,0.066521,0.000323855,0,0,8.04822,2,1,6,1.8432e+07,1.10919e+08,4.69536e+06,782561,9.02798,1.50466,2026-01-30T18:08:23-fbe5dda4785f,"Apple M1","Darwin 25.2.0","clang 17.0.0 (clang-1700.6.3.2)",8,2026-01-31T01:46:58,ok
gpu,1280,720,20,10,100,118,0,0,0,1,0.0485835,0,0.0485835,6555.2,1.99711,6555.25,1.99652,0,0,6551,1.6602,8.56384,2,1,8,1.8432e+07,1.8432e+07,2.81181e+06,351476,32.5344,4.0668,2026-01-30T18:08:23-fbe5dda4785f,"Apple M1","Darwin 25.2.0","clang 17.0.0 (clang-1700.6.3.2)",8,2026-01-31T01:48:08,ok
original,1280,720,20,10,100,118,7,0,0,0,0.0439375,0,0.0439375,212158,179.173,212158,179.17,0,0,0,0,8.04822,2,1,1,1.8432e+07,1.10928e+08,522854,522854,1,1,2026-01-30T18:08:23-fbe5dda4785f,"Apple M1","Darwin 25.2.0","clang 17.0.0 (clang-1700.6.3.2)",8,2026-01-31T01:48:28,ok
bvh,1280,720,20,10,100,118,7,1,0,0,0.05125,0.04825,0.0995,67722.8,10957.9,67722.9,10957.9,0,0,0,0,8.04822,2,1,1,1.8432e+07,1.10946e+08,1.63824e+06,1.63824e+06,3.13274,3.13274,2026-01-30T18:08:23-fbe5dda4785f,"Apple M1","Darwin 25.2.0","clang 17.0.0 (clang-1700.6.3.2)",8,2026-01-31T01:59:07,ok
bvh-mt,1280,720,20,10,100,118,7,1,1,0,0.0215,0.0453125,0.0668125,23521.5,5541.44,23521.5,5541.42,0.0826875,0.0142305,0,0,8.04822,2,1,7,1.8432e+07,1.10931e+08,4.71615e+06,673736,9.01977,1.28854,2026-01-30T18:08:23-fbe5dda4785f,"Apple M1","Darwin 25.2.0","clang 17.0.0 (clang-1700.6.3.2)",8,2026-01-31T02:02:43,ok
gpu,1280,720,20,10,100,118,0,0,0,1,0.0371875,0,0.0371875,6551.68,0.998582,6551.72,0.986002,0,0,6547.49,1.50737,8.50134,2,1,8,1.8432e+07,1.8432e+07,2.81332e+06,351665,32.3822,4.04778,2026-01-30T18:08:23-fbe5dda4785f,"Apple M1","Darwin 25.2.0","clang 17.0.0 (clang-1700.6.3.2)",8,2026-01-31T02:03:51,ok
original,1280,720,20,10,100,118,8,0,0,0,0.040021,0,0.040021,212119,283.383,212119,283.389,0,0,0,0,8.04822,2,1,1,1.8432e+07,1.10926e+08,522941,522941,1,1,2026-01-30T18:08:23-fbe5dda4785f,"Apple M1","Darwin 25.2.0","clang 17.0.0 (clang-1700.6.3.2)",8,2026-01-31T02:04:11,ok
bvh,1280,720,20,10,100,118,8,1,0,0,0.048083,0.0479165,0.0959995,69129.9,10143,69130,10143,0,0,0,0,8.04822,2,1,1,1.8432e+07,1.1093e+08,1.60466e+06,1.60466e+06,3.06842,3.06842,2026-01-30T18:08:23-fbe5dda4785f,"Apple M1","Darwin 25.2.0","clang 17.0.0 (clang-1700.6.3.2)",8,2026-01-31T02:14:50,ok
bvh-mt,1280,720,20,10,100,118,8,1,1,0,0.0205415,0.0529585,0.0735,19658.5,240.842,19658.6,240.847,0.0652915,0.0136705,0,0,8.04822,2,1,8,1.8432e+07,1.10928e+08,5.64274e+06,705342,10.7902,1.34878,2026-01-30T18:08:23-fbe5dda4785f,"Apple M1","Darwin 25.2.0","clang 17.0.0 (clang-1700.6.3.2)",8,2026-01-31T02:18:15,ok
gpu,1280,720,20,10,100,118,0,0,0,1,0.0685415,0,0.0685415,6554.29,1.58796,6554.36,1.58094,0,0,6548.95,1.36548,8.50134,2,1,8,1.8432e+07,1.8432e+07,2.81221e+06,351526,32.3634,4.04543,2026-01-30T18:08:23-fbe5dda4785f,"Apple M1","Darwin 25.2.0","clang 17.0.0 (clang-1700.6.3.2)",8,2026-01-31T02:19:13,ok
original,1280,720,20,20,0,18,1,0,0,0,0.0316045,0,0.0316045,144274,117.482,144274,117.489,0,0,0,0,8.04822,2,1,1,1.8432e+07,1.38304e+08,958618,958618,1,1,2026-01-30T18:08:23-fbe5dda4785f,"Apple M1","Darwin 25.2.0","clang 17.0.0 (clang-1700.6.3.2)",8,2026-01-31T02:19:33,ok
bvh,1280,720,20,20,0,18,1,1,0,0,0.035875,0.0103335,0.0462085,58094.9,3990.87,58094.9,3990.88,0,0,0,0,8.04822,2,1,1,1.8432e+07,1.3829e+08,2.38042e+06,2.38042e+06,2.48343,2.48343,2026-01-30T18:08:23-fbe5dda4785f,"Apple M1","Darwin 25.2.0","clang 17.0.0 (clang-1700.6.3.2)",8,2026-01-31T02:26:46,ok
bvh-mt,1280,720,20,20,0,18,1,1,1,0,0.0366875,0.011146,0.0478335,57816.6,1793.6,57816.7,1793.61,0,0,0,0,8.04822,2,1,1,1.8432e+07,1.38347e+08,2.39286e+06,2.39286e+06,2.49538,2.49538,2026-01-30T18:08:23-fbe5dda4785f,"Apple M1","Darwin 25.2.0","clang 17.0.0 (clang-1700.6.3.2)",8,2026-01-31T02:29:45,ok
gpu,1280,720,20,20,0,18,0,0,0,1,0.0351665,0,0.0351665,6488.93,0.469784,6488.96,0.46619,0,0,6484.57,1.3405,8.50134,2,1,8,1.8432e+07,1.8432e+07,2.84053e+06,355066,22.2339,2.77924,2026-01-30T18:08:23-fbe5dda4785f,"Apple M1","Darwin 25.2.0","clang 17.0.0 (clang-1700.6.3.2)",8,2026-01-31T02:32:40,ok
original,1280,720,20,20,0,18,2,0,0,0,0.0308125,0,0.0308125,144779,643.761,144779,643.762,0,0,0,0,8.04822,2,1,1,1.8432e+07,1.38329e+08,955449,955449,1,1,2026-01-30T18:08:23-fbe5dda4785f,"Apple M1","Darwin 25.2.0","clang 17.0.0 (clang-1700.6.3.2)",8,2026-01-31T02:33:00,ok
bvh,1280,720,20,20,0,18,2,1,0,0,0.0695625,0.0105835,0.080146,60736.5,119.142,60736.6,119.075,0,0,0,0,8.04822,2,1,1,1.8432e+07,1.38295e+08,2.27697e+06,2.27697e+06,2.38372,2.38372,2026-01-30T18:08:23-fbe5dda4785f,"Apple M1","Darwin 25.2.0","clang 17.0.0 (clang-1700.6.3.2)",8,2026-01-31T02:40:13,ok
bvh-mt,1280,720,20,20,0,18,2,1,1,0,0.035188,0.0140415,0.0492295,32723.6,164.111,32723.6,164.107,0.0304585,0.00324067,0,0,8.04822,2,1,2,1.8432e+07,1.38333e+08,4.22732e+06,2.11366e+06,4.4243,2.21215,2026-01-30T18:08:23-fbe5dda4785f,"Apple M1","Darwin 25.2.0","clang 17.0.0 (clang-1700.6.3.2)",8,2026-01-31T02:43:25,ok
gpu,1280,720,20,20,0,18,0,0,0,1,0.0215,0,0.0215,6488.21,0.882056,6488.24,0.883,0,0,6485.13,1.19528,8.45447,2,1,8,1.8432e+07,1.8432e+07,2.84084e+06,355105,22.3142,2.78927,2026-01-30T18:08:23-fbe5dda4785f,"Apple M1","Darwin 25.2.0","clang 17.0.0 (clang-1700.6.3.2)",8,2026-01-31T02:45:09,ok
original,1280,720,20,20,0,18,3,0,0,0,0.032979,0,0.032979,144423,35.9462,144423,35.9578,0,0,0,0,8.04822,2,1,1,1.8432e+07,1.38354e+08,957975,957975,1,1,2026-01-30T18:08:23-fbe5dda4785f,"Apple M1","Darwin 25.2.0","clang 17.0.0 (clang-1700.6.3.2)",8,2026-01-31T02:45:29,ok
bvh,1280,720,20,20,0,18,3,1,0,0,0.033729,0.0101665,0.0438955,56822.5,2291.34,56822.5,2291.35,0,0,0,0,8.04822,2,1,1,1.8432e+07,1.38311e+08,2.4341e+06,2.4341e+06,2.54166,2.54166,2026-01-30T18:08:23-fbe5dda4785f,"Apple M1","Darwin 25.2.0","clang 17.0.0 (clang-1700.6.3.2)",8,2026-01-31T02:52:42,ok
bvh-mt,1280,720,20,20,0,18,3,1,1,0,0.029104,0.0153745,0.0444785,28948.3,1386.21,28948.4,1386.21,0.0326665,0.00206263,0,0,8.04822,2,1,3,1.8432e+07,1.38298e+08,4.77741e+06,1.59247e+06,4.98901,1.663,2026-01-30T18:08:23-fbe5dda4785f,"Apple M1","Darwin 25.2.0","clang 17.0.0 (clang-1700.6.3.2)",8,2026-01-31T02:55:47,ok
gpu,1280,720,20,20,0,18,0,0,0,1,0.0420625,0,0.0420625,6529.37,59.7744,6529.41,59.7889,0,0,6524.4,59.4962,8.50134,2,1,8,1.8432e+07,1.8432e+07,2.82294e+06,352867,22.119,2.76488,2026-01-30T18:08:23-fbe5dda4785f,"Apple M1","Darwin 25.2.0","clang 17.0.0 (clang-1700.6.3.2)",8,2026-01-31T02:57:14,ok
original,1280,720,20,20,0,18,4,0,0,0,0.0387085,0,0.0387085,144419,26.2274,144419,26.216,0,0,0,0,8.04822,2,1,1,1.8432e+07,1.3832e+08,957770,957770,1,1,2026-01-30T18:08:23-fbe5dda4785f,"Apple M1","Darwin 25.2.0","clang 17.0.0 (clang-1700.6.3.2)",8,2026-01-31T02:57:33,ok
bvh,1280,720,20,20,0,18,4,1,0,0,0.034,0.0134585,0.0474585,58674.2,8217.49,58674.3,8217.48,0,0,0,0,8.04822,2,1,1,1.8432e+07,1.38309e+08,2.35723e+06,2.35723e+06,2.46137,2.46137,2026-01-30T18:08:23-fbe5dda4785f,"Apple M1","Darwin 25.2.0","clang 17.0.0 (clang-1700.6.3.2)",8,2026-01-31T03:04:47,ok
bvh-mt,1280,720,20,20,0,18,4,1,1,0,0.01825,0.0134375,0.0316875,23454,1694.24,23454,1694.25,0.038666,0.00618718,0,0,8.04822,2,1,4,1.8432e+07,1.38297e+08,5.8965e+06,1.47413e+06,6.15755,1.53939,2026-01-30T18:08:23-fbe5dda4785f,"Apple M1","Darwin 25.2.0","clang 17.0.0 (clang-1700.6.3.2)",8,2026-01-31T03:07:39,ok
gpu,1280,720,20,20,0,18,0,0,0,1,0.0372295,0,0.0372295,6488.95,3.59985,6488.99,3.58008,0,0,6484.94,3.14898,8.54822,2,1,8,1.8432e+07,1.8432e+07,2.84052e+06,355065,22.2562,2.78202,2026-01-30T18:08:23-fbe5dda4785f,"Apple M1","Darwin 25.2.0","clang 17.0.0 (clang-1700.6.3.2)",8,2026-01-31T03:08:44,ok
original,1280,720,20,20,0,18,5,0,0,0,0.0338125,0,0.0338125,144579,374.759,144579,374.77,0,0,0,0,8.00134,2,1,1,1.8432e+07,1.38317e+08,956692,956692,1,1,2026-01-30T18:08:23-fbe5dda4785f,"Apple M1","Darwin 25.2.0","clang 17.0.0 (clang-1700.6.3.2)",8,2026-01-31T03:09:04,ok
bvh,1280,720,20,20,0,18,5,1,0,0,0.0333755,0.010834,0.0442095,58403.7,6327.27,58403.8,6327.29,0,0,0,0,8.00134,2,1,1,1.8432e+07,1.38344e+08,2.36876e+06,2.36876e+06,2.47551,2.47551,2026-01-30T18:08:23-fbe5dda4785f,"Apple M1","Darwin 25.2.0","clang 17.0.0 (clang-1700.6.3.2)",8,2026-01-31T03:16:18,ok
bvh-mt,1280,720,20,20,0,18,5,1,1,0,0.0232715,0.0117705,0.035042,24928.3,1454.88,24928.3,1454.91,0.0580205,0.0152912,0,0,8.00134,2,1,5,1.8432e+07,1.38301e+08,5.54798e+06,1.1096e+06,5.7998,1.15996,2026-01-30T18:08:23-fbe5dda4785f,"Apple M1","Darwin 25.2.0","clang 17.0.0 (clang-1700.6.3.2)",8,2026-01-31T03:19:08,ok
gpu,1280,720,20,20,0,18,0,0,0,1,0.035354,0,0.035354,6493.81,1.24961,6493.85,1.25105,0,0,6488.45,0.702422,8.48572,2,1,8,1.8432e+07,1.8432e+07,2.83839e+06,354799,22.2641,2.78301,2026-01-30T18:08:23-fbe5dda4785f,"Apple M1","Darwin 25.2.0","clang 17.0.0 (clang-1700.6.3.2)",8,2026-01-31T03:20:18,ok
original,1280,720,20,20,0,18,6,0,0,0,0.037958,0,0.037958,144291,82.3087,144291,82.3195,0,0,0,0,8.03259,2,1,1,1.8432e+07,1.38305e+08,958516,958516,1,1,2026-01-30T18:08:23-fbe5dda4785f,"Apple M1","Darwin 25.2.0","clang 17.0.0 (clang-1700.6.3.2)",8,2026-01-31T03:20:37,ok
bvh,1280,720,20,20,0,18,6,1,0,0,0.037875,0.0107295,0.0486045,61851,8588.95,61851,8588.93,0,0,0,0,8.03259,2,1,1,1.8432e+07,1.38319e+08,2.23633e+06,2.23633e+06,2.33288,2.33288,2026-01-30T18:08:23-fbe5dda4785f,"Apple M1","Darwin 25.2.0","clang 17.0.0 (clang-1700.6.3.2)",8,2026-01-31T03:27:50,ok
bvh-mt,1280,720,20,20,0,18,6,1,1,0,0.0204795,0.010271,0.0307505,20819.5,1057.59,20819.5,1057.58,0.053542,0.00288782,0,0,8.03259,2,1,6,1.8432e+07,1.38325e+08,6.64402e+06,1.10734e+06,6.93056,1.15509,2026-01-30T18:08:23-fbe5dda4785f,"Apple M1","Darwin 25.2.0","clang 17.0.0 (clang-1700.6.3.2)",8,2026-01-31T03:30:51,ok
gpu,1280,720,20,20,0,18,0,0,0,1,0.033458,0,0.033458,6488.94,0.4387,6488.97,0.429095,0,0,6484.21,1.14872,8.54822,2,1,8,1.8432e+07,1.8432e+07,2.84053e+06,355066,22.2364,2.77956,2026-01-30T18:08:23-fbe5dda4785f,"Apple M1","Darwin 25.2.0","clang 17.0.0 (clang-1700.6.3.2)",8,2026-01-31T03:31:51,ok
original,1280,720,20,20,0,18,7,0,0,0,0.0347085,0,0.0347085,144479,15.761,144479,15.7435,0,0,0,0,8.00134,2,1,1,1.8432e+07,1.38378e+08,957771,957771,1,1,2026-01-30T18:08:23-fbe5dda4785f,"Apple M1","Darwin 25.2.0","clang 17.0.0 (clang-1700.6.3.2)",8,2026-01-31T03:32:11,ok
bvh,1280,720,20,20,0,18,7,1,0,0,0.0324375,0.0122505,0.044688,62168.4,13168.2,62168.4,13168.2,0,0,0,0,8.00134,2,1,1,1.8432e+07,1.38318e+08,2.2249e+06,2.2249e+06,2.32399,2.32399,2026-01-30T18:08:23-fbe5dda4785f,"Apple M1","Darwin 25.2.0","clang 17.0.0 (clang-1700.6.3.2)",8,2026-01-31T03:39:25,ok
bvh-mt,1280,720,20,20,0,18,7,1,1,0,0.0329165,0.01425,0.0471665,20800,194.973,20800.1,194.985,0.0690835,0.0150847,0,0,8.00134,2,1,7,1.8432e+07,1.38337e+08,6.65082e+06,950117,6.94609,0.992299,2026-01-30T18:08:23-fbe5dda4785f,"Apple M1","Darwin 25.2.0","clang 17.0.0 (clang-1700.6.3.2)",8,2026-01-31T03:42:23,ok
gpu,1280,720,20,20,0,18,0,0,0,1,0.054646,0,0.054646,6490.17,0.607492,6490.23,0.637397,0,0,6486.06,0.622431,8.50134,2,1,8,1.8432e+07,1.8432e+07,2.83999e+06,354998,22.2612,2.78265,2026-01-30T18:08:23-fbe5dda4785f,"Apple M1","Darwin 25.2.0","clang 17.0.0 (clang-1700.6.3.2)",8,2026-01-31T03:43:25,ok
original,1280,720,20,20,0,18,8,0,0,0,0.0337085,0,0.0337085,144306,41.7382,144306,41.7275,0,0,0,0,8.03259,2,1,1,1.8432e+07,1.38314e+08,958483,958483,1,1,2026-01-30T18:08:23-fbe5dda4785f,"Apple M1","Darwin 25.2.0","clang 17.0.0 (clang-1700.6.3.2)",8,2026-01-31T03:43:44,ok
bvh,1280,720,20,20,0,18,8,1,0,0,0.0353335,0.012083,0.0474165,63019.2,603.814,63019.2,603.82,0,0,0,0,8.03259,2,1,1,1.8432e+07,1.38307e+08,2.19468e+06,2.19468e+06,2.28987,2.28987,2026-01-30T18:08:23-fbe5dda4785f,"Apple M1","Darwin 25.2.0","clang 17.0.0 (clang-1700.6.3.2)",8,2026-01-31T03:50:57,ok
bvh-mt,1280,720,20,20,0,18,8,1,1,0,0.0145205,0.012438,0.0269585,18144.3,356.753,18144.3,356.753,0.074521,0.00515622,0,0,8.03259,2,1,8,1.8432e+07,1.38324e+08,7.62353e+06,952941,7.95322,0.994152,2026-01-30T18:08:23-fbe5dda4785f,"Apple M1","Darwin 25.2.0","clang 17.0.0 (clang-1700.6.3.2)",8,2026-01-31T03:54:10,ok
gpu,1280,720,20,20,0,18,0,0,0,1,0.0332085,0,0.0332085,6490.92,3.11922,6490.96,3.11433,0,0,6485.31,2.71756,8.48572,2,1,8,1.8432e+07,1.8432e+07,2.83966e+06,354957,22.2319,2.77899,2026-01-30T18:08:23-fbe5dda4785f,"Apple M1","Darwin 25.2.0","clang 17.0.0 (clang-1700.6.3.2)",8,2026-01-31T03:55:04,ok
original,1280,720,20,20,100,118,1,0,0,0,0.0412085,0,0.0412085,292853,18.4856,292853,18.493,0,0,0,0,8.03259,2,1,1,1.8432e+07,1.46015e+08,498597,498597,1,1,2026-01-30T18:08:23-fbe5dda4785f,"Apple M1","Darwin 25.2.0","clang 17.0.0 (clang-1700.6.3.2)",8,2026-01-31T03:55:24,ok
bvh,1280,720,20,20,100,118,1,1,0,0,0.048104,0.0403955,0.0884995,101075,13235.4,101075,13235.4,0,0,0,0,8.03259,2,1,1,1.8432e+07,1.46025e+08,1.44472e+06,1.44472e+06,2.89738,2.89738,2026-01-30T18:08:23-fbe5dda4785f,"Apple M1","Darwin 25.2.0","clang 17.0.0 (clang-1700.6.3.2)",8,2026-01-31T04:10:04,ok
bvh-mt,1280,720,20,20,100,118,1,1,1,0,0.042792,0.0439165,0.0867085,100552,12131.1,100552,12131.1,0,0,0,0,8.03259,2,1,1,1.8432e+07,1.4604e+08,1.45238e+06,1.45238e+06,2.91245,2.91245,2026-01-30T18:08:23-fbe5dda4785f,"Apple M1","Darwin 25.2.0","clang 17.0.0 (clang-1700.6.3.2)",8,2026-01-31T04:14:50,ok
gpu,1280,720,20,20,100,118,0,0,0,1,0.048042,0,0.048042,12926.3,60.2972,12926.4,60.3194,0,0,12922.3,59.8338,8.53259,2,1,8,1.8432e+07,1.8432e+07,1.42592e+06,178241,22.6555,2.83194,2026-01-30T18:08:23-fbe5dda4785f,"Apple M1","Darwin 25.2.0","clang 17.0.0 (clang-1700.6.3.2)",8,2026-01-31T04:19:39,ok
original,1280,720,20,20,100,118,2,0,0,0,0.048333,0,0.048333,293093,771.441,293093,771.435,0,0,0,0,8.03259,2,1,1,1.8432e+07,1.46031e+08,498240,498240,1,1,2026-01-30T18:08:23-fbe5dda4785f,"Apple M1","Darwin 25.2.0","clang 17.0.0 (clang-1700.6.3.2)",8,2026-01-31T04:20:18,ok
bvh,1280,720,20,20,100,118,2,1,0,0,0.044125,0.0410625,0.0851875,96643.4,14314.1,96643.5,14314.1,0,0,0,0,8.03259,2,1,1,1.8432e+07,1.4603e+08,1.51102e+06,1.51102e+06,3.03273,3.03273,2026-01-30T18:08:23-fbe5dda4785f,"Apple M1","Darwin 25.2.0","clang 17.0.0 (clang-1700.6.3.2)",8,2026-01-31T04:34:57,ok
bvh-mt,1280,720,20,20,100,118,2,1,1,0,0.0466455,0.0462085,0.092854,58991.3,7849.58,58991.4,7849.58,0.0247915,0.000529623,0,0,8.03259,2,1,2,1.8432e+07,1.46019e+08,2.47526e+06,1.23763e+06,4.96841,2.4842,2026-01-30T18:08:23-fbe5dda4785f,"Apple M1","Darwin 25.2.0","clang 17.0.0 (clang-1700.6.3.2)",8,2026-01-31T04:39:43,ok
gpu,1280,720,20,20,100,118,0,0,0,1,0.0658125,0,0.0658125,12895.8,8.12324,12895.9,8.1129,0,0,12890.8,7.97222,8.40759,2,1,8,1.8432e+07,1.8432e+07,1.4293e+06,178662,22.7277,2.84097,2026-01-30T18:08:23-fbe5dda4785f,"Apple M1","Darwin 25.2.0","clang 17.0.0 (clang-1700.6.3.2)",8,2026-01-31T04:42:43,ok
original,1280,720,20,20,100,118,3,0,0,0,0.035812,0,0.035812,293342,375.085,293342,375.087,0,0,0,0,8.03259,2,1,1,1.8432e+07,1.46019e+08,497776,497776,1,1,2026-01-30T18:08:23-fbe5dda4785f,"Apple M1","Darwin 25.2.0","clang 17.0.0 (clang-1700.6.3.2)",8,2026-01-31T04:43:21,ok
bvh,1280,720,20,20,100,118,3,1,0,0,0.041417,0.043896,0.085313,101478,17581.7,101478,17581.7,0,0,0,0,8.03259,2,1,1,1.8432e+07,1.46001e+08,1.43875e+06,1.43875e+06,2.8907,2.8907,2026-01-30T18:08:23-fbe5dda4785f,"Apple M1","Darwin 25.2.0","clang 17.0.0 (clang-1700.6.3.2)",8,2026-01-31T04:58:03,ok
bvh-mt,1280,720,20,20,100,118,3,1,1,0,0.0413335,0.049875,0.0912085,44799.5,1386.32,44799.6,1386.33,0.030583,0.00159099,0,0,8.03259,2,1,3,1.8432e+07,1.46028e+08,3.25958e+06,1.08653e+06,6.54788,2.18263,2026-01-30T18:08:23-fbe5dda4785f,"Apple M1","Darwin 25.2.0","clang 17.0.0 (clang-1700.6.3.2)",8,2026-01-31T05:03:01,ok
gpu,1280,720,20,20,100,118,0,0,0,1,0.072729,0,0.072729,12890.1,2.97854,12890.2,2.96726,0,0,12885.5,3.46912,8.45447,2,1,8,1.8432e+07,1.8432e+07,1.42993e+06,178741,22.7571,2.84464,2026-01-30T18:08:23-fbe5dda4785f,"Apple M1","Darwin 25.2.0","clang 17.0.0 (clang-1700.6.3.2)",8,2026-01-31T05:05:15,ok
original,1280,720,20,20,100,118,4,0,0,0,0.049479,0,0.049479,293114,148.79,293114,148.798,0,0,0,0,8.03259,2,1,1,1.8432e+07,1.46035e+08,498217,498217,1,1,2026-01-30T18:08:23-fbe5dda4785f,"Apple M1","Darwin 25.2.0","clang 17.0.0 (clang-1700.6.3.2)",8,2026-01-31T05:05:53,ok
bvh,1280,720,20,20,100,118,4,1,0,0,0.0499375,0.0408125,0.09075,104287,3713.38,104287,3713.37,0,0,0,0,8.03259,2,1,1,1.8432e+07,1.46044e+08,1.4004e+06,1.4004e+06,2.81065,2.81065,2026-01-30T18:08:23-fbe5dda4785f,"Apple M1","Darwin 25.2.0","clang 17.0.0 (clang-1700.6.3.2)",8,2026-01-31T05:20:34,ok
bvh-mt,1280,720,20,20,100,118,4,1,1,0,0.043646,0.0515835,0.0952295,39368.5,269.914,39368.6,269.918,0.0411875,0.00167938,0,0,8.03259,2,1,4,1.8432e+07,1.4601e+08,3.70881e+06,927202,7.4454,1.86135,2026-01-30T18:08:23-fbe5dda4785f,"Apple M1","Darwin 25.2.0","clang 17.0.0 (clang-1700.6.3.2)",8,2026-01-31T05:25:31,ok
gpu,1280,720,20,20,100,118,0,0,0,1,0.064771,0,0.064771,12885.2,0.787481,12885.3,0.760995,0,0,12880.9,1.29445,8.53259,2,1,8,1.8432e+07,1.8432e+07,1.43047e+06,178809,22.7481,2.84351,2026-01-30T18:08:23-fbe5dda4785f,"Apple M1","Darwin 25.2.0","clang 17.0.0 (clang-1700.6.3.2)",8,2026-01-31T05:27:22,ok
original,1280,720,20,20,100,118,5,0,0,0,0.042667,0,0.042667,293201,194.48,293201,194.468,0,0,0,0,7.93884,2,1,1,1.8432e+07,1.46021e+08,498023,498023,1,1,2026-01-30T18:08:23-fbe5dda4785f,"Apple M1","Darwin 25.2.0","clang 17.0.0 (clang-1700.6.3.2)",8,2026-01-31T05:28:01,ok
bvh,1280,720,20,20,100,118,5,1,0,0,0.0440005,0.0390415,0.083042,101283,6774.79,101283,6774.8,0,0,0,0,7.93884,2,1,1,1.8432e+07,1.45998e+08,1.44149e+06,1.44149e+06,2.89488,2.89488,2026-01-30T18:08:23-fbe5dda4785f,"Apple M1","Darwin 25.2.0","clang 17.0.0 (clang-1700.6.3.2)",8,2026-01-31T05:42:43,ok
bvh-mt,1280,720,20,20,100,118,5,1,1,0,0.041021,0.051667,0.092688,37368.9,5770.07,37369,5770.06,0.0645625,0.00332977,0,0,7.93884,2,1,5,1.8432e+07,1.46038e+08,3.908e+06,781600,7.84612,1.56922,2026-01-30T18:08:23-fbe5dda4785f,"Apple M1","Darwin 25.2.0","clang 17.0.0 (clang-1700.6.3.2)",8,2026-01-31T05:47:36,ok
gpu,1280,720,20,20,100,118,0,0,0,1,0.047333,0,0.047333,12927.6,55.7257,12927.7,55.7469,0,0,12922.8,55.5913,8.37634,2,1,8,1.8432e+07,1.8432e+07,1.42578e+06,178223,22.6802,2.83503,2026-01-30T18:08:23-fbe5dda4785f,"Apple M1","Darwin 25.2.0","clang 17.0.0 (clang-1700.6.3.2)",8,2026-01-31T05:49:29,ok
original,1280,720,20,20,100,118,6,0,0,0,0.049458,0,0.049458,293167,148.159,293167,148.167,0,0,0,0,8.01697,2,1,1,1.8432e+07,1.46066e+08,498234,498234,1,1,2026-01-30T18:08:23-fbe5dda4785f,"Apple M1","Darwin 25.2.0","clang 17.0.0 (clang-1700.6.3.2)",8,2026-01-31T05:50:08,ok
bvh,1280,720,20,20,100,118,6,1,0,0,0.045938,0.0551455,0.101083,98886.6,2367.65,98886.7,2367.67,0,0,0,0,8.01697,2,1,1,1.8432e+07,1.46027e+08,1.47672e+06,1.47672e+06,2.96468,2.96468,2026-01-30T18:08:23-fbe5dda4785f,"Apple M1","Darwin 25.2.0","clang 17.0.0 (clang-1700.6.3.2)",8,2026-01-31T06:04:50,ok
bvh-mt,1280,720,20,20,100,118,6,1,1,0,0.0370835,0.043458,0.0805415,35648.8,1845.69,35648.9,1845.69,0.062271,0.0075717,0,0,8.01697,2,1,6,1.8432e+07,1.46014e+08,4.09591e+06,682652,8.22377,1.37063,2026-01-30T18:08:23-fbe5dda4785f,"Apple M1","Darwin 25.2.0","clang 17.0.0 (clang-1700.6.3.2)",8,2026-01-31T06:09:53,ok
gpu,1280,720,20,20,100,118,0,0,0,1,0.064604,0,0.064604,12892.8,3.48916,12892.9,3.51176,0,0,12887,2.41035,8.40759,2,1,8,1.8432e+07,1.8432e+07,1.42964e+06,178704,22.7389,2.84236,2026-01-30T18:08:23-fbe5dda4785f,"Apple M1","Darwin 25.2.0","clang 17.0.0 (clang-1700.6.3.2)",8,2026-01-31T06:11:41,ok
original,1280,720,20,20,100,118,7,0,0,0,0.041729,0,0.041729,293152,130.133,293152,130.13,0,0,0,0,7.98572,2,1,1,1.8432e+07,1.46007e+08,498057,498057,1,1,2026-01-30T18:08:23-fbe5dda4785f,"Apple M1","Darwin 25.2.0","clang 17.0.0 (clang-1700.6.3.2)",8,2026-01-31T06:12:19,ok
bvh,1280,720,20,20,100,118,7,1,0,0,0.05125,0.0422505,0.0935005,106839,15190.2,106839,15190.1,0,0,0,0,7.98572,2,1,1,1.8432e+07,1.46032e+08,1.36684e+06,1.36684e+06,2.74386,2.74386,2026-01-30T18:08:23-fbe5dda4785f,"Apple M1","Darwin 25.2.0","clang 17.0.0 (clang-1700.6.3.2)",8,2026-01-31T06:27:03,ok
bvh-mt,1280,720,20,20,100,118,7,1,1,0,0.049146,0.040958,0.090104,36839.1,839.359,36839.2,839.367,0.070979,0.0139357,0,0,7.98572,2,1,7,1.8432e+07,1.46032e+08,3.96406e+06,566294,7.95765,1.13681,2026-01-30T18:08:23-fbe5dda4785f,"Apple M1","Darwin 25.2.0","clang 17.0.0 (clang-1700.6.3.2)",8,2026-01-31T06:32:23,ok
gpu,1280,720,20,20,100,118,0,0,0,1,0.049229,0,0.049229,12892.6,3.45484,12892.7,3.4125,0,0,12888.4,3.74979,8.43884,2,1,8,1.8432e+07,1.8432e+07,1.42966e+06,178707,22.738,2.84225,2026-01-30T18:08:23-fbe5dda4785f,"Apple M1","Darwin 25.2.0","clang 17.0.0 (clang-1700.6.3.2)",8,2026-01-31T06:34:05,ok
original,1280,720,20,20,100,118,8,0,0,0,0.049708,0,0.049708,293510,100.825,293510,100.832,0,0,0,0,7.98572,2,1,1,1.8432e+07,1.46008e+08,497456,497456,1,1,2026-01-30T18:08:23-fbe5dda4785f,"Apple M1","Darwin 25.2.0","clang 17.0.0 (clang-1700.6.3.2)",8,2026-01-31T06:34:44,ok
bvh,1280,720,20,20,100,118,8,1,0,0,0.0392715,0.047354,0.0866255,96841.9,15951.3,96842,15951.3,0,0,0,0,7.98572,2,1,1,1.8432e+07,1.46008e+08,1.5077e+06,1.5077e+06,3.03082,3.03082,2026-01-30T18:08:23-fbe5dda4785f,"Apple M1","Darwin 25.2.0","clang 17.0.0 (clang-1700.6.3.2)",8,2026-01-31T06:49:28,ok
bvh-mt,1280,720,20,20,100,118,8,1,1,0,0.033771,0.0490205,0.0827915,30672.7,2830.49,30672.8,2830.49,0.0829165,0.00801364,0,0,7.98572,2,1,8,1.8432e+07,1.46033e+08,4.76102e+06,595127,9.56911,1.19614,2026-01-30T18:08:23-fbe5dda4785f,"Apple M1","Darwin 25.2.0","clang 17.0.0 (clang-1700.6.3.2)",8,2026-01-31T06:54:20,ok
gpu,1280,720,20,20,100,118,0,0,0,1,0.0451245,0,0.0451245,12887.9,5.48244,12887.9,5.50636,0,0,12884.2,5.10761,8.50134,2,1,8,1.8432e+07,1.8432e+07,1.43018e+06,178773,22.7742,2.84677,2026-01-30T18:08:23-fbe5dda4785f,"Apple M1","Darwin 25.2.0","clang 17.0.0 (clang-1700.6.3.2)",8,2026-01-31T06:55:50,ok
original,1920,1080,10,10,0,18,1,0,0,0,0.037,0,0.037,119509,108.599,119509,108.586,0,0,0,0,11.3138,2,1,1,2.0736e+07,1.22243e+08,1.02287e+06,1.02287e+06,1,1,2026-01-30T18:08:23-fbe5dda4785f,"Apple M1","Darwin 25.2.0","clang 17.0.0 (clang-1700.6.3.2)",8,2026-01-31T06:56:29,ok
bvh,1920,1080,10,10,0,18,1,1,0,0,0.0293545,0.0097915,0.039146,48029.6,922.323,48029.6,922.323,0,0,0,0,11.3138,2,1,1,2.0736e+07,1.22235e+08,2.54498e+06,2.54498e+06,2.48824,2.48824,2026-01-30T18:08:23-fbe5dda4785f,"Apple M1","Darwin 25.2.0","clang 17.0.0 (clang-1700.6.3.2)",8,2026-01-31T07:02:28,ok
bvh-mt,1920,1080,10,10,0,18,1,1,1,0,0.0339585,0.0106045,0.044563,46849.1,2147.11,46849.2,2147.1,0,0,0,0,11.3138,2,1,1,2.0736e+07,1.22229e+08,2.609e+06,2.609e+06,2.55094,2.55094,2026-01-30T18:08:23-fbe5dda4785f,"Apple M1","Darwin 25.2.0","clang 17.0.0 (clang-1700.6.3.2)",8,2026-01-31T07:04:49,ok
gpu,1920,1080,10,10,0,18,0,0,0,1,0.037896,0,0.037896,3740.82,2.02132,3740.86,2.02342,0,0,3734.98,2.43519,11.8138,2,1,8,2.0736e+07,2.0736e+07,5.54317e+06,692897,31.9473,3.99341,2026-01-30T18:08:23-fbe5dda4785f,"Apple M1","Darwin 25.2.0","clang 17.0.0 (clang-1700.6.3.2)",8,2026-01-31T07:07:11,ok
original,1920,1080,10,10,0,18,2,0,0,0,0.0422295,0,0.0422295,119862,471.137,119862,471.125,0,0,0,0,11.2982,2,1,1,2.0736e+07,1.22249e+08,1.01992e+06,1.01992e+06,1,1,2026-01-30T18:08:23-fbe5dda4785f,"Apple M1","Darwin 25.2.0","clang 17.0.0 (clang-1700.6.3.2)",8,2026-01-31T07:07:22,ok
bvh,1920,1080,10,10,0,18,2,1,0,0,0.0374585,0.014958,0.0524165,48704.2,20.6992,48704.2,20.7003,0,0,0,0,11.2982,2,1,1,2.0736e+07,1.22255e+08,2.51016e+06,2.51016e+06,2.46102,2.46102,2026-01-30T18:08:23-fbe5dda4785f,"Apple M1","Darwin 25.2.0","clang 17.0.0 (clang-1700.6.3.2)",8,2026-01-31T07:13:21,ok
bvh-mt,1920,1080,10,10,0,18,2,1,1,0,0.033854,0.019604,0.053458,26028.9,485.571,26029,485.577,0.0257295,0.00503814,0,0,11.2982,2,1,2,2.0736e+07,1.22253e+08,4.69683e+06,2.34841e+06,4.60495,2.30247,2026-01-30T18:08:23-fbe5dda4785f,"Apple M1","Darwin 25.2.0","clang 17.0.0 (clang-1700.6.3.2)",8,2026-01-31T07:15:43,ok
gpu,1920,1080,10,10,0,18,0,0,0,1,0.032417,0,0.032417,3740.66,1.88088,3740.69,1.87445,0,0,3735.89,0.952826,11.8451,2,1,8,2.0736e+07,2.0736e+07,5.54341e+06,692926,32.043,4.00537,2026-01-30T18:08:23-fbe5dda4785f,"Apple M1","Darwin 25.2.0","clang 17.0.0 (clang-1700.6.3.2)",8,2026-01-31T07:17:02,ok
original,1920,1080,10,10,0,18,3,0,0,0,0.0389795,0,0.0389795,119494,4.25054,119494,4.26453,0,0,0,0,11.2826,2,1,1,2.0736e+07,1.2224e+08,1.02298e+06,1.02298e+06,1,1,2026-01-30T18:08:23-fbe5dda4785f,"Apple M1","Darwin 25.2.0","clang 17.0.0 (clang-1700.6.3.2)",8,2026-01-31T07:17:14,ok
bvh,1920,1080,10,10,0,18,3,1,0,0,0.0348125,0.014313,0.0491255,49656.2,937.676,49656.2,937.67,0,0,0,0,11.2826,2,1,1,2.0736e+07,1.22246e+08,2.46184e+06,2.46184e+06,2.40642,2.40642,2026-01-30T18:08:23-fbe5dda4785f,"Apple M1","Darwin 25.2.0","clang 17.0.0 (clang-1700.6.3.2)",8,2026-01-31T07:23:12,ok
bvh-mt,1920,1080,10,10,0,18,3,1,1,0,0.0360835,0.016021,0.0521045,20850.5,804.544,20850.5,804.535,0.0341045,0.00338775,0,0,11.2826,2,1,3,2.0736e+07,1.2227e+08,5.86413e+06,1.95471e+06,5.73098,1.91033,2026-01-30T18:08:23-fbe5dda4785f,"Apple M1","Darwin 25.2.0","clang 17.0.0 (clang-1700.6.3.2)",8,2026-01-31T07:25:37,ok
gpu,1920,1080,10,10,0,18,0,0,0,1,0.036917,0,0.036917,3736.75,1.76809,3736.78,1.77057,0,0,3732.06,1.1418,11.8295,2,1,8,2.0736e+07,2.0736e+07,5.54921e+06,693652,31.9781,3.99726,2026-01-30T18:08:23-fbe5dda4785f,"Apple M1","Darwin 25.2.0","clang 17.0.0 (clang-1700.6.3.2)",8,2026-01-31T07:26:39,ok
original,1920,1080,10,10,0,18,4,0,0,0,0.0393125,0,0.0393125,119482,135.198,119482,135.189,0,0,0,0,11.2982,2,1,1,2.0736e+07,1.2224e+08,1.02308e+06,1.02308e+06,1,1,2026-01-30T18:08:23-fbe5dda4785f,"Apple M1","Darwin 25.2.0","clang 17.0.0 (clang-1700.6.3.2)",8,2026-01-31T07:26:50,ok
bvh,1920,1080,10,10,0,18,4,1,0,0,0.0328545,0.0141875,0.047042,46145.1,115.268,46145.2,115.243,0,0,0,0,11.2982,2,1,1,2.0736e+07,1.22235e+08,2.64892e+06,2.64892e+06,2.58928,2.58928,2026-01-30T18:08:23-fbe5dda4785f,"Apple M1","Darwin 25.2.0","clang 17.0.0 (clang-1700.6.3.2)",8,2026-01-31T07:32:49,ok
bvh-mt,1920,1080,10,10,0,18,4,1,1,0,0.013312,0.009625,0.022937,20339.9,1266.93,20339.9,1266.94,0.044979,0.00674721,0,0,11.2982,2,1,4,2.0736e+07,1.22251e+08,6.01042e+06,1.50261e+06,5.8743,1.46857,2026-01-30T18:08:23-fbe5dda4785f,"Apple M1","Darwin 25.2.0","clang 17.0.0 (clang-1700.6.3.2)",8,2026-01-31T07:35:09,ok
gpu,1920,1080,10,10,0,18,0,0,0,1,0.0346455,0,0.0346455,3737.13,1.27265,3737.17,1.27403,0,0,3732.09,1.22288,11.7513,2,1,8,2.0736e+07,2.0736e+07,5.54864e+06,693580,31.9717,3.99646,2026-01-30T18:08:23-fbe5dda4785f,"Apple M1","Darwin 25.2.0","clang 17.0.0 (clang-1700.6.3.2)",8,2026-01-31T07:36:07,ok
original,1920,1080,10,10,0,18,5,0,0,0,0.0328545,0,0.0328545,119594,392.605,119594,392.613,0,0,0,0,11.2982,2,1,1,2.0736e+07,1.2223e+08,1.02204e+06,1.02204e+06,1,1,2026-01-30T18:08:23-fbe5dda4785f,"Apple M1","Darwin 25.2.0","clang 17.0.0 (clang-1700.6.3.2)",8,2026-01-31T07:36:18,ok
bvh,1920,1080,10,10,0,18,5,1,0,0,0.03725,0.010125,0.047375,44798.8,1327.3,44798.9,1327.31,0,0,0,0,11.2982,2,1,1,2.0736e+07,1.22241e+08,2.72868e+06,2.72868e+06,2.66959,2.66959,2026-01-30T18:08:23-fbe5dda4785f,"Apple M1","Darwin 25.2.0","clang 17.0.0 (clang-1700.6.3.2)",8,2026-01-31T07:42:17,ok
bvh-mt,1920,1080,10,10,0,18,5,1,1,0,0.031396,0.015375,0.046771,18891.2,119.689,18891.2,119.702,0.051271,0.00880914,0,0,11.2982,2,1,5,2.0736e+07,1.22266e+08,6.47212e+06,1.29442e+06,6.3307,1.26614,2026-01-30T18:08:23-fbe5dda4785f,"Apple M1","Darwin 25.2.0","clang 17.0.0 (clang-1700.6.3.2)",8,2026-01-31T07:44:40,ok
gpu,1920,1080,10,10,0,18,0,0,0,1,0.034479,0,0.034479,3740.7,1.62431,3740.74,1.62464,0,0,3735.52,0.837126,11.7826,2,1,8,2.0736e+07,2.0736e+07,5.54334e+06,692918,31.9711,3.99638,2026-01-30T18:08:23-fbe5dda4785f,"Apple M1","Darwin 25.2.0","clang 17.0.0 (clang-1700.6.3.2)",8,2026-01-31T07:45:35,ok
original,1920,1080,10,10,0,18,6,0,0,0,0.032271,0,0.032271,119492,3.09023,119492,3.09174,0,0,0,0,11.3295,2,1,1,2.0736e+07,1.22257e+08,1.02314e+06,1.02314e+06,1,1,2026-01-30T18:08:23-fbe5dda4785f,"Apple M1","Darwin 25.2.0","clang 17.0.0 (clang-1700.6.3.2)",8,2026-01-31T07:45:47,ok
bvh,1920,1080,10,10,0,18,6,1,0,0,0.031125,0.009958,0.041083,48130.9,4216.9,48131,4216.92,0,0,0,0,11.3295,2,1,1,2.0736e+07,1.22233e+08,2.53959e+06,2.53959e+06,2.48263,2.48263,2026-01-30T18:08:23-fbe5dda4785f,"Apple M1","Darwin 25.2.0","clang 17.0.0 (clang-1700.6.3.2)",8,2026-01-31T07:51:45,ok
bvh-mt,1920,1080,10,10,0,18,6,1,1,0,0.0328125,0.0168545,0.049667,17042.3,413.648,17042.4,413.658,0.0624375,0.00356453,0,0,11.3295,2,1,6,2.0736e+07,1.2225e+08,7.17332e+06,1.19555e+06,7.01146,1.16858,2026-01-30T18:08:23-fbe5dda4785f,"Apple M1","Darwin 25.2.0","clang 17.0.0 (clang-1700.6.3.2)",8,2026-01-31T07:54:14,ok
gpu,1920,1080,10,10,0,18,0,0,0,1,0.0242505,0,0.0242505,3738.01,4.22823,3738.03,4.24055,0,0,3734.24,3.92863,11.8295,2,1,8,2.0736e+07,2.0736e+07,5.54734e+06,693418,31.9666,3.99583,2026-01-30T18:08:23-fbe5dda4785f,"Apple M1","Darwin 25.2.0","clang 17.0.0 (clang-1700.6.3.2)",8,2026-01-31T07:55:07,ok
original,1920,1080,10,10,0,18,7,0,0,0,0.0299375,0,0.0299375,119419,4.06969,119419,4.07173,0,0,0,0,11.3295,2,1,1,2.0736e+07,1.22252e+08,1.02372e+06,1.02372e+06,1,1,2026-01-30T18:08:23-fbe5dda4785f,"Apple M1","Darwin 25.2.0","clang 17.0.0 (clang-1700.6.3.2)",8,2026-01-31T07:55:18,ok
bvh,1920,1080,10,10,0,18,7,1,0,0,0.0329375,0.0100205,0.042958,43956.2,611.064,43956.2,611.052,0,0,0,0,11.3295,2,1,1,2.0736e+07,1.22222e+08,2.78054e+06,2.78054e+06,2.71678,2.71678,2026-01-30T18:08:23-fbe5dda4785f,"Apple M1","Darwin 25.2.0","clang 17.0.0 (clang-1700.6.3.2)",8,2026-01-31T08:01:17,ok
bvh-mt,1920,1080,10,10,0,18,7,1,1,0,0.0255625,0.0123335,0.037896,17199.3,1019.9,17199.3,1019.92,0.0654375,0.00274004,0,0,11.3295,2,1,7,2.0736e+07,1.22269e+08,7.10894e+06,1.01556e+06,6.94328,0.991897,2026-01-30T18:08:23-fbe5dda4785f,"Apple M1","Darwin 25.2.0","clang 17.0.0 (clang-1700.6.3.2)",8,2026-01-31T08:03:35,ok
gpu,1920,1080,10,10,0,18,0,0,0,1,0.051104,0,0.051104,3738.14,1.94007,3738.19,1.96585,0,0,3732.75,1.46513,11.7826,2,1,8,2.0736e+07,2.0736e+07,5.54715e+06,693393,31.9462,3.99327,2026-01-30T18:08:23-fbe5dda4785f,"Apple M1","Darwin 25.2.0","clang 17.0.0 (clang-1700.6.3.2)",8,2026-01-31T08:04:25,ok
original,1920,1080,10,10,0,18,8,0,0,0,0.034604,0,0.034604,119534,30.2987,119534,30.2962,0,0,0,0,11.3295,2,1,1,2.0736e+07,1.22259e+08,1.0228e+06,1.0228e+06,1,1,2026-01-30T18:08:23-fbe5dda4785f,"Apple M1","Darwin 25.2.0","clang 17.0.0 (clang-1700.6.3.2)",8,2026-01-31T08:04:36,ok
bvh,1920,1080,10,10,0,18,8,1,0,0,0.039479,0.0112495,0.0507285,50455.3,4781.49,50455.4,4781.48,0,0,0,0,11.3295,2,1,1,2.0736e+07,1.22227e+08,2.42249e+06,2.42249e+06,2.3691,2.3691,2026-01-30T18:08:23-fbe5dda4785f,"Apple M1","Darwin 25.2.0","clang 17.0.0 (clang-1700.6.3.2)",8,2026-01-31T08:10:35,ok
bvh-mt,1920,1080,10,10,0,18,8,1,1,0,0.0278335,0.013313,0.0411465,15496.9,213.089,15496.9,213.115,0.0797085,0.00559816,0,0,11.3295,2,1,8,2.0736e+07,1.22243e+08,7.88825e+06,986032,7.71341,0.964177,2026-01-30T18:08:23-fbe5dda4785f,"Apple M1","Darwin 25.2.0","clang 17.0.0 (clang-1700.6.3.2)",8,2026-01-31T08:13:00,ok
gpu,1920,1080,10,10,0,18,0,0,0,1,0.0365,0,0.0365,3738.34,0.986355,3738.38,0.982289,0,0,3733.32,0.815176,11.7826,2,1,8,2.0736e+07,2.0736e+07,5.54685e+06,693356,31.9751,3.99688,2026-01-30T18:08:23-fbe5dda4785f,"Apple M1","Darwin 25.2.0","clang 17.0.0 (clang-1700.6.3.2)",8,2026-01-31T08:13:45,ok
original,1920,1080,10,10,100,118,1,0,0,0,0.046188,0,0.046188,238311,49.1376,238311,49.123,0,0,0,0,11.3295,2,1,1,2.0736e+07,1.24809e+08,523724,523724,1,1,2026-01-30T18:08:23-fbe5dda4785f,"Apple M1","Darwin 25.2.0","clang 17.0.0 (clang-1700.6.3.2)",8,2026-01-31T08:13:57,ok
bvh,1920,1080,10,10,100,118,1,1,0,0,0.05275,0.0419585,0.0947085,73855.1,7861.09,73855.2,7861.09,0,0,0,0,11.3295,2,1,1,2.0736e+07,1.24793e+08,1.68971e+06,1.68971e+06,3.22674,3.22674,2026-01-30T18:08:23-fbe5dda4785f,"Apple M1","Darwin 25.2.0","clang 17.0.0 (clang-1700.6.3.2)",8,2026-01-31T08:25:53,ok
bvh-mt,1920,1080,10,10,100,118,1,1,1,0,0.0369375,0.0349375,0.071875,86283.5,702.551,86283.6,702.544,0,0,0,0,11.3295,2,1,1,2.0736e+07,1.24822e+08,1.44665e+06,1.44665e+06,2.76195,2.76195,2026-01-30T18:08:23-fbe5dda4785f,"Apple M1","Darwin 25.2.0","clang 17.0.0 (clang-1700.6.3.2)",8,2026-01-31T08:29:37,ok
gpu,1920,1080,10,10,100,118,0,0,0,1,0.0671045,0,0.0671045,7364.32,1.65277,7364.39,1.63695,0,0,7359.21,1.99242,11.8295,2,1,8,2.0736e+07,2.0736e+07,2.81574e+06,351967,32.3602,4.04503,2026-01-30T18:08:23-fbe5dda4785f,"Apple M1","Darwin 25.2.0","clang 17.0.0 (clang-1700.6.3.2)",8,2026-01-31T08:33:51,ok
original,1920,1080,10,10,100,118,2,0,0,0,0.0442085,0,0.0442085,238596,383.271,238596,383.276,0,0,0,0,11.3295,2,1,1,2.0736e+07,1.24819e+08,523140,523140,1,1,2026-01-30T18:08:23-fbe5dda4785f,"Apple M1","Darwin 25.2.0","clang 17.0.0 (clang-1700.6.3.2)",8,2026-01-31T08:34:13,ok
bvh,1920,1080,10,10,100,118,2,1,0,0,0.0391665,0.0448125,0.083979,80939.6,2398.12,80939.7,2398.12,0,0,0,0,11.3295,2,1,1,2.0736e+07,1.24818e+08,1.54211e+06,1.54211e+06,2.94783,2.94783,2026-01-30T18:08:23-fbe5dda4785f,"Apple M1","Darwin 25.2.0","clang 17.0.0 (clang-1700.6.3.2)",8,2026-01-31T08:46:09,ok
bvh-mt,1920,1080,10,10,100,118,2,1,1,0,0.04375,0.0426045,0.0863545,50521,88.1745,50521.1,88.1882,0.034229,0.000854185,0,0,11.3295,2,1,2,2.0736e+07,1.24831e+08,2.47087e+06,1.23543e+06,4.72271,2.36135,2026-01-30T18:08:23-fbe5dda4785f,"Apple M1","Darwin 25.2.0","clang 17.0.0 (clang-1700.6.3.2)",8,2026-01-31T08:49:59,ok
gpu,1920,1080,10,10,100,118,0,0,0,1,0.0624375,0,0.0624375,7363.47,0.985913,7363.53,0.990421,0,0,7357.73,1.79917,11.7826,2,1,8,2.0736e+07,2.0736e+07,2.81607e+06,352008,32.4027,4.05033,2026-01-30T18:08:23-fbe5dda4785f,"Apple M1","Darwin 25.2.0","clang 17.0.0 (clang-1700.6.3.2)",8,2026-01-31T08:52:25,ok
